Metric,Hits@1,Hits@3,Hits@10,Hits@20,Hits@50,Hits@100,MRR,mrr_hit1,mrr_hit3,mrr_hit10,mrr_hit20,mrr_hit50,mrr_hit100,AUC,AP,ACC,hidden_channels, num_layers,mlp_num_layers,f_node_dim,f_edge_dim,dropout,batch_size,lr
cora_run0cqb8peb_NeoGNN_hyperb562hw6h,51.29,69.37,74.17,79.34,80.44,91.51,59.3,51.29,69.37,74.17,79.34,80.44,91.51,91.72,93.36,83.58,256,1,2,128,8,0.0,256,0.01
cora_run0cqb8peb_NeoGNN_hyper97l2qfym,51.29,69.37,69.37,74.54,83.76,91.51,59.3,51.29,69.37,69.37,74.54,83.76,91.51,91.72,93.36,83.58,256,1,2,128,8,0.0,256,0.001
cora_run0cqb8peb_NeoGNN_hyperd7m5vip4,51.29,69.37,69.37,74.54,83.76,92.25,59.3,51.29,69.37,69.37,74.54,83.76,92.25,91.72,93.36,83.58,256,1,2,128,8,0.0,256,0.0001
cora_run0cqb8peb_NeoGNN_hyperqxzetvmh,51.29,69.37,69.37,74.54,83.76,92.25,59.3,51.29,69.37,69.37,74.54,83.76,92.25,91.72,93.36,83.58,256,1,2,128,8,0.0,512,0.01
cora_run0cqb8peb_NeoGNN_hyperhijmomja,51.29,69.37,70.48,74.17,83.76,92.25,59.3,51.29,69.37,70.48,74.17,83.76,92.25,91.72,93.36,83.58,256,1,2,128,8,0.0,512,0.001
cora_run0cqb8peb_NeoGNN_hypere60nf6hu,51.29,69.37,70.48,74.17,83.76,92.25,59.3,51.29,69.37,70.48,74.17,83.76,92.25,91.72,93.36,83.58,256,1,2,128,8,0.0,512,0.0001
cora_run0cqb8peb_NeoGNN_hyper8ucjvxq7,38.38,69.37,70.48,75.65,83.76,92.25,49.99,38.38,69.37,70.48,75.65,83.76,92.25,91.72,93.56,83.58,256,1,2,128,8,0.0,1024,0.01
cora_run0cqb8peb_NeoGNN_hyper1x8k9xp6,38.38,69.37,70.48,75.65,83.76,92.25,55.81,38.38,69.37,70.48,75.65,83.76,92.25,91.72,93.56,83.58,256,1,2,128,8,0.0,1024,0.001
cora_run0cqb8peb_NeoGNN_hyperji1u1d4t,38.38,69.37,70.48,75.65,83.76,92.25,55.81,38.38,69.37,70.48,75.65,83.76,92.25,92.24,94.04,83.58,256,1,2,128,8,0.0,1024,0.0001
cora_run0cqb8peb_NeoGNN_hyper9a311qap,38.38,69.37,70.48,75.65,83.76,92.25,55.81,38.38,69.37,70.48,75.65,83.76,92.25,92.24,94.04,84.87,256,1,2,128,8,0.1,256,0.01
cora_run0cqb8peb_NeoGNN_hyperncv3g4ro,38.38,69.37,68.63,73.8,83.76,92.25,55.81,38.38,69.37,68.63,73.8,83.76,92.25,92.24,94.04,84.87,256,1,2,128,8,0.1,256,0.001
cora_run0cqb8peb_NeoGNN_hyper28ctg1ay,40.96,69.37,68.63,73.8,83.76,92.25,50.37,40.96,69.37,68.63,73.8,83.76,92.25,92.24,94.04,84.87,256,1,2,128,8,0.1,256,0.0001
cora_run0cqb8peb_NeoGNN_hyperzlujoo3w,40.96,69.37,68.63,74.17,83.76,92.25,50.37,40.96,69.37,68.63,74.17,83.76,92.25,92.24,94.04,84.87,256,1,2,128,8,0.1,512,0.01
cora_run0cqb8peb_NeoGNN_hypercielm603,41.33,69.37,68.63,74.17,83.76,92.25,51.09,41.33,69.37,68.63,74.17,83.76,92.25,92.24,94.04,84.87,256,1,2,128,8,0.1,512,0.001
cora_run0cqb8peb_NeoGNN_hyperxoei106g,42.07,69.37,68.63,74.17,83.76,92.25,51.09,42.07,69.37,68.63,74.17,83.76,92.25,92.24,94.04,84.87,256,1,2,128,8,0.1,512,0.0001
cora_run0cqb8peb_NeoGNN_hyperz9m333mz,42.07,68.27,68.63,74.54,83.76,92.25,51.09,42.07,68.27,68.63,74.54,83.76,92.25,92.24,94.04,84.87,256,1,2,128,8,0.1,1024,0.01
cora_run0cqb8peb_NeoGNN_hyperkhaafj8o,42.07,68.27,68.63,74.54,83.76,92.25,51.09,42.07,68.27,68.63,74.54,83.76,92.25,92.24,94.04,84.87,256,1,2,128,8,0.1,1024,0.001
cora_run0cqb8peb_NeoGNN_hyperzqhd824i,42.07,68.27,68.63,74.54,83.76,92.25,51.09,42.07,68.27,68.63,74.54,83.76,92.25,92.24,94.04,84.87,256,1,2,128,8,0.1,1024,0.0001
cora_run0cqb8peb_NeoGNN_hyperynwjcb0j,42.07,68.27,68.63,74.54,83.76,92.25,51.09,42.07,68.27,68.63,74.54,83.76,92.25,92.24,94.04,84.87,256,1,2,128,8,0.3,256,0.01
cora_run0cqb8peb_NeoGNN_hyperjrvqzyxv,42.07,68.27,68.63,74.54,83.76,92.25,51.09,42.07,68.27,68.63,74.54,83.76,92.25,92.24,94.04,84.87,256,1,2,128,8,0.3,256,0.001
cora_run0cqb8peb_NeoGNN_hypervy0suu3w,42.07,68.27,68.63,74.54,83.76,92.25,51.09,42.07,68.27,68.63,74.54,83.76,92.25,92.24,94.04,84.87,256,1,2,128,8,0.3,256,0.0001
cora_run0cqb8peb_NeoGNN_hypero9ifsgnh,42.07,68.27,68.63,76.01,83.76,92.25,51.09,42.07,68.27,68.63,76.01,83.76,92.25,92.24,94.04,84.87,256,1,2,128,8,0.3,512,0.01
cora_run0cqb8peb_NeoGNN_hyper0wbufq4m,42.07,68.27,68.63,76.01,83.76,92.25,51.09,42.07,68.27,68.63,76.01,83.76,92.25,92.24,94.04,84.87,256,1,2,128,8,0.3,512,0.001
cora_run0cqb8peb_NeoGNN_hyperqjghglnz,40.22,68.27,68.63,76.01,83.76,92.25,50.43,40.22,68.27,68.63,76.01,83.76,92.25,92.24,94.04,84.87,256,1,2,128,8,0.3,512,0.0001
cora_run0cqb8peb_NeoGNN_hypergvcaemtc,40.22,68.27,68.63,76.01,83.76,92.25,50.43,40.22,68.27,68.63,76.01,83.76,92.25,92.24,94.04,84.87,256,1,2,128,8,0.3,1024,0.01
cora_run0cqb8peb_NeoGNN_hyper8zm65uge,40.22,68.27,68.63,76.01,83.76,92.25,50.43,40.22,68.27,68.63,76.01,83.76,92.25,92.24,94.04,84.87,256,1,2,128,8,0.3,1024,0.001
cora_run0cqb8peb_NeoGNN_hyperqfqua67q,40.22,68.27,68.63,76.01,83.76,92.25,50.43,40.22,68.27,68.63,76.01,83.76,92.25,92.24,94.04,84.87,256,1,2,128,8,0.3,1024,0.0001
cora_run0cqb8peb_NeoGNN_hyperibig6olp,40.22,68.27,68.63,76.01,83.76,92.25,50.43,40.22,68.27,68.63,76.01,83.76,92.25,92.24,94.04,84.87,256,1,3,128,8,0.0,256,0.01
cora_run0cqb8peb_NeoGNN_hypere4ait6nc,40.22,68.27,68.63,76.01,83.76,92.25,50.43,40.22,68.27,68.63,76.01,83.76,92.25,92.24,94.04,84.87,256,1,3,128,8,0.0,256,0.001
cora_run0cqb8peb_NeoGNN_hyperup54t8t9,40.22,68.27,68.63,76.01,83.76,92.25,50.43,40.22,68.27,68.63,76.01,83.76,92.25,92.24,94.04,84.87,256,1,3,128,8,0.0,256,0.0001
cora_run0cqb8peb_NeoGNN_hypermd9ut785,40.22,68.27,68.63,76.01,83.76,92.25,50.43,40.22,68.27,68.63,76.01,83.76,92.25,92.24,94.04,84.87,256,1,3,128,8,0.0,512,0.01
cora_run0cqb8peb_NeoGNN_hyperi9hcfgua,40.22,68.27,68.63,76.01,83.76,92.25,50.43,40.22,68.27,68.63,76.01,83.76,92.25,92.24,94.04,84.87,256,1,3,128,8,0.0,512,0.001
cora_run0cqb8peb_NeoGNN_hyperpo77waw3,40.22,68.27,68.63,76.01,83.76,92.25,50.43,40.22,68.27,68.63,76.01,83.76,92.25,92.24,94.04,84.87,256,1,3,128,8,0.0,512,0.0001
cora_run0cqb8peb_NeoGNN_hyper9152iwbg,40.22,68.27,68.63,76.01,83.76,92.25,50.43,40.22,68.27,68.63,76.01,83.76,92.25,92.24,94.04,84.87,256,1,3,128,8,0.0,1024,0.01
cora_run0cqb8peb_NeoGNN_hypergopsljha,40.22,68.27,68.63,76.01,83.76,92.25,50.43,40.22,68.27,68.63,76.01,83.76,92.25,92.24,94.04,84.87,256,1,3,128,8,0.0,1024,0.001
cora_run0cqb8peb_NeoGNN_hyperkoc3dtag,40.22,68.27,68.63,76.01,83.76,92.25,50.43,40.22,68.27,68.63,76.01,83.76,92.25,92.24,94.04,84.87,256,1,3,128,8,0.0,1024,0.0001
cora_run0cqb8peb_NeoGNN_hyperykzyw8n9,40.22,68.27,68.63,76.01,83.76,92.25,50.43,40.22,68.27,68.63,76.01,83.76,92.25,92.24,94.04,84.87,256,1,3,128,8,0.1,256,0.01
cora_run0cqb8peb_NeoGNN_hyperf7kwlhpf,40.22,68.27,68.63,76.01,83.76,92.25,50.43,40.22,68.27,68.63,76.01,83.76,92.25,92.24,94.04,84.87,256,1,3,128,8,0.1,256,0.001
cora_run0cqb8peb_NeoGNN_hyperpzdden2i,40.22,68.27,68.63,76.01,83.76,92.25,50.43,40.22,68.27,68.63,76.01,83.76,92.25,92.24,94.04,84.87,256,1,3,128,8,0.1,256,0.0001
cora_run0cqb8peb_NeoGNN_hypervbulfr44,40.22,68.27,68.63,76.01,83.76,92.25,50.43,40.22,68.27,68.63,76.01,83.76,92.25,92.24,94.04,84.87,256,1,3,128,8,0.1,512,0.01
cora_run0cqb8peb_NeoGNN_hyper6niw9l4t,40.22,68.27,68.63,76.01,83.76,92.25,50.43,40.22,68.27,68.63,76.01,83.76,92.25,92.24,94.04,84.87,256,1,3,128,8,0.1,512,0.001
cora_run0cqb8peb_NeoGNN_hyperxryqhayy,40.22,68.27,68.63,76.01,83.76,92.25,50.43,40.22,68.27,68.63,76.01,83.76,92.25,92.24,94.04,84.87,256,1,3,128,8,0.1,512,0.0001
cora_run0cqb8peb_NeoGNN_hyper0jjz6xhu,40.22,68.27,68.63,76.01,83.76,92.25,50.43,40.22,68.27,68.63,76.01,83.76,92.25,92.24,94.04,84.87,256,1,3,128,8,0.1,1024,0.01
cora_run0cqb8peb_NeoGNN_hyper3wa3va7d,40.22,68.27,68.63,76.01,83.76,92.25,50.43,40.22,68.27,68.63,76.01,83.76,92.25,92.24,94.04,84.87,256,1,3,128,8,0.1,1024,0.001
cora_run0cqb8peb_NeoGNN_hyper96d3zbis,40.22,68.27,68.63,76.01,87.08,92.25,50.43,40.22,68.27,68.63,76.01,87.08,92.25,92.24,94.04,84.87,256,1,3,128,8,0.1,1024,0.0001
cora_run0cqb8peb_NeoGNN_hyper9f3bswtc,40.22,68.27,68.63,76.01,87.08,92.25,50.43,40.22,68.27,68.63,76.01,87.08,92.25,92.24,94.04,84.87,256,1,3,128,8,0.3,256,0.01
cora_run0cqb8peb_NeoGNN_hyperzv1btzih,40.22,68.27,68.63,76.01,87.08,92.25,50.43,40.22,68.27,68.63,76.01,87.08,92.25,92.24,94.04,84.87,256,1,3,128,8,0.3,256,0.001
cora_run0cqb8peb_NeoGNN_hyperi5rg28an,40.22,68.27,68.63,76.01,87.08,92.25,50.43,40.22,68.27,68.63,76.01,87.08,92.25,92.24,94.04,84.87,256,1,3,128,8,0.3,256,0.0001
cora_run0cqb8peb_NeoGNN_hyper7bi0uhoo,40.22,68.27,68.63,76.01,87.08,92.25,50.43,40.22,68.27,68.63,76.01,87.08,92.25,92.24,94.04,84.87,256,1,3,128,8,0.3,512,0.01
cora_run0cqb8peb_NeoGNN_hyper77ftx9w0,40.22,68.27,68.63,76.01,87.08,92.25,50.43,40.22,68.27,68.63,76.01,87.08,92.25,92.24,94.04,84.87,256,1,3,128,8,0.3,512,0.001
cora_run0cqb8peb_NeoGNN_hyperht8takpo,40.22,68.27,68.63,76.01,87.08,92.25,50.43,40.22,68.27,68.63,76.01,87.08,92.25,92.24,94.04,84.87,256,1,3,128,8,0.3,512,0.0001
cora_run0cqb8peb_NeoGNN_hyper06561b7n,40.22,68.27,68.63,76.01,87.08,92.25,50.43,40.22,68.27,68.63,76.01,87.08,92.25,92.24,94.04,84.87,256,1,3,128,8,0.3,1024,0.01
cora_run0cqb8peb_NeoGNN_hypermaq5vdwi,40.22,68.27,68.63,76.01,87.08,92.25,50.43,40.22,68.27,68.63,76.01,87.08,92.25,92.24,94.04,84.87,256,1,3,128,8,0.3,1024,0.001
cora_run0cqb8peb_NeoGNN_hyperwkfh0tdc,40.22,68.27,68.63,76.01,87.08,92.25,50.43,40.22,68.27,68.63,76.01,87.08,92.25,92.24,94.04,84.87,256,1,3,128,8,0.3,1024,0.0001
cora_run0cqb8peb_NeoGNN_hyperfiqyoi5t,40.22,68.27,68.63,76.01,87.08,92.25,50.43,40.22,68.27,68.63,76.01,87.08,92.25,92.24,94.04,84.87,256,2,2,128,8,0.0,256,0.01
cora_run0cqb8peb_NeoGNN_hyperouechmim,40.22,68.27,68.63,76.01,87.08,92.25,50.43,40.22,68.27,68.63,76.01,87.08,92.25,92.24,94.04,84.87,256,2,2,128,8,0.0,256,0.001
cora_run0cqb8peb_NeoGNN_hyperwci2j9kk,40.22,68.27,68.63,76.01,87.08,92.25,50.43,40.22,68.27,68.63,76.01,87.08,92.25,92.24,94.04,84.87,256,2,2,128,8,0.0,256,0.0001
cora_run0cqb8peb_NeoGNN_hyperyo67z36t,40.22,68.27,68.63,74.17,87.08,92.25,50.43,40.22,68.27,68.63,74.17,87.08,92.25,92.24,94.04,84.87,256,2,2,128,8,0.0,512,0.01
cora_run0cqb8peb_NeoGNN_hyper4qoxigbi,40.22,68.27,68.63,74.17,87.08,92.25,50.43,40.22,68.27,68.63,74.17,87.08,92.25,92.24,94.04,84.87,256,2,2,128,8,0.0,512,0.001
cora_run0cqb8peb_NeoGNN_hyperqvvjlxv1,40.22,68.27,68.63,74.17,87.08,92.25,50.43,40.22,68.27,68.63,74.17,87.08,92.25,92.24,94.04,84.87,256,2,2,128,8,0.0,512,0.0001
cora_run0cqb8peb_NeoGNN_hypermbs99edc,40.22,68.27,68.63,74.17,87.08,92.25,50.43,40.22,68.27,68.63,74.17,87.08,92.25,92.24,94.04,84.87,256,2,2,128,8,0.0,1024,0.01
cora_run0cqb8peb_NeoGNN_hyperjhcoh0mm,40.22,68.27,68.63,74.17,87.08,92.25,50.43,40.22,68.27,68.63,74.17,87.08,92.25,92.24,94.04,84.87,256,2,2,128,8,0.0,1024,0.001
cora_run0cqb8peb_NeoGNN_hyperdx557hld,40.22,68.27,68.63,74.17,87.08,92.25,50.43,40.22,68.27,68.63,74.17,87.08,92.25,92.24,94.04,84.87,256,2,2,128,8,0.0,1024,0.0001
cora_run0cqb8peb_NeoGNN_hyper7kvt5phs,40.22,68.27,68.63,74.17,87.08,92.25,50.43,40.22,68.27,68.63,74.17,87.08,92.25,92.24,94.04,84.87,256,2,2,128,8,0.1,256,0.01
cora_run0cqb8peb_NeoGNN_hyper0y6uplzr,40.22,68.27,68.63,74.17,87.08,92.25,50.43,40.22,68.27,68.63,74.17,87.08,92.25,92.24,94.04,84.87,256,2,2,128,8,0.1,256,0.001
cora_run0cqb8peb_NeoGNN_hyper4fkxam0s,40.22,68.27,68.63,74.17,87.08,92.25,50.43,40.22,68.27,68.63,74.17,87.08,92.25,92.24,94.04,84.87,256,2,2,128,8,0.1,256,0.0001
cora_run0cqb8peb_NeoGNN_hypera4v82het,40.22,68.27,68.63,74.17,87.08,92.25,50.43,40.22,68.27,68.63,74.17,87.08,92.25,92.24,94.04,84.87,256,2,2,128,8,0.1,512,0.01
cora_run0cqb8peb_NeoGNN_hyperazax2kjq,40.22,68.27,68.63,74.17,87.08,92.25,48.79,40.22,68.27,68.63,74.17,87.08,92.25,92.24,94.04,84.87,256,2,2,128,8,0.1,512,0.001
cora_run0cqb8peb_NeoGNN_hyperzt0p68s8,40.22,68.27,68.63,74.17,87.08,92.25,48.79,40.22,68.27,68.63,74.17,87.08,92.25,92.24,94.04,84.87,256,2,2,128,8,0.1,512,0.0001
cora_run0cqb8peb_NeoGNN_hyperfah564ri,40.22,68.63,68.63,74.17,87.08,92.25,48.79,40.22,68.63,68.63,74.17,87.08,92.25,92.24,94.04,84.87,256,2,2,128,8,0.1,1024,0.01
cora_run0cqb8peb_NeoGNN_hyperks72cxee,40.22,68.63,68.63,74.17,87.08,92.25,48.79,40.22,68.63,68.63,74.17,87.08,92.25,92.24,94.04,84.87,256,2,2,128,8,0.1,1024,0.001
cora_run0cqb8peb_NeoGNN_hyperrllxfzqi,40.22,68.63,68.63,74.17,87.08,92.25,48.79,40.22,68.63,68.63,74.17,87.08,92.25,92.24,94.04,84.87,256,2,2,128,8,0.1,1024,0.0001
cora_run0cqb8peb_NeoGNN_hyperjfsgzvbu,40.22,68.63,68.63,74.17,87.08,92.25,48.79,40.22,68.63,68.63,74.17,87.08,92.25,92.24,94.04,84.87,256,2,2,128,8,0.3,256,0.01
cora_run0cqb8peb_NeoGNN_hypert7u6hrdg,40.22,68.63,68.63,74.17,87.08,92.25,48.79,40.22,68.63,68.63,74.17,87.08,92.25,92.24,94.04,84.87,256,2,2,128,8,0.3,256,0.001
cora_run0cqb8peb_NeoGNN_hyper7ur5glvb,40.22,68.63,68.63,74.17,87.08,92.25,48.79,40.22,68.63,68.63,74.17,87.08,92.25,92.24,94.04,84.87,256,2,2,128,8,0.3,256,0.0001
cora_run0cqb8peb_NeoGNN_hyper3qxy0y0o,40.22,68.63,68.63,74.17,87.08,92.25,48.79,40.22,68.63,68.63,74.17,87.08,92.25,92.24,94.04,84.87,256,2,2,128,8,0.3,512,0.01
cora_run0cqb8peb_NeoGNN_hyper1ijbsvm5,40.22,68.63,68.63,74.17,87.08,92.25,48.79,40.22,68.63,68.63,74.17,87.08,92.25,92.24,94.04,84.87,256,2,2,128,8,0.3,512,0.001
cora_run0cqb8peb_NeoGNN_hyper31g07aix,40.22,68.63,68.63,74.17,87.08,92.25,48.79,40.22,68.63,68.63,74.17,87.08,92.25,92.24,94.04,84.87,256,2,2,128,8,0.3,512,0.0001
cora_run0cqb8peb_NeoGNN_hyperi8r0a12c,40.22,68.63,68.63,74.17,87.08,92.25,48.79,40.22,68.63,68.63,74.17,87.08,92.25,92.24,94.04,84.87,256,2,2,128,8,0.3,1024,0.01
cora_run0cqb8peb_NeoGNN_hypervbqz29gy,40.22,68.63,68.63,74.17,87.08,92.25,48.79,40.22,68.63,68.63,74.17,87.08,92.25,92.24,94.04,84.87,256,2,2,128,8,0.3,1024,0.001
cora_run0cqb8peb_NeoGNN_hyperjk3bws89,40.22,68.63,68.63,74.17,87.08,92.25,48.79,40.22,68.63,68.63,74.17,87.08,92.25,92.24,94.04,84.87,256,2,2,128,8,0.3,1024,0.0001
cora_run0cqb8peb_NeoGNN_hypercj0aez6z,40.22,68.63,68.63,74.17,87.08,92.25,48.79,40.22,68.63,68.63,74.17,87.08,92.25,92.24,94.04,84.87,256,2,3,128,8,0.0,256,0.01
cora_run0cqb8peb_NeoGNN_hyperm15zc5sm,40.22,68.63,68.63,74.17,87.08,92.25,48.79,40.22,68.63,68.63,74.17,87.08,92.25,92.24,94.04,84.87,256,2,3,128,8,0.0,256,0.001
cora_run0cqb8peb_NeoGNN_hyperwcdzg08e,40.22,68.63,68.63,74.17,87.08,92.25,48.79,40.22,68.63,68.63,74.17,87.08,92.25,92.24,94.04,84.87,256,2,3,128,8,0.0,256,0.0001
cora_run0cqb8peb_NeoGNN_hyper48122rte,40.22,68.63,68.63,74.17,87.08,92.25,48.79,40.22,68.63,68.63,74.17,87.08,92.25,92.24,94.04,84.87,256,2,3,128,8,0.0,512,0.01
cora_run0cqb8peb_NeoGNN_hyperqzltweq5,40.22,68.63,68.63,74.17,87.08,92.25,48.79,40.22,68.63,68.63,74.17,87.08,92.25,92.24,94.04,84.87,256,2,3,128,8,0.0,512,0.001
cora_run0cqb8peb_NeoGNN_hyper3qm3hqta,40.22,68.63,68.63,74.17,87.08,92.25,48.79,40.22,68.63,68.63,74.17,87.08,92.25,92.24,94.04,84.87,256,2,3,128,8,0.0,512,0.0001
cora_run0cqb8peb_NeoGNN_hyper3l9kpvdo,40.22,68.63,68.63,74.17,87.08,92.25,48.79,40.22,68.63,68.63,74.17,87.08,92.25,92.24,94.04,84.87,256,2,3,128,8,0.0,1024,0.01
cora_run0cqb8peb_NeoGNN_hyperx283glgl,40.22,68.63,68.63,74.17,87.08,92.25,48.79,40.22,68.63,68.63,74.17,87.08,92.25,92.24,94.04,84.87,256,2,3,128,8,0.0,1024,0.001
cora_run0cqb8peb_NeoGNN_hypero4b2243g,40.22,68.63,68.63,74.17,87.08,92.25,48.79,40.22,68.63,68.63,74.17,87.08,92.25,92.24,94.04,84.87,256,2,3,128,8,0.0,1024,0.0001
cora_run0cqb8peb_NeoGNN_hyperez851fc5,40.22,68.63,68.63,74.17,87.08,92.25,48.79,40.22,68.63,68.63,74.17,87.08,92.25,92.24,94.04,84.87,256,2,3,128,8,0.1,256,0.01
cora_run0cqb8peb_NeoGNN_hyperhtrdobjj,40.22,68.63,68.63,74.17,87.08,92.25,48.79,40.22,68.63,68.63,74.17,87.08,92.25,92.24,94.04,84.87,256,2,3,128,8,0.1,256,0.001
cora_run0cqb8peb_NeoGNN_hyperk3uqnxpk,40.22,68.63,68.63,74.17,87.08,92.25,48.79,40.22,68.63,68.63,74.17,87.08,92.25,92.24,94.04,84.87,256,2,3,128,8,0.1,256,0.0001
cora_run0cqb8peb_NeoGNN_hyperyqtkynfp,40.22,68.63,68.63,74.17,87.08,92.25,48.79,40.22,68.63,68.63,74.17,87.08,92.25,92.24,94.04,84.87,256,2,3,128,8,0.1,512,0.01
cora_run0cqb8peb_NeoGNN_hyperj48yiwc2,40.22,68.63,68.63,74.17,87.08,92.25,48.79,40.22,68.63,68.63,74.17,87.08,92.25,92.24,94.04,84.87,256,2,3,128,8,0.1,512,0.001
cora_run0cqb8peb_NeoGNN_hyper28g42epo,40.22,68.63,68.63,74.17,87.08,92.25,48.79,40.22,68.63,68.63,74.17,87.08,92.25,92.24,94.04,84.87,256,2,3,128,8,0.1,512,0.0001
cora_run0cqb8peb_NeoGNN_hypernehr3x6l,40.22,68.63,68.63,74.17,87.08,92.25,48.79,40.22,68.63,68.63,74.17,87.08,92.25,92.24,94.04,84.87,256,2,3,128,8,0.1,1024,0.01
cora_run0cqb8peb_NeoGNN_hyper0w4spxg0,40.22,68.63,68.63,74.17,87.08,92.25,48.79,40.22,68.63,68.63,74.17,87.08,92.25,92.24,94.04,84.87,256,2,3,128,8,0.1,1024,0.001
cora_run0cqb8peb_NeoGNN_hypera84l4l9n,40.22,68.63,68.63,74.17,85.98,92.25,48.79,40.22,68.63,68.63,74.17,85.98,92.25,92.24,94.04,84.87,256,2,3,128,8,0.1,1024,0.0001
cora_run0cqb8peb_NeoGNN_hyperstv58j9u,40.22,68.63,68.63,74.17,85.98,92.25,48.79,40.22,68.63,68.63,74.17,85.98,92.25,92.24,94.04,84.87,256,2,3,128,8,0.3,256,0.01
cora_run0cqb8peb_NeoGNN_hypergdomcpyg,40.22,68.63,68.63,74.17,85.98,92.25,48.79,40.22,68.63,68.63,74.17,85.98,92.25,92.24,94.04,84.87,256,2,3,128,8,0.3,256,0.001
cora_run0cqb8peb_NeoGNN_hyperdwj2vddx,40.22,68.63,68.63,74.17,85.98,92.25,48.79,40.22,68.63,68.63,74.17,85.98,92.25,92.24,94.04,84.87,256,2,3,128,8,0.3,256,0.0001
cora_run0cqb8peb_NeoGNN_hyperpj79lvbq,40.22,68.63,68.63,74.17,85.98,92.25,48.79,40.22,68.63,68.63,74.17,85.98,92.25,92.24,94.04,84.87,256,2,3,128,8,0.3,512,0.01
cora_run0cqb8peb_NeoGNN_hyperdyeqpaom,40.22,68.63,68.63,74.17,85.98,92.25,48.79,40.22,68.63,68.63,74.17,85.98,92.25,92.24,94.04,84.87,256,2,3,128,8,0.3,512,0.001
cora_run0cqb8peb_NeoGNN_hyper4gk37zqr,40.22,68.63,68.63,74.17,85.98,92.25,48.79,40.22,68.63,68.63,74.17,85.98,92.25,92.24,94.04,84.87,256,2,3,128,8,0.3,512,0.0001
cora_run0cqb8peb_NeoGNN_hyperu2j976kj,40.22,68.63,68.63,74.17,85.98,92.25,48.79,40.22,68.63,68.63,74.17,85.98,92.25,92.24,94.04,84.87,256,2,3,128,8,0.3,1024,0.01
cora_run0cqb8peb_NeoGNN_hypera0723iup,40.22,68.63,68.63,74.17,85.98,92.25,48.79,40.22,68.63,68.63,74.17,85.98,92.25,92.24,94.04,84.87,256,2,3,128,8,0.3,1024,0.001
cora_run0cqb8peb_NeoGNN_hyperzrres1qg,40.22,68.63,68.63,74.17,85.98,92.25,48.79,40.22,68.63,68.63,74.17,85.98,92.25,92.24,94.04,84.87,256,2,3,128,8,0.3,1024,0.0001
cora_run0cqb8peb_NeoGNN_hyperghw8e720,40.22,68.63,68.63,74.17,85.98,92.25,48.79,40.22,68.63,68.63,74.17,85.98,92.25,92.24,94.04,84.87,256,3,2,128,8,0.0,256,0.01
cora_run0cqb8peb_NeoGNN_hyperkljq3utx,40.22,68.63,68.63,74.17,85.98,92.25,48.79,40.22,68.63,68.63,74.17,85.98,92.25,92.24,94.04,84.87,256,3,2,128,8,0.0,256,0.001
cora_run0cqb8peb_NeoGNN_hyperyexbfaxr,40.22,68.63,68.63,74.17,85.98,92.25,48.79,40.22,68.63,68.63,74.17,85.98,92.25,92.24,94.04,84.87,256,3,2,128,8,0.0,256,0.0001
cora_run0cqb8peb_NeoGNN_hyper543ot7kc,40.22,68.63,68.63,74.17,88.56,92.25,48.79,40.22,68.63,68.63,74.17,88.56,92.25,92.24,94.04,84.87,256,3,2,128,8,0.0,512,0.01
cora_run0cqb8peb_NeoGNN_hyper6rlv4dw2,40.22,68.63,68.63,74.17,88.56,92.25,48.79,40.22,68.63,68.63,74.17,88.56,92.25,92.24,94.04,84.87,256,3,2,128,8,0.0,512,0.001
cora_run0cqb8peb_NeoGNN_hypero9qsfqf5,40.22,68.63,68.63,74.17,88.56,92.25,48.79,40.22,68.63,68.63,74.17,88.56,92.25,92.24,94.04,84.87,256,3,2,128,8,0.0,512,0.0001
cora_run0cqb8peb_NeoGNN_hypermut74x6n,40.22,68.63,67.9,74.17,88.56,92.25,48.79,40.22,68.63,67.9,74.17,88.56,92.25,92.24,94.04,84.87,256,3,2,128,8,0.0,1024,0.01
cora_run0cqb8peb_NeoGNN_hyperyd18u0ym,40.22,68.63,67.9,74.17,88.56,92.25,48.79,40.22,68.63,67.9,74.17,88.56,92.25,92.24,94.04,84.87,256,3,2,128,8,0.0,1024,0.001
cora_run0cqb8peb_NeoGNN_hyperur02112p,40.22,68.63,67.9,74.17,88.56,92.25,48.79,40.22,68.63,67.9,74.17,88.56,92.25,92.24,94.04,84.87,256,3,2,128,8,0.0,1024,0.0001
cora_run0cqb8peb_NeoGNN_hyper42qtw9wk,40.22,68.63,67.9,74.17,88.56,92.25,48.79,40.22,68.63,67.9,74.17,88.56,92.25,92.24,94.04,84.87,256,3,2,128,8,0.1,256,0.01
cora_run0cqb8peb_NeoGNN_hypers3lo05e7,40.22,68.63,67.9,74.17,88.56,92.25,48.79,40.22,68.63,67.9,74.17,88.56,92.25,92.24,94.04,84.87,256,3,2,128,8,0.1,256,0.001
cora_run0cqb8peb_NeoGNN_hyperx9o0i4hm,40.22,68.63,67.9,74.17,88.56,92.25,48.79,40.22,68.63,67.9,74.17,88.56,92.25,92.24,94.04,84.87,256,3,2,128,8,0.1,256,0.0001
cora_run0cqb8peb_NeoGNN_hyper4zcd030m,40.22,68.63,67.9,74.17,88.56,92.25,48.79,40.22,68.63,67.9,74.17,88.56,92.25,92.24,94.04,84.87,256,3,2,128,8,0.1,512,0.01
cora_run0cqb8peb_NeoGNN_hyperqmcewoh7,40.22,68.63,67.9,74.17,88.56,92.25,48.79,40.22,68.63,67.9,74.17,88.56,92.25,92.24,94.04,84.87,256,3,2,128,8,0.1,512,0.001
cora_run0cqb8peb_NeoGNN_hyper0mqon1l6,40.22,68.63,67.9,74.17,88.56,92.25,48.79,40.22,68.63,67.9,74.17,88.56,92.25,92.24,94.04,84.87,256,3,2,128,8,0.1,512,0.0001
cora_run0cqb8peb_NeoGNN_hyper7jwh6fl2,40.22,68.63,67.9,74.17,88.56,92.25,48.79,40.22,68.63,67.9,74.17,88.56,92.25,92.24,94.04,84.87,256,3,2,128,8,0.1,1024,0.01
cora_run0cqb8peb_NeoGNN_hypera4wdh7cu,40.22,68.63,67.9,74.17,88.56,92.25,48.79,40.22,68.63,67.9,74.17,88.56,92.25,92.24,94.04,84.87,256,3,2,128,8,0.1,1024,0.001
cora_run0cqb8peb_NeoGNN_hypers0efwdsc,40.22,68.63,67.9,74.17,88.56,91.51,48.79,40.22,68.63,67.9,74.17,88.56,90.41,92.24,94.04,84.87,256,3,2,128,8,0.1,1024,0.0001
cora_run0cqb8peb_NeoGNN_hyper8g4ym5j0,40.22,68.63,67.9,74.17,88.56,91.51,48.79,40.22,68.63,67.9,74.17,88.56,90.41,92.24,94.04,84.87,256,3,2,128,8,0.3,256,0.01
cora_run0cqb8peb_NeoGNN_hyperq76fp1y1,40.22,68.63,67.9,74.17,88.56,91.51,48.79,40.22,68.63,67.9,74.17,88.56,90.41,92.24,94.04,84.87,256,3,2,128,8,0.3,256,0.001
cora_run0cqb8peb_NeoGNN_hyperf7bq9stn,40.22,68.63,67.9,74.17,88.56,91.51,48.79,40.22,68.63,67.9,74.17,88.56,90.41,92.24,94.04,84.87,256,3,2,128,8,0.3,256,0.0001
cora_run0cqb8peb_NeoGNN_hyperwkx7wegw,40.22,68.63,67.9,74.17,88.56,91.51,48.79,40.22,68.63,67.9,74.17,88.56,90.41,92.24,94.04,84.87,256,3,2,128,8,0.3,512,0.01
cora_run0cqb8peb_NeoGNN_hyper9njcq1du,40.22,68.63,67.9,74.17,88.56,91.51,48.79,40.22,68.63,67.9,74.17,88.56,90.41,92.24,94.04,84.87,256,3,2,128,8,0.3,512,0.001
cora_run0cqb8peb_NeoGNN_hyperyev3qg24,40.22,68.63,67.9,74.17,88.56,91.51,48.79,40.22,68.63,67.9,74.17,88.56,90.41,92.24,94.04,84.87,256,3,2,128,8,0.3,512,0.0001
cora_run0cqb8peb_NeoGNN_hyper69ogrv8o,40.22,68.63,67.9,74.17,88.56,91.51,48.79,40.22,68.63,67.9,74.17,88.56,90.41,92.24,94.04,84.87,256,3,2,128,8,0.3,1024,0.01
cora_run0cqb8peb_NeoGNN_hyper7fn93nuk,40.22,68.63,67.9,74.17,88.56,91.51,48.79,40.22,68.63,67.9,74.17,88.56,90.41,92.24,94.04,84.87,256,3,2,128,8,0.3,1024,0.001
cora_run0cqb8peb_NeoGNN_hypergu9zqj48,40.22,68.63,67.9,74.17,88.56,91.51,48.79,40.22,68.63,67.9,74.17,88.56,90.41,92.24,94.04,84.87,256,3,2,128,8,0.3,1024,0.0001
cora_run0cqb8peb_NeoGNN_hyperkz5kyca9,40.22,68.63,67.9,74.17,88.56,91.51,48.79,40.22,68.63,67.9,74.17,88.56,90.41,92.24,94.04,84.87,256,3,3,128,8,0.0,256,0.01
cora_run0cqb8peb_NeoGNN_hypersxmeaqn1,40.22,68.63,67.9,74.17,88.56,91.51,48.79,40.22,68.63,67.9,74.17,88.56,90.41,92.24,94.04,84.87,256,3,3,128,8,0.0,256,0.001
cora_run0cqb8peb_NeoGNN_hyperpsdr8ii6,40.22,68.63,67.9,74.17,88.56,91.51,48.79,40.22,68.63,67.9,74.17,88.56,90.41,92.24,94.04,84.87,256,3,3,128,8,0.0,256,0.0001
cora_run0cqb8peb_NeoGNN_hyperst66xxg3,40.22,68.63,67.9,74.17,88.56,91.51,48.79,40.22,68.63,67.9,74.17,88.56,90.41,92.24,94.04,84.87,256,3,3,128,8,0.0,512,0.01
cora_run0cqb8peb_NeoGNN_hyperebcucv0k,40.22,68.63,67.9,74.17,88.56,91.51,48.79,40.22,68.63,67.9,74.17,88.56,90.41,92.24,94.04,84.87,256,3,3,128,8,0.0,512,0.001
cora_run0cqb8peb_NeoGNN_hyperr119xpbi,40.22,68.63,67.9,74.17,88.56,91.51,48.79,40.22,68.63,67.9,74.17,88.56,90.41,92.24,94.04,84.87,256,3,3,128,8,0.0,512,0.0001
cora_run0cqb8peb_NeoGNN_hypermtt8bkki,40.22,68.63,67.9,74.17,88.56,91.51,48.79,40.22,68.63,67.9,74.17,88.56,90.41,92.24,94.04,84.87,256,3,3,128,8,0.0,1024,0.01
cora_run0cqb8peb_NeoGNN_hyperfzvtlbta,40.22,68.63,67.9,74.17,88.56,91.51,48.79,40.22,68.63,67.9,74.17,88.56,90.41,92.24,94.04,84.87,256,3,3,128,8,0.0,1024,0.001
cora_run0cqb8peb_NeoGNN_hyperlpswdn5h,40.22,68.63,67.9,74.17,88.56,91.51,48.79,40.22,68.63,67.9,74.17,88.56,90.41,92.24,94.04,84.87,256,3,3,128,8,0.0,1024,0.0001
cora_run0cqb8peb_NeoGNN_hypersbhv82ld,40.22,68.63,67.9,74.17,88.56,91.51,48.79,40.22,68.63,67.9,74.17,88.56,90.41,92.24,94.04,84.87,256,3,3,128,8,0.1,256,0.01
cora_run0cqb8peb_NeoGNN_hyperma1l3d9d,40.22,68.63,67.9,74.17,88.56,91.51,48.79,40.22,68.63,67.9,74.17,88.56,90.41,92.24,94.04,84.87,256,3,3,128,8,0.1,256,0.001
cora_run0cqb8peb_NeoGNN_hyperzrmzt1sg,40.22,68.63,67.9,74.17,88.56,91.51,48.79,40.22,68.63,67.9,74.17,88.56,90.41,92.24,94.04,84.87,256,3,3,128,8,0.1,256,0.0001
cora_run0cqb8peb_NeoGNN_hyper2ill7pet,40.22,68.63,67.9,74.17,88.56,91.51,48.79,40.22,68.63,67.9,74.17,88.56,90.41,92.24,94.04,84.87,256,3,3,128,8,0.1,512,0.01
cora_run0cqb8peb_NeoGNN_hyperuftpqbpu,40.22,68.63,67.9,74.17,88.56,91.51,48.79,40.22,68.63,67.9,74.17,88.56,90.41,92.24,94.04,84.87,256,3,3,128,8,0.1,512,0.001
cora_run0cqb8peb_NeoGNN_hyper1hhpsp81,40.22,68.63,67.9,74.17,88.56,91.51,48.79,40.22,68.63,67.9,74.17,88.56,90.41,92.24,94.04,84.87,256,3,3,128,8,0.1,512,0.0001
cora_run0cqb8peb_NeoGNN_hyperelg5k7gd,40.22,68.63,67.9,74.17,88.56,91.51,48.79,40.22,68.63,67.9,74.17,88.56,90.41,92.24,94.04,84.87,256,3,3,128,8,0.1,1024,0.01
cora_run0cqb8peb_NeoGNN_hyperok2t5zq5,40.22,68.63,67.9,74.17,88.56,91.51,48.79,40.22,68.63,67.9,74.17,88.56,90.41,92.24,94.04,84.87,256,3,3,128,8,0.1,1024,0.001
cora_run0cqb8peb_NeoGNN_hyperp7qf7kut,40.22,68.63,67.9,74.17,88.56,91.51,48.79,40.22,68.63,67.9,74.17,88.56,90.41,92.24,94.04,84.87,256,3,3,128,8,0.1,1024,0.0001
cora_run0cqb8peb_NeoGNN_hyperjuxyrx8i,40.22,68.63,67.9,74.17,88.56,91.51,48.79,40.22,68.63,67.9,74.17,88.56,90.41,92.24,94.04,84.5,256,3,3,128,8,0.3,256,0.01
cora_run0cqb8peb_NeoGNN_hyperqsp76ve3,40.22,68.63,67.9,74.17,88.56,91.51,48.79,40.22,68.63,67.9,74.17,88.56,90.41,92.24,94.04,84.5,256,3,3,128,8,0.3,256,0.001
cora_run0cqb8peb_NeoGNN_hypero20igako,40.22,68.63,67.9,74.17,88.56,91.51,48.79,40.22,68.63,67.9,74.17,88.56,90.41,92.24,94.04,84.5,256,3,3,128,8,0.3,256,0.0001
cora_run0cqb8peb_NeoGNN_hyperr43upyq7,40.22,68.63,67.9,74.17,88.56,91.51,48.79,40.22,68.63,67.9,74.17,88.56,90.41,92.24,94.04,84.5,256,3,3,128,8,0.3,512,0.01
cora_run0cqb8peb_NeoGNN_hyperxlfjp5ld,40.22,68.63,67.9,74.17,88.56,91.51,48.79,40.22,68.63,67.9,74.17,88.56,90.41,92.24,94.04,84.5,256,3,3,128,8,0.3,512,0.001
cora_run0cqb8peb_NeoGNN_hyperyg86v2vl,40.22,68.63,67.9,74.17,88.56,91.51,48.79,40.22,68.63,67.9,74.17,88.56,90.41,92.24,94.04,84.5,256,3,3,128,8,0.3,512,0.0001
cora_run0cqb8peb_NeoGNN_hyper0oxfhtle,40.22,68.63,67.9,74.17,88.56,91.51,48.79,40.22,68.63,67.9,74.17,88.56,90.41,92.24,94.04,84.5,256,3,3,128,8,0.3,1024,0.01
cora_run0cqb8peb_NeoGNN_hyperxup46082,40.22,68.63,67.9,74.17,88.56,91.51,48.79,40.22,68.63,67.9,74.17,88.56,90.41,92.24,94.04,84.5,256,3,3,128,8,0.3,1024,0.001
cora_run0cqb8peb_NeoGNN_hyperq82v3rmk,40.22,68.63,67.9,74.17,88.56,91.51,48.79,40.22,68.63,67.9,74.17,88.56,90.41,92.24,94.04,84.5,256,3,3,128,8,0.3,1024,0.0001
cora_rung45jakd8_NeoGNN_hyperac0y3q6h,18.82,54.24,78.6,80.81,81.55,82.29,37.69,18.82,54.24,78.6,80.81,81.55,82.29,89.53,90.38,85.79,256,1,2,128,8,0.0,256,0.01
cora_rung45jakd8_NeoGNN_hyperadtpubuy,18.82,54.24,77.49,80.44,81.55,92.25,37.69,18.82,54.24,77.49,80.44,81.55,92.25,91.48,93.46,85.79,256,1,2,128,8,0.0,256,0.001
cora_rung45jakd8_NeoGNN_hyper2wi90p2p,18.82,54.24,77.49,80.44,81.55,92.25,37.69,18.82,54.24,77.49,80.44,81.55,92.25,91.48,93.46,85.79,256,1,2,128,8,0.0,256,0.0001
cora_rung45jakd8_NeoGNN_hyper143wqmlx,26.57,69.74,77.49,80.07,82.66,92.25,42.74,26.57,69.74,77.49,80.07,82.66,92.25,93.11,94.65,85.24,256,1,2,128,8,0.0,512,0.01
cora_rung45jakd8_NeoGNN_hyper3o69y2qp,26.57,69.74,77.49,80.07,82.66,92.25,42.74,26.57,69.74,77.49,80.07,82.66,92.25,93.11,94.65,85.24,256,1,2,128,8,0.0,512,0.001
cora_rung45jakd8_NeoGNN_hypersntllsxm,26.57,69.74,77.49,80.07,82.66,90.41,42.74,26.57,69.74,77.49,80.07,82.66,90.41,93.11,94.65,85.24,256,1,2,128,8,0.0,512,0.0001
cora_rung45jakd8_NeoGNN_hyper8kmlrlju,32.84,69.0,77.49,79.7,84.5,90.41,46.48,32.84,69.0,77.49,79.7,84.5,90.41,93.11,94.65,85.24,256,1,2,128,8,0.0,1024,0.01
cora_rung45jakd8_NeoGNN_hyperu7pw0guc,32.84,69.0,77.49,79.7,84.5,90.41,46.48,32.84,69.0,77.49,79.7,84.5,90.41,93.11,94.65,85.24,256,1,2,128,8,0.0,1024,0.001
cora_rung45jakd8_NeoGNN_hyperf9oo0seu,32.84,69.0,77.49,79.7,84.5,92.62,46.48,32.84,69.0,77.49,79.7,84.5,92.62,93.11,94.65,85.24,256,1,2,128,8,0.0,1024,0.0001
cora_rung45jakd8_NeoGNN_hypernech8u7l,50.55,69.0,77.12,79.7,84.5,95.2,59.25,50.55,69.0,77.12,79.7,84.5,95.2,94.27,95.27,85.24,256,1,2,128,8,0.1,256,0.01
cora_rung45jakd8_NeoGNN_hyperw8hh6hmd,50.55,69.0,77.12,79.7,84.5,95.2,59.25,50.55,69.0,77.12,79.7,84.5,95.2,94.27,95.27,85.24,256,1,2,128,8,0.1,256,0.001
cora_rung45jakd8_NeoGNN_hyperzdp4dcom,50.55,69.0,77.12,79.7,84.5,95.2,59.25,50.55,69.0,77.12,79.7,84.5,95.2,94.27,95.27,85.24,256,1,2,128,8,0.1,256,0.0001
cora_rung45jakd8_NeoGNN_hyperselt2age,50.55,49.45,77.12,79.7,84.5,95.2,59.25,50.55,49.45,77.12,79.7,84.5,95.2,94.27,95.27,85.24,256,1,2,128,8,0.1,512,0.01
cora_rung45jakd8_NeoGNN_hyperr73t6fk9,50.55,49.45,77.12,79.7,84.5,95.2,59.25,50.55,49.45,77.12,79.7,84.5,95.2,94.27,95.27,85.24,256,1,2,128,8,0.1,512,0.001
cora_rung45jakd8_NeoGNN_hyperxp3rlssa,50.55,49.45,77.12,79.7,84.5,95.2,59.25,50.55,49.45,77.12,79.7,84.5,95.2,94.27,95.27,85.24,256,1,2,128,8,0.1,512,0.0001
cora_rung45jakd8_NeoGNN_hyperovlg667d,50.55,49.45,77.12,79.7,84.5,95.2,59.25,50.55,49.45,77.12,79.7,84.5,95.2,94.27,95.27,85.98,256,1,2,128,8,0.1,1024,0.01
cora_rung45jakd8_NeoGNN_hyper46ouf7q0,50.55,49.45,77.12,79.7,84.5,95.2,59.25,50.55,49.45,77.12,79.7,84.5,95.2,94.27,95.27,85.98,256,1,2,128,8,0.1,1024,0.001
cora_rung45jakd8_NeoGNN_hyper7nktlgeb,50.55,49.45,77.12,79.7,84.5,95.2,59.25,50.55,49.45,77.12,79.7,84.5,95.2,94.27,95.27,85.98,256,1,2,128,8,0.1,1024,0.0001
cora_rung45jakd8_NeoGNN_hyperx8rimgbz,50.55,49.45,77.12,79.7,84.5,95.2,59.25,50.55,49.45,77.12,79.7,84.5,95.2,94.27,95.27,85.98,256,1,2,128,8,0.3,256,0.01
cora_rung45jakd8_NeoGNN_hyperqbrlgww1,50.55,49.45,77.12,79.7,84.5,95.2,59.25,50.55,49.45,77.12,79.7,84.5,95.2,94.27,95.27,85.98,256,1,2,128,8,0.3,256,0.001
cora_rung45jakd8_NeoGNN_hyperkif0kkog,50.55,49.45,77.12,79.7,84.5,95.2,59.25,50.55,49.45,77.12,79.7,84.5,95.2,94.27,95.27,85.98,256,1,2,128,8,0.3,256,0.0001
cora_rung45jakd8_NeoGNN_hyperg9cb7kcq,50.55,49.45,77.12,79.7,84.5,95.2,59.25,50.55,49.45,77.12,79.7,84.5,95.2,94.27,95.27,85.98,256,1,2,128,8,0.3,512,0.01
cora_rung45jakd8_NeoGNN_hyper31acr8m7,50.55,49.45,77.12,79.7,84.5,95.2,59.25,50.55,49.45,77.12,79.7,84.5,95.2,94.27,95.27,85.98,256,1,2,128,8,0.3,512,0.001
cora_rung45jakd8_NeoGNN_hyper5e17oxfg,50.55,49.45,77.12,79.7,84.5,95.2,59.25,50.55,49.45,77.12,79.7,84.5,95.2,94.27,95.27,85.98,256,1,2,128,8,0.3,512,0.0001
cora_rung45jakd8_NeoGNN_hyper1hv17y03,50.55,46.86,75.65,82.29,84.5,95.2,59.25,50.55,46.86,75.65,82.29,84.5,95.2,94.27,95.27,85.98,256,1,2,128,8,0.3,1024,0.01
cora_rung45jakd8_NeoGNN_hypercmh2cti6,50.55,46.86,75.65,82.29,84.5,95.2,59.25,50.55,46.86,75.65,82.29,84.5,95.2,94.27,95.27,85.98,256,1,2,128,8,0.3,1024,0.001
cora_rung45jakd8_NeoGNN_hyper1aopjhws,50.55,46.86,75.65,82.29,84.5,95.2,59.25,50.55,46.86,75.65,82.29,84.5,95.2,94.27,95.27,85.98,256,1,2,128,8,0.3,1024,0.0001
cora_rung45jakd8_NeoGNN_hypermt2tfint,50.55,46.86,75.65,82.29,84.5,95.2,59.25,50.55,46.86,75.65,82.29,84.5,95.2,94.27,95.27,85.98,256,1,3,128,8,0.0,256,0.01
cora_rung45jakd8_NeoGNN_hyper2g1qmfgo,50.55,46.86,75.65,82.29,84.5,95.2,59.25,50.55,46.86,75.65,82.29,84.5,95.2,94.27,95.27,85.98,256,1,3,128,8,0.0,256,0.001
cora_rung45jakd8_NeoGNN_hyper6pu39jjd,50.55,46.86,75.65,82.29,84.5,95.2,59.25,50.55,46.86,75.65,82.29,84.5,95.2,94.27,95.27,85.98,256,1,3,128,8,0.0,256,0.0001
cora_rung45jakd8_NeoGNN_hyper7dtkpx8d,50.55,68.27,75.65,82.29,84.5,95.2,59.25,50.55,68.27,75.65,82.29,84.5,95.2,94.27,95.27,85.98,256,1,3,128,8,0.0,512,0.01
cora_rung45jakd8_NeoGNN_hyperuseqt6f2,50.55,68.27,75.65,82.29,84.5,95.2,59.25,50.55,68.27,75.65,82.29,84.5,95.2,94.27,95.27,85.98,256,1,3,128,8,0.0,512,0.001
cora_rung45jakd8_NeoGNN_hyperrlcifrcf,50.55,68.27,75.65,82.29,84.5,95.2,59.25,50.55,68.27,75.65,82.29,84.5,95.2,94.27,95.27,85.98,256,1,3,128,8,0.0,512,0.0001
cora_rung45jakd8_NeoGNN_hyperjqtfnb9q,50.55,68.27,75.65,82.29,84.5,95.2,59.25,50.55,68.27,75.65,82.29,84.5,95.2,94.27,95.27,85.98,256,1,3,128,8,0.0,1024,0.01
cora_rung45jakd8_NeoGNN_hypergwm1w5lg,50.55,68.27,75.65,82.29,84.5,95.2,59.25,50.55,68.27,75.65,82.29,84.5,95.2,94.27,95.27,85.98,256,1,3,128,8,0.0,1024,0.001
cora_rung45jakd8_NeoGNN_hyperlv9k2g6d,50.55,68.27,75.65,82.29,84.5,88.93,59.25,50.55,68.27,75.65,82.29,84.5,88.19,94.27,95.27,85.98,256,1,3,128,8,0.0,1024,0.0001
cora_rung45jakd8_NeoGNN_hyperep0evfds,50.55,68.27,75.65,82.29,84.5,88.93,59.25,50.55,68.27,75.65,82.29,84.5,88.19,94.27,95.27,85.98,256,1,3,128,8,0.1,256,0.01
cora_rung45jakd8_NeoGNN_hyperwd5tmj8a,50.55,68.27,75.65,82.29,84.5,88.93,59.25,50.55,68.27,75.65,82.29,84.5,88.19,94.27,95.27,85.98,256,1,3,128,8,0.1,256,0.001
cora_rung45jakd8_NeoGNN_hyperzru3aq4y,50.55,68.27,75.65,82.29,84.5,88.93,59.25,50.55,68.27,75.65,82.29,84.5,88.19,94.27,95.27,85.98,256,1,3,128,8,0.1,256,0.0001
cora_rung45jakd8_NeoGNN_hyperj0x39wl8,50.55,68.27,75.65,82.29,84.5,88.93,59.25,50.55,68.27,75.65,82.29,84.5,88.19,94.27,95.27,85.98,256,1,3,128,8,0.1,512,0.01
cora_rung45jakd8_NeoGNN_hyper4qcf11hd,50.55,68.27,75.65,82.29,84.5,88.93,59.25,50.55,68.27,75.65,82.29,84.5,88.19,94.27,95.27,85.98,256,1,3,128,8,0.1,512,0.001
cora_rung45jakd8_NeoGNN_hyperr2qvo8dj,50.55,68.27,75.65,82.29,84.5,88.93,59.25,50.55,68.27,75.65,82.29,84.5,88.19,94.27,95.27,85.98,256,1,3,128,8,0.1,512,0.0001
cora_rung45jakd8_NeoGNN_hyperw80be1u5,50.55,68.27,75.65,82.29,84.5,88.93,59.25,50.55,68.27,75.65,82.29,84.5,88.19,94.27,95.27,85.98,256,1,3,128,8,0.1,1024,0.01
cora_rung45jakd8_NeoGNN_hyperj6vx4mo3,50.55,68.27,75.65,82.29,84.5,88.93,59.25,50.55,68.27,75.65,82.29,84.5,88.19,94.27,95.27,85.98,256,1,3,128,8,0.1,1024,0.001
cora_rung45jakd8_NeoGNN_hyperan968k9p,50.55,68.27,75.65,82.29,84.5,88.93,59.25,50.55,68.27,75.65,82.29,84.5,88.19,94.27,95.27,85.98,256,1,3,128,8,0.1,1024,0.0001
cora_rung45jakd8_NeoGNN_hypertbjbs7wi,50.55,68.27,75.65,82.29,84.5,88.93,59.25,50.55,68.27,75.65,82.29,84.5,88.19,94.27,95.27,85.98,256,1,3,128,8,0.3,256,0.01
cora_rung45jakd8_NeoGNN_hypernfdna7xs,50.55,68.27,75.65,82.29,84.5,88.93,59.25,50.55,68.27,75.65,82.29,84.5,88.19,94.27,95.27,85.98,256,1,3,128,8,0.3,256,0.001
cora_rung45jakd8_NeoGNN_hyperfosuwut5,50.55,68.27,75.65,82.29,84.5,88.93,59.25,50.55,68.27,75.65,82.29,84.5,88.19,94.27,95.27,85.98,256,1,3,128,8,0.3,256,0.0001
cora_rung45jakd8_NeoGNN_hyper7qfp32ek,50.55,68.27,75.65,82.29,84.5,88.93,59.25,50.55,68.27,75.65,82.29,84.5,88.19,94.27,95.27,85.98,256,1,3,128,8,0.3,512,0.01
cora_rung45jakd8_NeoGNN_hyperm0ljx0qh,50.55,68.27,75.65,82.29,84.5,88.93,59.25,50.55,68.27,75.65,82.29,84.5,88.19,94.27,95.27,85.98,256,1,3,128,8,0.3,512,0.001
cora_rung45jakd8_NeoGNN_hyper0bisyerx,50.55,68.27,75.65,82.29,84.5,88.93,59.25,50.55,68.27,75.65,82.29,84.5,88.19,94.27,95.27,85.98,256,1,3,128,8,0.3,512,0.0001
cora_rung45jakd8_NeoGNN_hyperebfkuquc,50.55,68.27,75.65,82.29,84.5,88.93,59.25,50.55,68.27,75.65,82.29,84.5,88.19,94.27,95.27,85.98,256,1,3,128,8,0.3,1024,0.01
cora_rung45jakd8_NeoGNN_hyper6ehx2geo,50.55,68.27,75.65,82.29,84.5,88.93,59.25,50.55,68.27,75.65,82.29,84.5,88.19,94.27,95.27,85.98,256,1,3,128,8,0.3,1024,0.001
cora_rung45jakd8_NeoGNN_hyper1lhb4ejf,50.55,68.27,75.65,82.29,84.5,88.93,59.25,50.55,68.27,75.65,82.29,84.5,88.19,94.27,95.27,85.98,256,1,3,128,8,0.3,1024,0.0001
cora_rung45jakd8_NeoGNN_hyper0kd6dxrm,50.55,68.27,75.65,82.29,87.82,88.93,59.25,50.55,68.27,75.65,82.29,87.82,88.19,94.27,95.27,85.98,256,2,2,128,8,0.0,256,0.01
cora_rung45jakd8_NeoGNN_hyperf9pv7adv,50.55,68.27,75.65,82.29,87.82,88.93,59.25,50.55,68.27,75.65,82.29,87.82,88.19,94.27,95.27,85.98,256,2,2,128,8,0.0,256,0.001
cora_rung45jakd8_NeoGNN_hyper30437lg9,50.55,68.27,75.65,82.29,87.82,88.93,59.25,50.55,68.27,75.65,82.29,87.82,88.19,94.27,95.27,85.98,256,2,2,128,8,0.0,256,0.0001
cora_rung45jakd8_NeoGNN_hyperh4ntuxz5,50.55,68.27,75.65,82.29,87.82,88.93,59.25,50.55,68.27,75.65,82.29,87.82,88.19,94.27,95.27,85.98,256,2,2,128,8,0.0,512,0.01
cora_rung45jakd8_NeoGNN_hyperm8y375et,50.55,68.27,75.65,82.29,87.82,88.93,59.25,50.55,68.27,75.65,82.29,87.82,88.19,94.27,95.27,85.98,256,2,2,128,8,0.0,512,0.001
cora_rung45jakd8_NeoGNN_hyperzq8tdw17,50.55,68.27,75.65,82.29,87.82,88.93,59.25,50.55,68.27,75.65,82.29,87.82,88.19,94.27,95.27,85.98,256,2,2,128,8,0.0,512,0.0001
cora_rung45jakd8_NeoGNN_hypermxt3bn4g,50.55,68.27,75.65,82.29,87.82,88.93,59.25,50.55,68.27,75.65,82.29,87.82,88.19,94.27,95.27,85.98,256,2,2,128,8,0.0,1024,0.01
cora_rung45jakd8_NeoGNN_hyperlw21snzk,50.55,68.27,75.65,82.29,87.82,88.93,59.25,50.55,68.27,75.65,82.29,87.82,88.19,94.27,95.27,85.98,256,2,2,128,8,0.0,1024,0.001
cora_rung45jakd8_NeoGNN_hyperqausidb7,50.55,68.27,75.65,82.29,87.82,88.93,59.25,50.55,68.27,75.65,82.29,87.82,88.19,94.27,95.27,85.98,256,2,2,128,8,0.0,1024,0.0001
cora_rung45jakd8_NeoGNN_hyper16k5s12c,50.55,68.27,75.65,82.29,87.82,88.93,59.25,50.55,68.27,75.65,82.29,87.82,88.19,94.27,95.27,85.98,256,2,2,128,8,0.1,256,0.01
cora_rung45jakd8_NeoGNN_hypere1hddv9n,50.55,68.27,75.65,82.29,87.82,88.93,59.25,50.55,68.27,75.65,82.29,87.82,88.19,94.27,95.27,85.98,256,2,2,128,8,0.1,256,0.001
cora_rung45jakd8_NeoGNN_hyper4veupm0t,50.55,68.27,75.65,82.29,87.82,88.93,59.25,50.55,68.27,75.65,82.29,87.82,88.19,94.27,95.27,85.98,256,2,2,128,8,0.1,256,0.0001
cora_rung45jakd8_NeoGNN_hyperx3ea7t91,50.55,68.27,75.65,82.29,87.82,88.93,59.25,50.55,68.27,75.65,82.29,87.82,88.19,94.27,95.27,85.98,256,2,2,128,8,0.1,512,0.01
cora_rung45jakd8_NeoGNN_hypergb0ziaym,50.55,68.27,75.65,82.29,87.82,88.93,59.25,50.55,68.27,75.65,82.29,87.82,88.19,94.27,95.27,85.98,256,2,2,128,8,0.1,512,0.001
cora_rung45jakd8_NeoGNN_hyper016g7zfw,50.55,68.27,75.65,82.29,87.82,88.93,59.25,50.55,68.27,75.65,82.29,87.82,88.19,94.27,95.27,85.98,256,2,2,128,8,0.1,512,0.0001
cora_rung45jakd8_NeoGNN_hyperliha039s,50.55,68.27,75.65,82.29,87.82,88.93,59.25,50.55,68.27,75.65,82.29,87.82,88.19,94.27,95.27,85.98,256,2,2,128,8,0.1,1024,0.01
cora_rung45jakd8_NeoGNN_hypertq8hvuha,50.55,68.27,75.65,82.29,87.82,88.93,59.25,50.55,68.27,75.65,82.29,87.82,88.19,94.27,95.27,85.98,256,2,2,128,8,0.1,1024,0.001
cora_rung45jakd8_NeoGNN_hyperxxp74lnv,50.55,68.27,75.65,82.29,87.82,88.93,59.25,50.55,68.27,75.65,82.29,87.82,88.19,94.27,95.27,85.98,256,2,2,128,8,0.1,1024,0.0001
cora_rung45jakd8_NeoGNN_hyperjnls8tj2,32.84,68.27,75.65,78.97,88.93,94.83,59.25,32.84,68.27,75.65,78.97,88.93,88.19,94.27,95.27,85.98,256,2,2,128,8,0.3,256,0.01
cora_rung45jakd8_NeoGNN_hyperpmt9ledl,32.84,68.27,75.65,78.97,88.93,94.83,59.25,32.84,68.27,75.65,78.97,88.93,88.19,94.27,95.27,85.98,256,2,2,128,8,0.3,256,0.001
cora_rung45jakd8_NeoGNN_hyperxas39szb,32.84,68.27,75.65,78.97,88.93,94.83,59.25,32.84,68.27,75.65,78.97,88.93,88.19,94.27,95.27,85.98,256,2,2,128,8,0.3,256,0.0001
cora_rung45jakd8_NeoGNN_hyper1ih5ele4,32.84,68.27,75.65,78.97,88.93,94.83,59.25,32.84,68.27,75.65,78.97,88.93,88.19,94.27,95.27,85.98,256,2,2,128,8,0.3,512,0.01
cora_rung45jakd8_NeoGNN_hyperl5unyqy4,32.84,68.27,75.65,78.97,88.93,94.83,59.25,32.84,68.27,75.65,78.97,88.93,88.19,94.27,95.27,85.98,256,2,2,128,8,0.3,512,0.001
cora_rung45jakd8_NeoGNN_hyperc8ifmhji,32.84,68.27,75.65,78.97,88.93,94.83,59.25,32.84,68.27,75.65,78.97,88.93,88.19,94.27,95.27,85.98,256,2,2,128,8,0.3,512,0.0001
cora_rung45jakd8_NeoGNN_hyper2jd12x81,32.84,68.27,75.65,78.97,88.93,94.83,59.25,32.84,68.27,75.65,78.97,88.93,88.19,94.27,95.27,85.98,256,2,2,128,8,0.3,1024,0.01
cora_rung45jakd8_NeoGNN_hyperlxogf8np,32.84,68.27,75.65,78.97,88.93,94.83,59.25,32.84,68.27,75.65,78.97,88.93,88.19,94.27,95.27,85.98,256,2,2,128,8,0.3,1024,0.001
cora_rung45jakd8_NeoGNN_hyper7ht4esns,32.84,68.27,75.65,78.97,88.93,94.83,59.25,32.84,68.27,75.65,78.97,88.93,88.19,94.27,95.27,85.98,256,2,2,128,8,0.3,1024,0.0001
cora_rung45jakd8_NeoGNN_hypernrsoq3ai,32.84,68.27,75.65,78.97,88.93,94.83,59.25,32.84,68.27,75.65,78.97,88.93,88.19,94.27,95.27,85.98,256,2,3,128,8,0.0,256,0.01
cora_rung45jakd8_NeoGNN_hyperonz3u6gx,32.84,68.27,75.65,78.97,88.93,94.83,59.25,32.84,68.27,75.65,78.97,88.93,88.19,94.27,95.27,85.98,256,2,3,128,8,0.0,256,0.001
cora_rung45jakd8_NeoGNN_hyperwlulsqoc,32.84,68.27,75.65,78.97,88.93,94.83,59.25,32.84,68.27,75.65,78.97,88.93,88.19,94.27,95.27,85.98,256,2,3,128,8,0.0,256,0.0001
cora_rung45jakd8_NeoGNN_hyperwprw5css,32.84,68.27,75.65,78.97,88.93,94.83,59.25,32.84,68.27,75.65,78.97,88.93,88.19,94.27,95.27,85.98,256,2,3,128,8,0.0,512,0.01
cora_rung45jakd8_NeoGNN_hyper36j3u7w0,32.84,68.27,75.65,78.97,88.93,94.83,59.25,32.84,68.27,75.65,78.97,88.93,88.19,94.27,95.27,85.98,256,2,3,128,8,0.0,512,0.001
cora_rung45jakd8_NeoGNN_hyperuvf888l2,32.84,68.27,75.65,78.97,88.93,94.83,59.25,32.84,68.27,75.65,78.97,88.93,88.19,94.27,95.27,85.98,256,2,3,128,8,0.0,512,0.0001
cora_rung45jakd8_NeoGNN_hyper4pnmk8j0,32.84,68.27,75.65,78.97,88.93,94.83,59.25,32.84,68.27,75.65,78.97,88.93,88.19,94.27,95.27,85.98,256,2,3,128,8,0.0,1024,0.01
cora_rung45jakd8_NeoGNN_hyperq89r3nmh,32.84,68.27,75.65,78.97,88.93,94.83,59.25,32.84,68.27,75.65,78.97,88.93,88.19,94.27,95.27,85.98,256,2,3,128,8,0.0,1024,0.001
cora_rung45jakd8_NeoGNN_hypernx6s3p6b,32.84,68.27,75.65,78.97,88.93,94.83,59.25,32.84,68.27,75.65,78.97,88.93,88.19,94.27,95.27,85.98,256,2,3,128,8,0.0,1024,0.0001
cora_rung45jakd8_NeoGNN_hyper6e5omsck,32.84,68.27,75.65,78.97,88.93,94.83,59.25,32.84,68.27,75.65,78.97,88.93,88.19,94.27,95.27,85.98,256,2,3,128,8,0.1,256,0.01
cora_rung45jakd8_NeoGNN_hyperjf853gp6,32.84,68.27,75.65,78.97,88.93,94.83,59.25,32.84,68.27,75.65,78.97,88.93,88.19,94.27,95.27,85.98,256,2,3,128,8,0.1,256,0.001
cora_rung45jakd8_NeoGNN_hyperx5m6o63e,32.84,68.27,75.65,78.97,88.93,94.83,59.25,32.84,68.27,75.65,78.97,88.93,88.19,94.27,95.27,85.98,256,2,3,128,8,0.1,256,0.0001
cora_rung45jakd8_NeoGNN_hyperfoc8ll2r,32.84,68.27,75.65,78.97,88.93,94.83,59.25,32.84,68.27,75.65,78.97,88.93,88.19,94.27,95.27,85.98,256,2,3,128,8,0.1,512,0.01
cora_rung45jakd8_NeoGNN_hyper58n6fq0e,32.84,68.27,75.65,78.97,88.93,94.83,59.25,32.84,68.27,75.65,78.97,88.93,88.19,94.27,95.27,85.98,256,2,3,128,8,0.1,512,0.001
cora_rung45jakd8_NeoGNN_hyper7clbs354,32.84,68.27,75.65,78.97,88.93,94.83,59.25,32.84,68.27,75.65,78.97,88.93,88.19,94.27,95.27,85.98,256,2,3,128,8,0.1,512,0.0001
cora_rung45jakd8_NeoGNN_hyperw8nywft0,32.84,68.27,75.65,78.97,88.93,94.83,59.25,32.84,68.27,75.65,78.97,88.93,88.19,94.27,95.27,85.98,256,2,3,128,8,0.1,1024,0.01
cora_rung45jakd8_NeoGNN_hyperftdp7liv,32.84,68.27,75.65,78.97,88.93,94.83,59.25,32.84,68.27,75.65,78.97,88.93,88.19,94.27,95.27,85.98,256,2,3,128,8,0.1,1024,0.001
cora_rung45jakd8_NeoGNN_hyperxf6fycvi,32.84,68.27,75.65,78.97,88.93,94.83,59.25,32.84,68.27,75.65,78.97,88.93,88.19,94.27,95.27,85.98,256,2,3,128,8,0.1,1024,0.0001
cora_rung45jakd8_NeoGNN_hyperun3q85ys,32.84,68.27,75.65,78.97,88.93,94.83,59.25,32.84,68.27,75.65,78.97,88.93,88.19,94.27,95.27,85.98,256,2,3,128,8,0.3,256,0.01
cora_rung45jakd8_NeoGNN_hyperjyrrmnc4,32.84,68.27,75.65,78.97,88.93,94.83,59.25,32.84,68.27,75.65,78.97,88.93,88.19,94.27,95.27,85.98,256,2,3,128,8,0.3,256,0.001
cora_rung45jakd8_NeoGNN_hyperjmxjct71,32.84,68.27,75.65,78.97,88.93,94.83,59.25,32.84,68.27,75.65,78.97,88.93,88.19,94.27,95.27,85.98,256,2,3,128,8,0.3,256,0.0001
cora_rung45jakd8_NeoGNN_hyperlsw4vsxc,32.84,68.27,75.65,78.97,88.93,94.83,59.25,32.84,68.27,75.65,78.97,88.93,88.19,94.27,95.27,85.98,256,2,3,128,8,0.3,512,0.01
cora_rung45jakd8_NeoGNN_hyperhvh5vlmv,32.84,68.27,75.65,78.97,88.93,94.83,59.25,32.84,68.27,75.65,78.97,88.93,88.19,94.27,95.27,85.98,256,2,3,128,8,0.3,512,0.001
cora_rung45jakd8_NeoGNN_hyper8p0guckv,32.84,68.27,75.65,78.97,88.93,94.83,59.25,32.84,68.27,75.65,78.97,88.93,88.19,94.27,95.27,85.98,256,2,3,128,8,0.3,512,0.0001
cora_rung45jakd8_NeoGNN_hyperopffvzxn,32.84,68.27,75.65,78.97,88.93,94.83,59.25,32.84,68.27,75.65,78.97,88.93,88.19,94.27,95.27,85.98,256,2,3,128,8,0.3,1024,0.01
cora_rung45jakd8_NeoGNN_hyper8hd8nvm1,32.84,68.27,75.65,78.97,88.93,94.83,59.25,32.84,68.27,75.65,78.97,88.93,88.19,94.27,95.27,85.98,256,2,3,128,8,0.3,1024,0.001
cora_rung45jakd8_NeoGNN_hyperfhanpxve,32.84,68.27,75.65,78.97,88.93,94.83,59.25,32.84,68.27,75.65,78.97,88.93,88.19,94.27,95.27,85.98,256,2,3,128,8,0.3,1024,0.0001
cora_rung45jakd8_NeoGNN_hyper0svkmi33,32.84,68.27,75.65,78.97,88.93,94.83,59.25,32.84,68.27,75.65,78.97,88.93,88.19,94.27,95.27,85.98,256,3,2,128,8,0.0,256,0.01
cora_rung45jakd8_NeoGNN_hyperxd51oxc2,32.84,68.27,75.65,78.97,88.93,94.83,59.25,32.84,68.27,75.65,78.97,88.93,88.19,94.27,95.27,85.98,256,3,2,128,8,0.0,256,0.001
cora_rung45jakd8_NeoGNN_hypereaehinvl,32.84,68.27,75.65,78.97,88.93,94.83,59.25,32.84,68.27,75.65,78.97,88.93,88.19,94.27,95.27,85.98,256,3,2,128,8,0.0,256,0.0001
cora_rung45jakd8_NeoGNN_hypera49t3pi2,32.84,68.27,75.65,78.97,88.93,94.83,59.25,32.84,68.27,75.65,78.97,88.93,88.19,94.27,95.27,85.98,256,3,2,128,8,0.0,512,0.01
cora_rung45jakd8_NeoGNN_hyper69z0nz6z,32.84,68.27,75.65,78.97,88.93,94.83,59.25,32.84,68.27,75.65,78.97,88.93,88.19,94.27,95.27,85.98,256,3,2,128,8,0.0,512,0.001
cora_rung45jakd8_NeoGNN_hyperjektyf87,32.84,68.27,75.65,78.97,88.93,94.83,59.25,32.84,68.27,75.65,78.97,88.93,88.19,94.27,95.27,85.98,256,3,2,128,8,0.0,512,0.0001
cora_rung45jakd8_NeoGNN_hyper4p01xl1j,32.84,68.27,75.65,78.97,88.93,94.83,59.25,32.84,68.27,75.65,78.97,88.93,88.19,94.27,95.27,85.98,256,3,2,128,8,0.0,1024,0.01
cora_rung45jakd8_NeoGNN_hyperlyvuhsxb,32.84,68.27,75.65,78.97,88.93,94.83,59.25,32.84,68.27,75.65,78.97,88.93,88.19,94.27,95.27,85.98,256,3,2,128,8,0.0,1024,0.001
cora_rung45jakd8_NeoGNN_hyperfbjllvgq,32.84,68.27,75.65,78.97,88.93,94.83,59.25,32.84,68.27,75.65,78.97,88.93,88.19,94.27,95.27,85.98,256,3,2,128,8,0.0,1024,0.0001
cora_rung45jakd8_NeoGNN_hypermof854s3,32.84,68.27,75.65,78.97,88.93,94.83,59.25,32.84,68.27,75.65,78.97,88.93,88.19,94.27,95.27,85.98,256,3,2,128,8,0.1,256,0.01
cora_rung45jakd8_NeoGNN_hyper8ppjtq0u,32.84,68.27,75.65,78.97,88.93,94.83,59.25,32.84,68.27,75.65,78.97,88.93,88.19,94.27,95.27,85.98,256,3,2,128,8,0.1,256,0.001
cora_rung45jakd8_NeoGNN_hyper08lcb3c5,32.84,68.27,75.65,78.97,88.93,94.83,59.25,32.84,68.27,75.65,78.97,88.93,88.19,94.27,95.27,85.98,256,3,2,128,8,0.1,256,0.0001
cora_rung45jakd8_NeoGNN_hyperoowdkajy,32.84,68.27,75.65,78.97,88.93,94.83,59.25,32.84,68.27,75.65,78.97,88.93,88.19,94.27,95.27,85.98,256,3,2,128,8,0.1,512,0.01
cora_rung45jakd8_NeoGNN_hyperst5tp45h,32.84,68.27,75.65,78.97,88.93,94.83,59.25,32.84,68.27,75.65,78.97,88.93,88.19,94.27,95.27,85.98,256,3,2,128,8,0.1,512,0.001
cora_rung45jakd8_NeoGNN_hyperitybblfq,32.84,68.27,75.65,78.97,88.93,94.83,59.25,32.84,68.27,75.65,78.97,88.93,88.19,94.27,95.27,85.98,256,3,2,128,8,0.1,512,0.0001
cora_rung45jakd8_NeoGNN_hyperwq91gfuk,32.84,68.27,75.65,78.97,88.93,94.83,59.25,32.84,68.27,75.65,78.97,88.93,88.19,94.27,95.27,85.98,256,3,2,128,8,0.1,1024,0.01
cora_rung45jakd8_NeoGNN_hypernmnbpzs6,32.84,68.27,75.65,78.97,88.93,94.83,59.25,32.84,68.27,75.65,78.97,88.93,88.19,94.27,95.27,85.98,256,3,2,128,8,0.1,1024,0.001
cora_rung45jakd8_NeoGNN_hyperha49h34a,32.84,68.27,75.65,78.97,88.93,94.83,59.25,32.84,68.27,75.65,78.97,88.93,88.19,94.27,95.27,85.98,256,3,2,128,8,0.1,1024,0.0001
cora_rung45jakd8_NeoGNN_hyperl85svjkm,32.84,68.27,75.65,78.97,88.93,94.83,59.25,32.84,68.27,75.65,78.97,88.93,88.19,94.27,95.27,85.98,256,3,2,128,8,0.3,256,0.01
cora_rung45jakd8_NeoGNN_hypercrtf4ooq,32.84,68.27,75.65,78.97,88.93,94.83,59.25,32.84,68.27,75.65,78.97,88.93,88.19,94.27,95.27,85.98,256,3,2,128,8,0.3,256,0.001
cora_rung45jakd8_NeoGNN_hyperv85ynlns,32.84,68.27,75.65,78.97,88.93,94.83,59.25,32.84,68.27,75.65,78.97,88.93,88.19,94.27,95.27,85.98,256,3,2,128,8,0.3,256,0.0001
cora_rung45jakd8_NeoGNN_hyperqyc2x9u5,32.84,68.27,75.65,78.97,88.93,94.83,59.25,32.84,68.27,75.65,78.97,88.93,88.19,94.27,95.27,85.98,256,3,2,128,8,0.3,512,0.01
cora_rung45jakd8_NeoGNN_hyperkojmu0sc,32.84,68.27,75.65,78.97,88.93,94.83,59.25,32.84,68.27,75.65,78.97,88.93,88.19,94.27,95.27,85.98,256,3,2,128,8,0.3,512,0.001
cora_rung45jakd8_NeoGNN_hyperxe6k02zx,32.84,68.27,75.65,78.97,88.93,94.83,59.25,32.84,68.27,75.65,78.97,88.93,88.19,94.27,95.27,85.98,256,3,2,128,8,0.3,512,0.0001
cora_rung45jakd8_NeoGNN_hyperi5tcrje8,9.23,68.27,75.65,78.97,88.93,94.83,59.25,9.23,68.27,75.65,78.97,88.93,88.19,94.27,95.27,85.98,256,3,2,128,8,0.3,1024,0.01
cora_rung45jakd8_NeoGNN_hyper6nmp192u,9.23,68.27,75.65,78.97,88.93,94.83,59.25,9.23,68.27,75.65,78.97,88.93,88.19,94.27,95.27,85.98,256,3,2,128,8,0.3,1024,0.001
cora_rung45jakd8_NeoGNN_hyperhavsu1su,9.23,68.27,75.65,78.97,88.93,94.83,59.25,9.23,68.27,75.65,78.97,88.93,88.19,94.27,95.27,85.98,256,3,2,128,8,0.3,1024,0.0001
cora_rung45jakd8_NeoGNN_hyper5htaqnpb,9.23,68.27,75.65,78.97,88.93,94.83,59.25,9.23,68.27,75.65,78.97,88.93,88.19,94.27,95.27,85.98,256,3,3,128,8,0.0,256,0.01
cora_rung45jakd8_NeoGNN_hyperyjsf0cbe,9.23,68.27,75.65,78.97,88.93,94.83,59.25,9.23,68.27,75.65,78.97,88.93,88.19,94.27,95.27,85.98,256,3,3,128,8,0.0,256,0.001
cora_rung45jakd8_NeoGNN_hyper4h2ewugr,9.23,68.27,75.65,78.97,88.93,94.83,59.25,9.23,68.27,75.65,78.97,88.93,88.19,94.27,95.27,85.98,256,3,3,128,8,0.0,256,0.0001
cora_rung45jakd8_NeoGNN_hyperl7u3w013,9.23,68.27,75.65,78.97,88.93,94.83,59.25,9.23,68.27,75.65,78.97,88.93,88.19,94.27,95.27,85.98,256,3,3,128,8,0.0,512,0.01
cora_rung45jakd8_NeoGNN_hyperz0u1gq5n,9.23,68.27,75.65,78.97,88.93,94.83,59.25,9.23,68.27,75.65,78.97,88.93,88.19,94.27,95.27,85.98,256,3,3,128,8,0.0,512,0.001
cora_rung45jakd8_NeoGNN_hyper6q8vfopd,9.23,68.27,75.65,78.97,88.93,94.83,59.25,9.23,68.27,75.65,78.97,88.93,88.19,94.27,95.27,85.98,256,3,3,128,8,0.0,512,0.0001
cora_rung45jakd8_NeoGNN_hyperj4gqlogc,9.23,68.27,75.65,78.97,88.93,94.83,59.25,9.23,68.27,75.65,78.97,88.93,88.19,94.27,95.27,85.98,256,3,3,128,8,0.0,1024,0.01
cora_rung45jakd8_NeoGNN_hypermnmnbgsm,9.23,68.27,75.65,78.97,88.93,94.83,59.25,9.23,68.27,75.65,78.97,88.93,88.19,94.27,95.27,85.98,256,3,3,128,8,0.0,1024,0.001
cora_rung45jakd8_NeoGNN_hyperlk3yp3nr,9.23,68.27,75.65,78.97,88.93,94.83,59.25,9.23,68.27,75.65,78.97,88.93,88.19,94.27,95.27,85.98,256,3,3,128,8,0.0,1024,0.0001
cora_rung45jakd8_NeoGNN_hyperf3opbcvn,9.23,68.27,75.65,78.97,88.93,94.83,59.25,9.23,68.27,75.65,78.97,88.93,88.19,94.27,95.27,85.98,256,3,3,128,8,0.1,256,0.01
cora_rung45jakd8_NeoGNN_hyperrzraf32g,9.23,68.27,75.65,78.97,88.93,94.83,59.25,9.23,68.27,75.65,78.97,88.93,88.19,94.27,95.27,85.98,256,3,3,128,8,0.1,256,0.001
cora_rung45jakd8_NeoGNN_hyperjtso8s2t,9.23,68.27,75.65,78.97,88.93,94.83,59.25,9.23,68.27,75.65,78.97,88.93,88.19,94.27,95.27,85.98,256,3,3,128,8,0.1,256,0.0001
cora_rung45jakd8_NeoGNN_hyperez9noyvg,9.23,68.27,75.65,78.97,88.93,94.83,59.25,9.23,68.27,75.65,78.97,88.93,88.19,94.27,95.27,85.98,256,3,3,128,8,0.1,512,0.01
cora_rung45jakd8_NeoGNN_hypergzwi60z4,9.23,68.27,75.65,78.97,88.93,94.83,59.25,9.23,68.27,75.65,78.97,88.93,88.19,94.27,95.27,85.98,256,3,3,128,8,0.1,512,0.001
cora_rung45jakd8_NeoGNN_hyperaf9lxc4k,9.23,68.27,75.65,78.97,88.93,94.83,59.25,9.23,68.27,75.65,78.97,88.93,88.19,94.27,95.27,85.98,256,3,3,128,8,0.1,512,0.0001
cora_rung45jakd8_NeoGNN_hyperbz89p62l,9.23,68.27,75.65,78.97,88.93,94.83,59.25,9.23,68.27,75.65,78.97,88.93,88.19,94.27,95.27,85.98,256,3,3,128,8,0.1,1024,0.01
cora_rung45jakd8_NeoGNN_hyper3rwnrzp1,9.23,68.27,75.65,78.97,88.93,94.83,59.25,9.23,68.27,75.65,78.97,88.93,88.19,94.27,95.27,85.98,256,3,3,128,8,0.1,1024,0.001
cora_rung45jakd8_NeoGNN_hyperdps6tjuq,9.23,68.27,75.65,78.97,88.93,94.83,59.25,9.23,68.27,75.65,78.97,88.93,88.19,94.27,95.27,85.98,256,3,3,128,8,0.1,1024,0.0001
cora_rung45jakd8_NeoGNN_hyperwmagaych,9.23,68.27,75.65,78.97,88.93,94.83,59.25,9.23,68.27,75.65,78.97,88.93,88.19,94.27,95.27,85.98,256,3,3,128,8,0.3,256,0.01
cora_rung45jakd8_NeoGNN_hyperhvsa5eyv,9.23,68.27,75.65,78.97,88.93,94.83,59.25,9.23,68.27,75.65,78.97,88.93,88.19,94.27,95.27,85.98,256,3,3,128,8,0.3,256,0.001
cora_rung45jakd8_NeoGNN_hyper27quhosr,9.23,68.27,75.65,78.97,88.93,94.83,59.25,9.23,68.27,75.65,78.97,88.93,88.19,94.27,95.27,85.98,256,3,3,128,8,0.3,256,0.0001
cora_rung45jakd8_NeoGNN_hyper3khkluw9,9.23,68.27,75.65,78.97,88.93,94.83,59.25,9.23,68.27,75.65,78.97,88.93,88.19,94.27,95.27,85.98,256,3,3,128,8,0.3,512,0.01
cora_rung45jakd8_NeoGNN_hyperip0hb9am,9.23,68.27,75.65,78.97,88.93,94.83,59.25,9.23,68.27,75.65,78.97,88.93,88.19,94.27,95.27,85.98,256,3,3,128,8,0.3,512,0.001
cora_rung45jakd8_NeoGNN_hyperv4uka18r,9.23,68.27,75.65,78.97,88.93,94.83,59.25,9.23,68.27,75.65,78.97,88.93,88.19,94.27,95.27,85.98,256,3,3,128,8,0.3,512,0.0001
cora_rung45jakd8_NeoGNN_hyper6sk4ac49,9.23,68.27,75.65,78.97,88.93,94.83,59.25,9.23,68.27,75.65,78.97,88.93,88.19,94.27,95.27,85.98,256,3,3,128,8,0.3,1024,0.01
cora_rung45jakd8_NeoGNN_hyperqe9c0tvv,9.23,68.27,75.65,78.97,88.93,94.83,59.25,9.23,68.27,75.65,78.97,88.93,88.19,94.27,95.27,85.98,256,3,3,128,8,0.3,1024,0.001
cora_rung45jakd8_NeoGNN_hyperqgrs06vz,9.23,68.27,75.65,78.97,88.93,94.83,59.25,9.23,68.27,75.65,78.97,88.93,88.19,94.27,95.27,85.98,256,3,3,128,8,0.3,1024,0.0001
Best,51.29,69.74,78.6,82.29,88.93,95.2,59.3,51.29,69.74,78.6,82.29,88.93,95.2,94.27,95.27,85.98,256,3,3,128,8,0.3,1024,0.01
