Metric,Hits@1,Hits@3,Hits@10,Hits@20,Hits@50,Hits@100,MRR,mrr_hit1,mrr_hit3,mrr_hit10,mrr_hit20,mrr_hit50,mrr_hit100,AUC,AP,ACC,hidden_channels,batch_size,lr,max_hash_hops,label_dropout,feature_dropout
pubmed_run84spsww8_ELPH_hyperlz6lb0fa,18.86,27.12,46.93,49.68,56.36,65.88,26.95,18.86,27.12,46.93,49.68,56.36,65.88,91.88,92.69,54.38,128,512,0.01,2,0.1,0.1
pubmed_run84spsww8_ELPH_hyperfli7mr2i,19.0,27.12,46.93,44.72,56.36,62.91,27.2,19.0,27.12,46.93,44.72,56.36,62.91,91.88,92.69,54.38,128,512,0.01,2,0.1,0.3
pubmed_run84spsww8_ELPH_hyper0ag9xnmb,19.0,27.12,46.93,44.72,56.36,62.91,27.2,19.0,27.12,46.93,44.72,56.36,62.91,91.88,92.69,54.38,128,512,0.01,2,0.1,0.5
pubmed_run84spsww8_ELPH_hyperaw7pje1s,19.0,27.12,46.93,46.16,56.36,62.91,27.2,19.0,27.12,46.93,46.16,56.36,62.91,93.36,94.11,54.38,128,512,0.01,2,0.3,0.1
pubmed_run84spsww8_ELPH_hyper820one91,19.0,27.12,46.93,46.16,56.36,65.93,27.2,19.0,27.12,46.93,46.16,56.36,65.93,93.36,94.11,54.38,128,512,0.01,2,0.3,0.3
pubmed_run84spsww8_ELPH_hyperylihyqzn,19.0,26.71,43.41,46.16,56.36,65.93,27.2,19.0,26.71,43.41,46.16,56.36,65.93,93.32,94.11,54.38,128,512,0.01,2,0.3,0.5
pubmed_run84spsww8_ELPH_hyperpi5k0esz,22.16,33.08,44.4,47.29,56.36,65.93,27.62,22.16,33.08,44.4,47.29,56.36,65.93,93.32,94.11,54.38,128,512,0.01,2,0.5,0.1
pubmed_run84spsww8_ELPH_hyperr1vpvy85,22.16,28.61,44.4,47.29,56.36,65.93,27.62,22.16,28.61,44.4,47.29,56.36,65.93,93.32,94.11,54.38,128,512,0.01,2,0.5,0.3
pubmed_run84spsww8_ELPH_hyper1lan131h,22.16,28.61,44.4,47.29,56.36,65.93,27.62,22.16,28.61,44.4,47.29,56.36,65.93,93.32,94.11,54.38,128,512,0.01,2,0.5,0.5
pubmed_run84spsww8_ELPH_hyperi06tcrpj,22.16,28.61,44.4,47.29,56.36,65.93,27.62,22.16,28.61,44.4,47.29,56.36,65.93,93.32,94.11,69.4,128,512,0.01,3,0.1,0.1
pubmed_run84spsww8_ELPH_hypericlxdg40,22.16,28.61,44.4,47.29,56.36,65.93,27.62,22.16,28.61,44.4,47.29,56.36,65.93,93.32,94.11,69.4,128,512,0.01,3,0.1,0.3
pubmed_run84spsww8_ELPH_hyperucasnuha,22.16,28.61,44.4,47.29,56.36,65.93,27.62,22.16,28.61,44.4,47.29,56.36,65.93,93.32,94.11,69.4,128,512,0.01,3,0.1,0.5
pubmed_run84spsww8_ELPH_hyper1012u93b,22.16,28.61,44.4,47.29,56.36,65.93,27.62,22.16,28.61,44.4,47.29,56.36,65.93,93.32,94.11,69.02,128,512,0.01,3,0.3,0.1
pubmed_run84spsww8_ELPH_hyperqukrw6f3,22.16,28.61,44.4,47.29,56.36,65.93,27.62,22.16,28.61,44.4,47.29,56.36,65.93,93.32,94.11,69.02,128,512,0.01,3,0.3,0.3
pubmed_run84spsww8_ELPH_hyperh7f3evou,22.16,28.61,44.4,47.29,56.36,65.93,27.62,22.16,28.61,44.4,47.29,56.36,65.93,93.32,94.11,66.56,128,512,0.01,3,0.3,0.5
pubmed_run84spsww8_ELPH_hyperrle1cqle,22.16,28.61,39.08,47.29,56.36,65.93,27.62,22.16,28.61,39.08,47.29,56.36,65.93,93.32,94.11,66.56,128,512,0.01,3,0.5,0.1
pubmed_run84spsww8_ELPH_hyper3w04hkwd,22.16,28.61,39.08,47.29,56.36,65.93,27.62,22.16,28.61,39.08,47.29,56.36,65.93,93.32,94.11,75.41,128,512,0.01,3,0.5,0.3
pubmed_run84spsww8_ELPH_hyperqc3gijiq,22.16,28.61,39.08,47.29,56.36,65.93,27.62,22.16,28.61,39.08,47.29,56.36,65.93,93.32,94.11,75.41,128,512,0.01,3,0.5,0.5
pubmed_run84spsww8_ELPH_hyperxp3z657s,22.16,28.61,39.08,47.29,56.36,77.75,27.62,22.16,28.61,39.08,47.29,56.36,77.75,96.37,96.11,90.05,128,512,0.001,2,0.1,0.1
pubmed_run84spsww8_ELPH_hyperovvzrrmp,22.16,28.61,39.08,47.29,56.36,77.75,27.62,22.16,28.61,39.08,47.29,56.36,77.75,96.37,96.11,54.67,128,512,0.001,2,0.1,0.3
pubmed_run84spsww8_ELPH_hyperk4joy9hy,22.16,28.61,39.08,47.29,56.36,77.75,27.62,22.16,28.61,39.08,47.29,56.36,77.75,96.37,96.11,57.04,128,512,0.001,2,0.1,0.5
pubmed_run84spsww8_ELPH_hyper3ruulqd0,22.16,28.61,39.08,47.29,56.36,77.44,27.62,22.16,28.61,39.08,47.29,56.36,77.44,97.01,96.34,77.57,128,512,0.001,2,0.3,0.1
pubmed_run84spsww8_ELPH_hyperpa901wiu,22.16,28.61,39.08,47.29,56.36,77.44,27.62,22.16,28.61,39.08,47.29,56.36,77.44,97.01,96.34,77.57,128,512,0.001,2,0.3,0.3
pubmed_run84spsww8_ELPH_hyper4oaeyerf,22.16,28.61,39.08,47.29,56.36,77.44,27.62,22.16,28.61,39.08,47.29,56.36,77.44,97.01,96.34,77.57,128,512,0.001,2,0.3,0.5
pubmed_run84spsww8_ELPH_hyper4qfilby2,22.16,28.61,39.08,47.29,71.89,84.03,27.62,22.16,28.61,39.08,47.29,71.89,84.03,97.14,96.94,77.57,128,512,0.001,2,0.5,0.1
pubmed_run84spsww8_ELPH_hyper8vq1peo3,22.16,28.61,39.08,47.29,71.89,84.03,27.62,22.16,28.61,39.08,47.29,71.89,84.03,97.14,96.94,69.2,128,512,0.001,2,0.5,0.3
pubmed_run84spsww8_ELPH_hyperb0jlllgy,22.16,28.61,39.08,47.29,66.74,84.03,27.62,22.16,28.61,39.08,47.29,66.74,84.03,97.14,96.94,69.2,128,512,0.001,2,0.5,0.5
pubmed_run84spsww8_ELPH_hyper16xl2eb2,22.16,28.61,39.08,47.29,66.74,84.03,27.62,22.16,28.61,39.08,47.29,66.74,84.03,97.14,96.94,69.2,128,512,0.001,3,0.1,0.1
pubmed_run84spsww8_ELPH_hyper2fsbgn7c,22.16,28.61,39.08,47.29,66.74,84.03,27.62,22.16,28.61,39.08,47.29,66.74,84.03,97.14,96.94,69.2,128,512,0.001,3,0.1,0.3
pubmed_run84spsww8_ELPH_hyperks2s6ama,22.16,28.61,39.08,47.29,66.74,84.03,27.62,22.16,28.61,39.08,47.29,66.74,84.03,97.14,96.94,69.2,128,512,0.001,3,0.1,0.5
pubmed_run84spsww8_ELPH_hyper07bmoxh5,22.16,28.61,39.08,47.29,66.74,84.03,27.62,22.16,28.61,39.08,47.29,66.74,84.03,97.14,96.94,69.2,128,512,0.001,3,0.3,0.1
pubmed_run84spsww8_ELPH_hyper3ti7ks2r,22.16,28.61,39.08,47.29,66.74,84.03,27.62,22.16,28.61,39.08,47.29,66.74,84.03,97.14,96.94,69.2,128,512,0.001,3,0.3,0.3
pubmed_run84spsww8_ELPH_hyper7vsvyl3b,22.16,28.61,39.08,47.29,66.74,84.03,27.62,22.16,28.61,39.08,47.29,66.74,84.03,97.14,96.94,69.2,128,512,0.001,3,0.3,0.5
pubmed_run84spsww8_ELPH_hyperrk3nssza,22.16,28.61,39.08,47.29,66.74,84.03,27.62,22.16,28.61,39.08,47.29,66.74,84.03,97.14,96.94,69.2,128,512,0.001,3,0.5,0.1
pubmed_run84spsww8_ELPH_hyperlwixgtqu,22.16,28.61,39.08,47.29,66.74,84.03,27.62,22.16,28.61,39.08,47.29,66.74,84.03,97.14,96.94,69.2,128,512,0.001,3,0.5,0.3
pubmed_run84spsww8_ELPH_hyper0ah5x6wi,22.16,28.61,39.08,47.29,66.74,84.03,27.62,22.16,28.61,39.08,47.29,66.74,84.03,97.14,96.94,69.2,128,512,0.001,3,0.5,0.5
pubmed_run84spsww8_ELPH_hyperqc8h642q,22.16,28.61,39.08,47.29,66.74,84.03,27.62,22.16,28.61,39.08,47.29,66.74,84.03,97.14,96.94,82.49,128,512,0.0001,2,0.1,0.1
pubmed_run84spsww8_ELPH_hyperpqe7ogl2,22.16,28.61,39.08,47.29,66.74,84.03,27.62,22.16,28.61,39.08,47.29,66.74,84.03,97.14,96.94,82.49,128,512,0.0001,2,0.1,0.3
pubmed_run84spsww8_ELPH_hyperyg0hmi5b,22.16,28.61,39.08,47.29,66.74,84.03,27.62,22.16,28.61,39.08,47.29,66.74,84.03,97.14,96.94,82.49,128,512,0.0001,2,0.1,0.5
pubmed_run84spsww8_ELPH_hypertm4ff2o2,22.16,28.61,39.08,47.29,66.74,84.03,27.62,22.16,28.61,39.08,47.29,66.74,84.03,97.14,96.94,82.49,128,512,0.0001,2,0.3,0.1
pubmed_run84spsww8_ELPH_hyper4xyncc23,22.16,28.61,39.08,47.29,66.74,84.03,27.62,22.16,28.61,39.08,47.29,66.74,84.03,97.14,96.94,82.49,128,512,0.0001,2,0.3,0.3
pubmed_run84spsww8_ELPH_hyper9hveoiht,22.16,28.61,39.08,47.29,66.74,84.03,27.62,22.16,28.61,39.08,47.29,66.74,84.03,97.14,96.94,82.49,128,512,0.0001,2,0.3,0.5
pubmed_run84spsww8_ELPH_hyper1yr7rq1u,22.16,28.61,39.08,47.29,66.74,84.03,27.62,22.16,28.61,39.08,47.29,66.74,84.03,97.14,96.94,82.49,128,512,0.0001,2,0.5,0.1
pubmed_run84spsww8_ELPH_hyper7e77snw2,22.16,28.61,39.08,47.29,66.74,84.03,27.62,22.16,28.61,39.08,47.29,66.74,84.03,97.14,96.94,82.49,128,512,0.0001,2,0.5,0.3
pubmed_run84spsww8_ELPH_hypermw2kssry,22.16,28.61,39.08,47.29,66.74,84.03,27.62,22.16,28.61,39.08,47.29,66.74,84.03,97.14,96.94,82.49,128,512,0.0001,2,0.5,0.5
pubmed_run84spsww8_ELPH_hyperki5wicav,22.16,28.61,39.08,47.29,66.74,84.03,27.62,22.16,28.61,39.08,47.29,66.74,84.03,97.14,96.94,82.49,128,512,0.0001,3,0.1,0.1
pubmed_run84spsww8_ELPH_hyperpi3a5qh1,22.16,28.61,39.08,47.29,66.74,84.03,27.62,22.16,28.61,39.08,47.29,66.74,84.03,97.14,96.94,82.49,128,512,0.0001,3,0.1,0.3
pubmed_run84spsww8_ELPH_hyperg7kpsp1o,22.16,28.61,39.08,47.29,66.74,84.03,27.62,22.16,28.61,39.08,47.29,66.74,84.03,97.14,96.94,82.49,128,512,0.0001,3,0.1,0.5
pubmed_run84spsww8_ELPH_hyper88iafw6c,22.16,28.61,39.08,47.29,66.74,84.03,27.62,22.16,28.61,39.08,47.29,66.74,84.03,97.14,96.94,82.49,128,512,0.0001,3,0.3,0.1
pubmed_run84spsww8_ELPH_hyper85p12giu,22.16,28.61,39.08,47.29,66.74,84.03,27.62,22.16,28.61,39.08,47.29,66.74,84.03,97.14,96.94,82.49,128,512,0.0001,3,0.3,0.3
pubmed_run84spsww8_ELPH_hyperdpv7jnps,22.16,28.61,39.08,47.29,66.74,84.03,27.62,22.16,28.61,39.08,47.29,66.74,84.03,97.14,96.94,82.49,128,512,0.0001,3,0.3,0.5
pubmed_run84spsww8_ELPH_hyper42x7iaax,22.16,28.61,39.08,47.29,66.74,84.03,27.62,22.16,28.61,39.08,47.29,66.74,84.03,97.14,96.94,82.49,128,512,0.0001,3,0.5,0.1
pubmed_run84spsww8_ELPH_hypernjxuk32e,22.16,28.61,39.08,47.29,66.74,84.03,27.62,22.16,28.61,39.08,47.29,66.74,84.03,97.14,96.94,82.49,128,512,0.0001,3,0.5,0.3
pubmed_run84spsww8_ELPH_hyper49nqh4eo,22.16,28.61,39.08,47.29,66.74,84.03,27.62,22.16,28.61,39.08,47.29,66.74,84.03,97.14,96.94,82.49,128,512,0.0001,3,0.5,0.5
pubmed_run84spsww8_ELPH_hyper9txzil36,22.16,28.61,39.08,47.11,66.74,84.03,27.62,22.16,28.61,39.08,47.11,66.74,84.03,97.14,96.94,82.49,128,1024,0.01,2,0.1,0.1
pubmed_run84spsww8_ELPH_hypergef9ys4e,22.16,28.61,39.08,47.11,66.74,84.03,27.62,22.16,28.61,39.08,47.11,66.74,84.03,97.14,96.94,82.49,128,1024,0.01,2,0.1,0.3
pubmed_run84spsww8_ELPH_hyper6qga01zz,22.16,28.61,39.08,47.11,66.74,84.03,27.62,22.16,28.61,39.08,47.11,66.74,84.03,97.14,96.94,82.49,128,1024,0.01,2,0.1,0.5
pubmed_run84spsww8_ELPH_hyper2780s33g,19.49,28.61,39.08,47.11,66.74,84.03,26.58,19.49,28.61,39.08,47.11,66.74,84.03,97.14,96.94,82.49,128,1024,0.01,2,0.3,0.1
pubmed_run84spsww8_ELPH_hyper456l4on5,19.49,28.61,39.08,47.11,66.74,84.03,26.58,19.49,28.61,39.08,47.11,66.74,84.03,97.14,96.94,82.49,128,1024,0.01,2,0.3,0.3
pubmed_run84spsww8_ELPH_hypera5n6ru3f,19.49,29.06,39.08,47.11,66.74,84.03,26.58,19.49,29.06,39.08,47.11,66.74,84.03,97.14,96.94,82.49,128,1024,0.01,2,0.3,0.5
pubmed_run84spsww8_ELPH_hyper5jzwb358,19.49,29.06,44.95,47.11,66.74,84.03,28.47,19.49,29.06,44.95,47.11,66.74,84.03,97.14,96.94,82.49,128,1024,0.01,2,0.5,0.1
pubmed_run84spsww8_ELPH_hyper2x549dgq,19.49,29.06,44.95,47.11,66.74,84.03,28.47,19.49,29.06,44.95,47.11,66.74,84.03,97.14,96.94,82.49,128,1024,0.01,2,0.5,0.3
pubmed_run84spsww8_ELPH_hyperqjxtn34g,19.49,28.11,44.95,47.11,66.74,84.03,28.47,19.49,28.11,44.95,47.11,66.74,84.03,97.14,96.94,82.49,128,1024,0.01,2,0.5,0.5
pubmed_run84spsww8_ELPH_hyperurypex9l,19.49,28.11,44.95,47.11,66.74,84.03,28.47,19.49,28.11,44.95,47.11,66.74,84.03,97.14,96.94,82.49,128,1024,0.01,3,0.1,0.1
pubmed_run84spsww8_ELPH_hyperegyhwk1p,19.49,28.11,44.95,47.11,66.74,84.03,28.47,19.49,28.11,44.95,47.11,66.74,84.03,97.14,96.94,82.49,128,1024,0.01,3,0.1,0.3
pubmed_run84spsww8_ELPH_hypereveghjuh,19.49,28.11,44.95,47.11,66.74,84.03,28.47,19.49,28.11,44.95,47.11,66.74,84.03,97.14,96.94,82.49,128,1024,0.01,3,0.1,0.5
pubmed_run84spsww8_ELPH_hyperuu2huwa5,19.49,28.11,33.75,47.11,66.74,84.03,28.47,19.49,28.11,33.75,47.11,66.74,84.03,97.14,96.94,82.49,128,1024,0.01,3,0.3,0.1
pubmed_run84spsww8_ELPH_hyperlvof9ojd,19.49,28.11,33.75,47.11,66.74,84.03,28.47,19.49,28.11,33.75,47.11,66.74,84.03,97.14,96.94,82.49,128,1024,0.01,3,0.3,0.3
pubmed_run84spsww8_ELPH_hypertuyb39ak,19.49,28.11,33.75,47.11,66.74,84.03,28.47,19.49,28.11,33.75,47.11,66.74,84.03,97.14,96.94,82.49,128,1024,0.01,3,0.3,0.5
pubmed_run84spsww8_ELPH_hyperhd4wm288,19.49,28.11,33.75,47.11,66.74,84.03,28.47,19.49,28.11,33.75,47.11,66.74,84.03,97.14,96.94,82.49,128,1024,0.01,3,0.5,0.1
pubmed_run84spsww8_ELPH_hyperw5tzrtsv,19.49,28.11,33.75,47.11,66.74,84.03,28.47,19.49,28.11,33.75,47.11,66.74,84.03,97.14,96.94,82.49,128,1024,0.01,3,0.5,0.3
pubmed_run84spsww8_ELPH_hyper923388ul,19.49,28.11,33.75,47.11,66.74,84.03,28.47,19.49,28.11,33.75,47.11,66.74,84.03,97.14,96.94,82.49,128,1024,0.01,3,0.5,0.5
pubmed_run84spsww8_ELPH_hyperw2ahkmv4,19.49,28.11,33.75,47.11,66.74,84.03,28.47,19.49,28.11,33.75,47.11,66.74,84.03,97.14,96.94,82.49,128,1024,0.001,2,0.1,0.1
pubmed_run84spsww8_ELPH_hypericwii6kl,19.49,28.11,33.75,47.11,66.74,84.03,28.47,19.49,28.11,33.75,47.11,66.74,84.03,97.14,96.94,82.49,128,1024,0.001,2,0.1,0.3
pubmed_run84spsww8_ELPH_hyperyw3g4llr,19.49,28.11,33.75,47.11,66.74,84.03,28.47,19.49,28.11,33.75,47.11,66.74,84.03,97.14,96.94,82.49,128,1024,0.001,2,0.1,0.5
pubmed_run84spsww8_ELPH_hypere8lihsb1,19.49,28.11,33.75,47.11,66.74,84.03,28.47,19.49,28.11,33.75,47.11,66.74,84.03,97.14,96.94,82.49,128,1024,0.001,2,0.3,0.1
pubmed_run84spsww8_ELPH_hyperhk305ryx,19.49,28.11,33.75,47.11,66.74,84.03,28.47,19.49,28.11,33.75,47.11,66.74,84.03,97.14,96.94,82.49,128,1024,0.001,2,0.3,0.3
pubmed_run84spsww8_ELPH_hyperyxgzmhnz,19.49,28.11,33.75,47.11,66.74,84.03,28.47,19.49,28.11,33.75,47.11,66.74,84.03,97.14,96.94,82.49,128,1024,0.001,2,0.3,0.5
pubmed_run84spsww8_ELPH_hyperrzj1jwm5,19.49,28.11,36.01,47.11,71.89,82.85,28.47,19.49,28.11,36.01,47.11,71.89,82.85,97.33,97.1,82.49,128,1024,0.001,2,0.5,0.1
pubmed_run84spsww8_ELPH_hyper2dtzsd3a,19.49,28.11,36.01,47.11,74.5,84.88,28.47,19.49,28.11,36.01,47.11,74.5,84.88,97.33,97.26,82.49,128,1024,0.001,2,0.5,0.3
pubmed_run84spsww8_ELPH_hyperq1bi5oy5,19.49,28.11,36.01,47.11,74.5,84.88,28.47,19.49,28.11,36.01,47.11,74.5,84.88,97.33,97.26,82.49,128,1024,0.001,2,0.5,0.5
pubmed_run84spsww8_ELPH_hyper0ndw8pq2,19.49,28.11,36.01,47.11,74.5,84.88,28.47,19.49,28.11,36.01,47.11,74.5,84.88,97.33,97.26,82.49,128,1024,0.001,3,0.1,0.1
pubmed_run84spsww8_ELPH_hyperk55bw4rb,19.49,28.11,36.01,47.11,74.5,84.88,28.47,19.49,28.11,36.01,47.11,74.5,84.88,97.33,97.26,82.49,128,1024,0.001,3,0.1,0.3
pubmed_run84spsww8_ELPH_hyperion12suy,19.49,28.11,36.01,47.11,74.5,84.88,28.47,19.49,28.11,36.01,47.11,74.5,84.88,97.33,97.26,82.49,128,1024,0.001,3,0.1,0.5
pubmed_run84spsww8_ELPH_hyperpz9tjzjs,19.49,28.11,36.01,47.11,74.5,84.88,28.47,19.49,28.11,36.01,47.11,74.5,84.88,97.33,97.26,82.49,128,1024,0.001,3,0.3,0.1
pubmed_run84spsww8_ELPH_hyperziovwsmt,19.49,28.11,36.01,47.11,74.5,84.88,28.47,19.49,28.11,36.01,47.11,74.5,84.88,97.33,97.26,82.49,128,1024,0.001,3,0.3,0.3
pubmed_run84spsww8_ELPH_hyperg7khiqdq,19.49,28.11,36.01,47.11,74.5,84.88,28.47,19.49,28.11,36.01,47.11,74.5,84.88,97.33,97.26,82.49,128,1024,0.001,3,0.3,0.5
pubmed_run84spsww8_ELPH_hypermtrugmgm,19.49,28.11,36.01,47.11,74.5,84.88,28.47,19.49,28.11,36.01,47.11,74.5,84.88,97.33,97.26,82.49,128,1024,0.001,3,0.5,0.1
pubmed_run84spsww8_ELPH_hypery4y8nvjf,19.49,28.11,36.01,47.11,74.5,84.88,28.47,19.49,28.11,36.01,47.11,74.5,84.88,97.33,97.26,82.49,128,1024,0.001,3,0.5,0.3
pubmed_run84spsww8_ELPH_hypernmceefnn,19.49,28.11,36.01,47.11,74.5,84.88,28.47,19.49,28.11,36.01,47.11,74.5,84.88,97.33,97.26,82.49,128,1024,0.001,3,0.5,0.5
pubmed_run84spsww8_ELPH_hypera5yrbn5k,19.49,28.11,36.01,47.11,74.5,84.88,28.47,19.49,28.11,36.01,47.11,74.5,84.88,97.33,97.26,82.49,128,1024,0.0001,2,0.1,0.1
pubmed_run84spsww8_ELPH_hyper6u9ilg70,19.49,28.11,36.01,47.11,74.5,84.88,28.47,19.49,28.11,36.01,47.11,74.5,84.88,97.33,97.26,82.49,128,1024,0.0001,2,0.1,0.3
pubmed_run84spsww8_ELPH_hypers0p9do31,19.49,28.11,36.01,47.11,74.5,84.88,28.47,19.49,28.11,36.01,47.11,74.5,84.88,97.33,97.26,82.49,128,1024,0.0001,2,0.1,0.5
pubmed_run84spsww8_ELPH_hyper10qyd40k,19.49,28.11,36.01,47.11,74.5,84.88,28.47,19.49,28.11,36.01,47.11,74.5,84.88,97.33,97.26,82.49,128,1024,0.0001,2,0.3,0.1
pubmed_run84spsww8_ELPH_hyperudl0ema8,19.49,28.11,36.01,47.11,74.5,84.88,28.47,19.49,28.11,36.01,47.11,74.5,84.88,97.33,97.26,82.49,128,1024,0.0001,2,0.3,0.3
pubmed_run84spsww8_ELPH_hyperzdx7k411,19.49,28.11,36.01,47.11,74.5,84.88,28.47,19.49,28.11,36.01,47.11,74.5,84.88,97.33,97.26,82.49,128,1024,0.0001,2,0.3,0.5
pubmed_run84spsww8_ELPH_hypervkex70tc,19.49,28.11,36.01,47.11,74.5,84.88,28.47,19.49,28.11,36.01,47.11,74.5,84.88,97.33,97.26,82.49,128,1024,0.0001,2,0.5,0.1
pubmed_run84spsww8_ELPH_hypereq04u1yq,19.49,28.11,36.01,47.11,74.5,84.88,28.47,19.49,28.11,36.01,47.11,74.5,84.88,97.33,97.26,82.49,128,1024,0.0001,2,0.5,0.3
pubmed_run84spsww8_ELPH_hyperwfsczluq,19.49,28.11,36.01,47.11,74.5,84.88,28.47,19.49,28.11,36.01,47.11,74.5,84.88,97.33,97.26,82.49,128,1024,0.0001,2,0.5,0.5
pubmed_run84spsww8_ELPH_hyperkwynx19f,19.49,28.11,36.01,47.11,74.5,84.88,28.47,19.49,28.11,36.01,47.11,74.5,84.88,97.33,97.26,82.49,128,1024,0.0001,3,0.1,0.1
pubmed_run84spsww8_ELPH_hyperudf5j8t2,19.49,28.11,36.01,47.11,74.5,84.88,28.47,19.49,28.11,36.01,47.11,74.5,84.88,97.33,97.26,82.49,128,1024,0.0001,3,0.1,0.3
pubmed_run84spsww8_ELPH_hyperltgk5y29,19.49,28.11,36.01,47.11,74.5,84.88,28.47,19.49,28.11,36.01,47.11,74.5,84.88,97.33,97.26,82.49,128,1024,0.0001,3,0.1,0.5
pubmed_run84spsww8_ELPH_hypervg1uxrnt,19.49,28.11,36.01,47.11,74.5,84.88,28.47,19.49,28.11,36.01,47.11,74.5,84.88,97.33,97.26,82.49,128,1024,0.0001,3,0.3,0.1
pubmed_run84spsww8_ELPH_hyper0vqieatc,19.49,28.11,36.01,47.11,74.5,84.88,28.47,19.49,28.11,36.01,47.11,74.5,84.88,97.33,97.26,82.49,128,1024,0.0001,3,0.3,0.3
pubmed_run84spsww8_ELPH_hyper5zz67ur3,19.49,28.11,36.01,47.11,74.5,84.88,28.47,19.49,28.11,36.01,47.11,74.5,84.88,97.33,97.26,82.49,128,1024,0.0001,3,0.3,0.5
pubmed_run84spsww8_ELPH_hypervuj8tv4x,19.49,28.11,36.01,47.11,74.5,84.88,28.47,19.49,28.11,36.01,47.11,74.5,84.88,97.33,97.26,82.49,128,1024,0.0001,3,0.5,0.1
pubmed_run84spsww8_ELPH_hyper2e75thy9,19.49,28.11,36.01,47.11,74.5,84.88,28.47,19.49,28.11,36.01,47.11,74.5,84.88,97.33,97.26,82.49,128,1024,0.0001,3,0.5,0.3
pubmed_run84spsww8_ELPH_hypere9ytkhkp,19.49,28.11,36.01,47.11,74.5,84.88,28.47,19.49,28.11,36.01,47.11,74.5,84.88,97.33,97.26,82.49,128,1024,0.0001,3,0.5,0.5
pubmed_run84spsww8_ELPH_hyper2bg9pf0c,19.49,28.11,36.01,47.11,74.5,84.88,28.47,19.49,28.11,36.01,47.11,74.5,84.88,97.33,97.26,82.49,256,512,0.01,2,0.1,0.1
pubmed_run84spsww8_ELPH_hyperlg14yedw,19.49,28.11,36.01,47.11,74.5,84.88,28.47,19.49,28.11,36.01,47.11,74.5,84.88,97.33,97.26,82.49,256,512,0.01,2,0.1,0.3
pubmed_run84spsww8_ELPH_hyperdwpv0siy,19.49,28.11,36.01,47.11,74.5,84.88,28.47,19.49,28.11,36.01,47.11,74.5,84.88,97.33,97.26,82.49,256,512,0.01,2,0.1,0.5
pubmed_run84spsww8_ELPH_hyper0agavgwn,19.49,28.11,36.01,47.11,74.5,84.88,28.47,19.49,28.11,36.01,47.11,74.5,84.88,97.33,97.26,82.49,256,512,0.01,2,0.3,0.1
pubmed_run84spsww8_ELPH_hypery5a3vvim,19.49,28.11,36.01,47.11,74.5,84.88,28.47,19.49,28.11,36.01,47.11,74.5,84.88,97.33,97.26,82.49,256,512,0.01,2,0.3,0.3
pubmed_run84spsww8_ELPH_hyperrpfudnoj,19.49,28.11,36.01,47.11,74.5,84.88,28.47,19.49,28.11,36.01,47.11,74.5,84.88,97.33,97.26,82.49,256,512,0.01,2,0.3,0.5
pubmed_run84spsww8_ELPH_hyper16hw1yux,19.49,28.11,38.27,47.11,74.5,84.88,28.47,19.49,28.11,38.27,47.11,74.5,84.88,97.33,97.26,82.49,256,512,0.01,2,0.5,0.1
pubmed_run84spsww8_ELPH_hypergpkifb54,19.49,28.11,36.46,47.11,74.5,84.88,28.47,19.49,28.11,36.46,47.11,74.5,84.88,97.33,97.26,82.49,256,512,0.01,2,0.5,0.3
pubmed_run84spsww8_ELPH_hyper9c318rm0,19.49,28.11,36.46,47.11,74.5,84.88,28.47,19.49,28.11,36.46,47.11,74.5,84.88,97.33,97.26,82.49,256,512,0.01,2,0.5,0.5
pubmed_run84spsww8_ELPH_hyper7th667rm,19.49,28.11,36.46,47.11,74.5,84.88,28.47,19.49,28.11,36.46,47.11,74.5,84.88,97.33,97.26,82.49,256,512,0.01,3,0.1,0.1
pubmed_run84spsww8_ELPH_hyperz7cciwqm,19.49,28.11,36.46,47.11,74.5,84.88,28.47,19.49,28.11,36.46,47.11,74.5,84.88,97.33,97.26,82.49,256,512,0.01,3,0.1,0.3
pubmed_run84spsww8_ELPH_hyperyas76z7g,19.49,28.11,36.46,47.11,74.5,84.88,28.47,19.49,28.11,36.46,47.11,74.5,84.88,97.33,97.26,82.49,256,512,0.01,3,0.1,0.5
pubmed_run84spsww8_ELPH_hyperb7q2arcz,19.49,28.11,36.46,47.11,74.5,84.88,28.47,19.49,28.11,36.46,47.11,74.5,84.88,97.33,97.26,82.49,256,512,0.01,3,0.3,0.1
pubmed_run84spsww8_ELPH_hyper2hpjczqe,19.49,28.11,36.46,47.11,74.5,84.88,28.47,19.49,28.11,36.46,47.11,74.5,84.88,97.33,97.26,82.49,256,512,0.01,3,0.3,0.3
pubmed_run84spsww8_ELPH_hyperwud0onmf,19.49,28.11,36.46,47.11,74.5,84.88,28.47,19.49,28.11,36.46,47.11,74.5,84.88,97.33,97.26,82.49,256,512,0.01,3,0.3,0.5
pubmed_run84spsww8_ELPH_hyperpat95tx8,19.49,28.11,36.46,47.11,74.5,84.88,28.47,19.49,28.11,36.46,47.11,74.5,84.88,97.33,97.26,82.49,256,512,0.01,3,0.5,0.1
pubmed_run84spsww8_ELPH_hypervyd165yy,19.49,28.11,36.46,47.11,74.5,84.88,28.47,19.49,28.11,36.46,47.11,74.5,84.88,97.33,97.26,82.49,256,512,0.01,3,0.5,0.3
pubmed_run84spsww8_ELPH_hyper965qrxwm,19.49,28.11,36.46,47.11,74.5,84.88,28.47,19.49,28.11,36.46,47.11,74.5,84.88,97.33,97.26,82.49,256,512,0.01,3,0.5,0.5
pubmed_run84spsww8_ELPH_hyper0yo16703,19.49,28.11,36.46,47.11,74.5,84.88,28.47,19.49,28.11,36.46,47.11,74.5,84.88,97.33,97.26,82.49,256,512,0.001,2,0.1,0.1
pubmed_run84spsww8_ELPH_hyperc8h2tzxm,19.49,28.11,36.46,47.11,74.5,84.88,28.47,19.49,28.11,36.46,47.11,74.5,84.88,97.33,97.26,82.49,256,512,0.001,2,0.1,0.3
pubmed_run84spsww8_ELPH_hypertnmsuy59,19.49,28.11,36.46,47.11,74.5,84.88,28.47,19.49,28.11,36.46,47.11,74.5,84.88,97.33,97.26,82.49,256,512,0.001,2,0.1,0.5
pubmed_run84spsww8_ELPH_hyper8t1pdamy,19.49,28.11,36.46,47.11,74.5,84.88,28.47,19.49,28.11,36.46,47.11,74.5,84.88,97.33,97.26,82.49,256,512,0.001,2,0.3,0.1
pubmed_run84spsww8_ELPH_hyperihxg5k5i,19.49,28.11,36.46,47.11,74.5,84.88,28.47,19.49,28.11,36.46,47.11,74.5,84.88,97.33,97.26,82.49,256,512,0.001,2,0.3,0.3
pubmed_run84spsww8_ELPH_hypereqowquab,19.49,28.11,36.46,47.11,74.5,84.88,28.47,19.49,28.11,36.46,47.11,74.5,84.88,97.33,97.26,82.49,256,512,0.001,2,0.3,0.5
pubmed_run84spsww8_ELPH_hyperylqkxtla,19.49,28.11,36.46,47.11,74.5,85.24,28.47,19.49,28.11,36.46,47.11,74.5,85.24,97.48,97.26,82.49,256,512,0.001,2,0.5,0.1
pubmed_run84spsww8_ELPH_hyper06z25kle,19.49,28.11,36.46,47.11,74.5,85.24,28.47,19.49,28.11,36.46,47.11,74.5,85.24,97.48,97.26,82.49,256,512,0.001,2,0.5,0.3
pubmed_run84spsww8_ELPH_hypern97184y8,19.49,28.11,36.46,47.11,74.5,85.24,28.47,19.49,28.11,36.46,47.11,74.5,85.24,97.48,97.26,82.49,256,512,0.001,2,0.5,0.5
pubmed_run84spsww8_ELPH_hyperen7h9mop,19.49,28.11,36.46,47.11,74.5,85.24,28.47,19.49,28.11,36.46,47.11,74.5,85.24,97.48,97.26,82.49,256,512,0.001,3,0.1,0.1
pubmed_run84spsww8_ELPH_hyperbo0nab38,19.49,28.11,36.46,47.11,74.5,85.24,28.47,19.49,28.11,36.46,47.11,74.5,85.24,97.48,97.26,82.49,256,512,0.001,3,0.1,0.3
pubmed_run84spsww8_ELPH_hyper0v9odva4,19.49,28.11,36.46,47.11,74.5,85.24,28.47,19.49,28.11,36.46,47.11,74.5,85.24,97.48,97.26,82.49,256,512,0.001,3,0.1,0.5
pubmed_run84spsww8_ELPH_hyper2ynuv61c,19.49,28.11,36.46,47.11,74.5,85.24,28.47,19.49,28.11,36.46,47.11,74.5,85.24,97.48,97.26,82.49,256,512,0.001,3,0.3,0.1
pubmed_run84spsww8_ELPH_hyperfl2bjxg7,19.49,28.11,36.46,47.11,74.5,85.24,28.47,19.49,28.11,36.46,47.11,74.5,85.24,97.48,97.26,82.49,256,512,0.001,3,0.3,0.3
pubmed_run84spsww8_ELPH_hypernu9jrs1p,19.49,28.11,36.46,47.11,74.5,85.24,28.47,19.49,28.11,36.46,47.11,74.5,85.24,97.48,97.26,82.49,256,512,0.001,3,0.3,0.5
pubmed_run84spsww8_ELPH_hyper2uky7g4h,19.49,28.11,36.46,47.11,74.5,85.24,28.47,19.49,28.11,36.46,47.11,74.5,85.24,97.48,97.26,82.49,256,512,0.001,3,0.5,0.1
pubmed_run84spsww8_ELPH_hyperkbs7nx3k,19.49,28.11,36.46,47.11,74.5,85.24,28.47,19.49,28.11,36.46,47.11,74.5,85.24,97.48,97.26,82.49,256,512,0.001,3,0.5,0.3
pubmed_run84spsww8_ELPH_hyper6jmhj5fm,19.49,28.11,36.46,47.11,74.5,85.24,28.47,19.49,28.11,36.46,47.11,74.5,85.24,97.48,97.26,82.49,256,512,0.001,3,0.5,0.5
pubmed_run84spsww8_ELPH_hyper7rswhy5j,19.49,28.11,36.46,47.11,74.5,85.24,28.47,19.49,28.11,36.46,47.11,74.5,85.24,97.48,97.26,82.49,256,512,0.0001,2,0.1,0.1
pubmed_run84spsww8_ELPH_hyper65bjporn,19.49,28.11,36.46,47.11,74.5,85.24,28.47,19.49,28.11,36.46,47.11,74.5,85.24,97.48,97.26,82.49,256,512,0.0001,2,0.1,0.3
pubmed_run84spsww8_ELPH_hyperh51be65d,19.49,28.11,36.46,47.11,74.5,85.24,28.47,19.49,28.11,36.46,47.11,74.5,85.24,97.48,97.26,82.49,256,512,0.0001,2,0.1,0.5
pubmed_run84spsww8_ELPH_hyper20lj0ey2,19.49,28.11,36.46,47.11,74.5,85.24,28.47,19.49,28.11,36.46,47.11,74.5,85.24,97.48,97.26,89.21,256,512,0.0001,2,0.3,0.1
pubmed_run84spsww8_ELPH_hyperdfzfsuqz,19.49,28.11,36.46,47.11,74.5,85.24,28.47,19.49,28.11,36.46,47.11,74.5,85.24,97.48,97.26,89.21,256,512,0.0001,2,0.3,0.3
pubmed_run84spsww8_ELPH_hyper418qa29e,19.49,28.11,36.46,47.11,74.5,85.24,28.47,19.49,28.11,36.46,47.11,74.5,85.24,97.48,97.26,89.21,256,512,0.0001,2,0.3,0.5
pubmed_run84spsww8_ELPH_hyperk55v0vq6,19.49,28.11,36.46,47.11,74.5,85.24,28.47,19.49,28.11,36.46,47.11,74.5,85.24,97.48,97.26,89.21,256,512,0.0001,2,0.5,0.1
pubmed_run84spsww8_ELPH_hyperro2vm9d7,19.49,28.11,36.46,47.11,74.5,85.24,28.47,19.49,28.11,36.46,47.11,74.5,85.24,97.48,97.26,89.21,256,512,0.0001,2,0.5,0.3
pubmed_run84spsww8_ELPH_hyperdiyg81mu,19.49,28.11,36.46,47.11,74.5,85.24,28.47,19.49,28.11,36.46,47.11,74.5,85.24,97.48,97.26,89.21,256,512,0.0001,2,0.5,0.5
pubmed_run84spsww8_ELPH_hypers1of7l48,19.49,28.11,36.46,47.11,74.5,85.24,28.47,19.49,28.11,36.46,47.11,74.5,85.24,97.48,97.26,89.21,256,512,0.0001,3,0.1,0.1
pubmed_run84spsww8_ELPH_hyperfddsga88,19.49,28.11,36.46,47.11,74.5,85.24,28.47,19.49,28.11,36.46,47.11,74.5,85.24,97.48,97.26,89.21,256,512,0.0001,3,0.1,0.3
pubmed_run84spsww8_ELPH_hyper66ecgb2k,19.49,28.11,36.46,47.11,74.5,85.24,28.47,19.49,28.11,36.46,47.11,74.5,85.24,97.48,97.26,89.21,256,512,0.0001,3,0.1,0.5
pubmed_run84spsww8_ELPH_hyper7z0eyy3t,19.49,28.11,36.46,47.11,74.5,85.24,28.47,19.49,28.11,36.46,47.11,74.5,85.24,97.48,97.26,89.21,256,512,0.0001,3,0.3,0.1
pubmed_run84spsww8_ELPH_hyperp4fw7lls,19.49,28.11,36.46,47.11,74.5,85.24,28.47,19.49,28.11,36.46,47.11,74.5,85.24,97.48,97.26,89.21,256,512,0.0001,3,0.3,0.3
pubmed_run84spsww8_ELPH_hypere3ielfdd,19.49,28.11,36.46,47.11,74.5,85.24,28.47,19.49,28.11,36.46,47.11,74.5,85.24,97.48,97.26,89.21,256,512,0.0001,3,0.3,0.5
pubmed_run84spsww8_ELPH_hyperb6z1s28j,19.49,28.11,36.46,47.11,74.5,85.24,28.47,19.49,28.11,36.46,47.11,74.5,85.24,97.48,97.26,89.21,256,512,0.0001,3,0.5,0.1
pubmed_run84spsww8_ELPH_hyperrrq0g755,19.49,28.11,36.46,47.11,74.5,85.24,28.47,19.49,28.11,36.46,47.11,74.5,85.24,97.48,97.26,89.21,256,512,0.0001,3,0.5,0.3
pubmed_run84spsww8_ELPH_hyper0k5nnffd,19.49,28.11,36.46,47.11,74.5,85.24,28.47,19.49,28.11,36.46,47.11,74.5,85.24,97.48,97.26,89.21,256,512,0.0001,3,0.5,0.5
pubmed_run84spsww8_ELPH_hyper8itw4vo7,19.49,28.11,36.46,47.11,74.5,85.24,28.47,19.49,28.11,36.46,47.11,74.5,85.24,97.48,97.26,89.21,256,1024,0.01,2,0.1,0.1
pubmed_run84spsww8_ELPH_hyper9eum6qy2,19.49,28.11,36.46,47.11,74.5,85.24,28.47,19.49,28.11,36.46,47.11,74.5,85.24,97.48,97.26,89.21,256,1024,0.01,2,0.1,0.3
pubmed_run84spsww8_ELPH_hyperp0xxxkp5,19.49,28.11,36.46,44.13,74.5,85.24,28.47,19.49,28.11,36.46,44.13,74.5,85.24,97.48,97.26,89.21,256,1024,0.01,2,0.1,0.5
pubmed_run84spsww8_ELPH_hyperhdt44zws,19.49,28.11,36.46,44.13,74.5,85.24,28.47,19.49,28.11,36.46,44.13,74.5,85.24,97.48,97.26,89.21,256,1024,0.01,2,0.3,0.1
pubmed_run84spsww8_ELPH_hyperlgcbmm30,19.49,28.11,36.46,44.13,74.5,85.24,28.47,19.49,28.11,36.46,44.13,74.5,85.24,97.48,97.26,89.21,256,1024,0.01,2,0.3,0.3
pubmed_run84spsww8_ELPH_hyperxgxdpnnn,19.49,28.11,36.46,44.13,74.5,85.24,28.47,19.49,28.11,36.46,44.13,74.5,85.24,97.48,97.26,89.21,256,1024,0.01,2,0.3,0.5
pubmed_run84spsww8_ELPH_hyperhow5jns4,19.49,28.11,36.46,44.13,74.5,85.24,28.47,19.49,28.11,36.46,44.13,74.5,85.24,97.48,97.26,89.21,256,1024,0.01,2,0.5,0.1
pubmed_run84spsww8_ELPH_hyperuwqr5qcl,19.49,28.11,36.46,44.13,74.5,85.24,28.47,19.49,28.11,36.46,44.13,74.5,85.24,97.48,97.26,89.21,256,1024,0.01,2,0.5,0.3
pubmed_run84spsww8_ELPH_hyperg51iy17i,19.49,28.11,36.46,44.13,74.5,85.24,28.47,19.49,28.11,36.46,44.13,74.5,85.24,97.48,97.26,89.21,256,1024,0.01,2,0.5,0.5
pubmed_run84spsww8_ELPH_hypernyq4nc72,19.49,28.11,36.46,44.13,74.5,85.24,28.47,19.49,28.11,36.46,44.13,74.5,85.24,97.48,97.26,89.21,256,1024,0.01,3,0.1,0.1
pubmed_run84spsww8_ELPH_hyperyujlnldl,19.49,28.11,36.46,44.13,74.5,85.24,28.47,19.49,28.11,36.46,44.13,74.5,85.24,97.48,97.26,89.21,256,1024,0.01,3,0.1,0.3
pubmed_run84spsww8_ELPH_hyperw6txnf5z,19.49,28.11,36.46,44.13,74.5,85.24,28.47,19.49,28.11,36.46,44.13,74.5,85.24,97.48,97.26,89.21,256,1024,0.01,3,0.1,0.5
pubmed_run84spsww8_ELPH_hyper0r4j8thl,19.49,28.11,36.46,44.13,74.5,85.24,28.47,19.49,28.11,36.46,44.13,74.5,85.24,97.48,97.26,89.21,256,1024,0.01,3,0.3,0.1
pubmed_run84spsww8_ELPH_hyper5s65e3hl,19.49,28.11,36.46,44.13,74.5,85.24,28.47,19.49,28.11,36.46,44.13,74.5,85.24,97.48,97.26,89.21,256,1024,0.01,3,0.3,0.3
pubmed_run84spsww8_ELPH_hyperp8efjoxz,19.49,28.11,36.46,44.13,74.5,85.24,28.47,19.49,28.11,36.46,44.13,74.5,85.24,97.48,97.26,89.21,256,1024,0.01,3,0.3,0.5
pubmed_run84spsww8_ELPH_hypernqcz5lyt,19.49,28.11,36.46,44.13,74.5,85.24,28.47,19.49,28.11,36.46,44.13,74.5,85.24,97.48,97.26,89.21,256,1024,0.01,3,0.5,0.1
pubmed_run84spsww8_ELPH_hyperr8l8ibr7,19.49,28.11,36.46,44.13,74.5,85.24,28.47,19.49,28.11,36.46,44.13,74.5,85.24,97.48,97.26,89.21,256,1024,0.01,3,0.5,0.3
pubmed_run84spsww8_ELPH_hyperm56bu54z,19.49,28.11,36.46,44.13,74.5,85.24,28.47,19.49,28.11,36.46,44.13,74.5,85.24,97.48,97.26,89.21,256,1024,0.01,3,0.5,0.5
pubmed_run84spsww8_ELPH_hyper0aec1zst,19.49,28.11,36.46,44.13,74.5,85.24,28.47,19.49,28.11,36.46,44.13,74.5,85.24,97.48,97.26,89.21,256,1024,0.001,2,0.1,0.1
pubmed_run84spsww8_ELPH_hyper61373x8n,19.49,28.11,36.46,44.13,74.5,85.24,28.47,19.49,28.11,36.46,44.13,74.5,85.24,97.48,97.26,89.21,256,1024,0.001,2,0.1,0.3
pubmed_run84spsww8_ELPH_hyperpmtr7vv0,19.49,28.11,36.46,44.13,74.5,85.24,28.47,19.49,28.11,36.46,44.13,74.5,85.24,97.48,97.26,89.21,256,1024,0.001,2,0.1,0.5
pubmed_run84spsww8_ELPH_hyperoad5hmul,19.49,28.11,36.46,44.13,74.5,85.24,28.47,19.49,28.11,36.46,44.13,74.5,85.24,97.48,97.26,89.21,256,1024,0.001,2,0.3,0.1
pubmed_run84spsww8_ELPH_hyperw698x91t,19.49,28.11,36.46,44.13,74.5,85.24,28.47,19.49,28.11,36.46,44.13,74.5,85.24,97.48,97.26,89.21,256,1024,0.001,2,0.3,0.3
pubmed_run84spsww8_ELPH_hyperv1nuavzm,19.49,28.11,36.46,44.13,74.5,85.24,28.47,19.49,28.11,36.46,44.13,74.5,85.24,97.48,97.26,89.21,256,1024,0.001,2,0.3,0.5
pubmed_run84spsww8_ELPH_hypercgo0givi,19.49,28.11,36.46,44.13,74.5,85.24,28.47,19.49,28.11,36.46,44.13,74.5,85.24,97.48,97.26,89.21,256,1024,0.001,2,0.5,0.1
pubmed_run84spsww8_ELPH_hypers92bmugo,19.49,28.11,36.46,44.13,74.5,85.24,28.47,19.49,28.11,36.46,44.13,74.5,85.24,97.48,97.26,89.21,256,1024,0.001,2,0.5,0.3
pubmed_run84spsww8_ELPH_hypert42mf7vc,19.49,28.11,36.46,44.13,74.5,85.24,28.47,19.49,28.11,36.46,44.13,74.5,85.24,97.48,97.26,89.21,256,1024,0.001,2,0.5,0.5
pubmed_run84spsww8_ELPH_hyper2laqy8zx,19.49,28.11,36.46,44.13,74.5,85.24,28.47,19.49,28.11,36.46,44.13,74.5,85.24,97.48,97.26,89.21,256,1024,0.001,3,0.1,0.1
pubmed_run84spsww8_ELPH_hyperlm4ggj1n,19.49,28.11,36.46,44.13,74.5,85.24,28.47,19.49,28.11,36.46,44.13,74.5,85.24,97.48,97.26,89.21,256,1024,0.001,3,0.1,0.3
pubmed_run84spsww8_ELPH_hyperaby6hlk7,19.49,28.11,36.46,44.13,74.5,85.24,28.47,19.49,28.11,36.46,44.13,74.5,85.24,97.48,97.26,89.21,256,1024,0.001,3,0.1,0.5
pubmed_run84spsww8_ELPH_hyper5aq3dahr,19.49,28.11,36.46,44.13,74.5,85.24,28.47,19.49,28.11,36.46,44.13,74.5,85.24,97.48,97.26,89.21,256,1024,0.001,3,0.3,0.1
pubmed_run84spsww8_ELPH_hyper305nj1sn,19.49,28.11,36.46,44.13,74.5,85.24,28.47,19.49,28.11,36.46,44.13,74.5,85.24,97.48,97.26,89.21,256,1024,0.001,3,0.3,0.3
pubmed_run84spsww8_ELPH_hyperhc9rv7m8,19.49,28.11,36.46,44.13,74.5,85.24,28.47,19.49,28.11,36.46,44.13,74.5,85.24,97.48,97.26,89.21,256,1024,0.001,3,0.3,0.5
pubmed_run84spsww8_ELPH_hyperan0k1n4u,19.49,28.11,36.46,44.13,74.5,85.24,28.47,19.49,28.11,36.46,44.13,74.5,85.24,97.48,97.26,89.21,256,1024,0.001,3,0.5,0.1
pubmed_run84spsww8_ELPH_hyperb2wmchi6,19.49,28.11,36.46,44.13,74.5,85.24,28.47,19.49,28.11,36.46,44.13,74.5,85.24,97.48,97.26,89.21,256,1024,0.001,3,0.5,0.3
pubmed_run84spsww8_ELPH_hypersf6umz7n,19.49,28.11,36.46,44.13,74.5,85.24,28.47,19.49,28.11,36.46,44.13,74.5,85.24,97.48,97.26,89.21,256,1024,0.001,3,0.5,0.5
pubmed_run84spsww8_ELPH_hyperl890g8vv,19.49,28.11,36.46,44.13,74.5,85.24,28.47,19.49,28.11,36.46,44.13,74.5,85.24,97.48,97.26,89.21,256,1024,0.0001,2,0.1,0.1
pubmed_run84spsww8_ELPH_hyper95z52b16,19.49,28.11,36.46,44.13,74.5,85.24,28.47,19.49,28.11,36.46,44.13,74.5,85.24,97.48,97.26,89.21,256,1024,0.0001,2,0.1,0.3
pubmed_run84spsww8_ELPH_hyper4prhypop,19.49,28.11,36.46,44.13,74.5,85.24,28.47,19.49,28.11,36.46,44.13,74.5,85.24,97.48,97.26,89.21,256,1024,0.0001,2,0.1,0.5
pubmed_run84spsww8_ELPH_hyperbxw3xwiv,19.49,28.11,36.46,44.13,74.5,85.24,28.47,19.49,28.11,36.46,44.13,74.5,85.24,97.48,97.26,89.21,256,1024,0.0001,2,0.3,0.1
pubmed_run84spsww8_ELPH_hyperyhvi4r8j,19.49,28.11,36.46,44.13,74.5,85.24,28.47,19.49,28.11,36.46,44.13,74.5,85.24,97.48,97.26,89.21,256,1024,0.0001,2,0.3,0.3
pubmed_run84spsww8_ELPH_hyperf9pwq7e8,19.49,28.11,36.46,44.13,74.5,85.24,28.47,19.49,28.11,36.46,44.13,74.5,85.24,97.48,97.26,89.21,256,1024,0.0001,2,0.3,0.5
pubmed_run84spsww8_ELPH_hyperm61alizg,19.49,28.11,36.46,44.13,74.5,85.24,28.47,19.49,28.11,36.46,44.13,74.5,85.24,97.48,97.26,89.21,256,1024,0.0001,2,0.5,0.1
pubmed_run84spsww8_ELPH_hyper9j7kds21,19.49,28.11,36.46,44.13,74.5,85.24,28.47,19.49,28.11,36.46,44.13,74.5,85.24,97.48,97.26,89.21,256,1024,0.0001,2,0.5,0.3
pubmed_run84spsww8_ELPH_hypernitj37t9,19.49,28.11,36.46,44.13,74.5,85.24,28.47,19.49,28.11,36.46,44.13,74.5,85.24,97.48,97.26,89.21,256,1024,0.0001,2,0.5,0.5
pubmed_run84spsww8_ELPH_hypero2khnbb8,19.49,28.11,36.46,44.13,74.5,85.24,28.47,19.49,28.11,36.46,44.13,74.5,85.24,97.48,97.26,89.21,256,1024,0.0001,3,0.1,0.1
pubmed_run84spsww8_ELPH_hypermifzljqa,19.49,28.11,36.46,44.13,74.5,85.24,28.47,19.49,28.11,36.46,44.13,74.5,85.24,97.48,97.26,89.21,256,1024,0.0001,3,0.1,0.3
pubmed_run84spsww8_ELPH_hyperkkyp223e,19.49,28.11,36.46,44.13,74.5,85.24,28.47,19.49,28.11,36.46,44.13,74.5,85.24,97.48,97.26,89.21,256,1024,0.0001,3,0.1,0.5
pubmed_run84spsww8_ELPH_hyperc2v1sgaa,19.49,28.11,36.46,44.13,74.5,85.24,28.47,19.49,28.11,36.46,44.13,74.5,85.24,97.48,97.26,89.21,256,1024,0.0001,3,0.3,0.1
pubmed_run84spsww8_ELPH_hypert9rrew7z,19.49,28.11,36.46,44.13,74.5,85.24,28.47,19.49,28.11,36.46,44.13,74.5,85.24,97.48,97.26,89.21,256,1024,0.0001,3,0.3,0.3
pubmed_run84spsww8_ELPH_hypero3ptdxvw,19.49,28.11,36.46,44.13,74.5,85.24,28.47,19.49,28.11,36.46,44.13,74.5,85.24,97.48,97.26,89.21,256,1024,0.0001,3,0.3,0.5
pubmed_run84spsww8_ELPH_hyperqlc6slay,19.49,28.11,36.46,44.13,74.5,85.24,28.47,19.49,28.11,36.46,44.13,74.5,85.24,97.48,97.26,89.21,256,1024,0.0001,3,0.5,0.1
pubmed_run84spsww8_ELPH_hyperltuko28z,19.49,28.11,36.46,44.13,74.5,85.24,28.47,19.49,28.11,36.46,44.13,74.5,85.24,97.48,97.26,89.21,256,1024,0.0001,3,0.5,0.3
pubmed_run84spsww8_ELPH_hypercfugwe0c,19.49,28.11,36.46,44.13,74.5,85.24,28.47,19.49,28.11,36.46,44.13,74.5,85.24,97.48,97.26,89.21,256,1024,0.0001,3,0.5,0.5
pubmed_run84spsww8_ELPH_hyperfjz6ygq8,19.49,28.11,36.46,44.13,74.5,85.24,28.47,19.49,28.11,36.46,44.13,74.5,85.24,97.48,97.26,89.21,512,512,0.01,2,0.1,0.1
pubmed_run84spsww8_ELPH_hyperm01icojq,19.49,28.11,36.46,44.13,74.5,85.24,28.47,19.49,28.11,36.46,44.13,74.5,85.24,97.48,97.26,89.21,512,512,0.01,2,0.1,0.3
pubmed_run84spsww8_ELPH_hyperxo3ystx9,19.49,28.11,36.46,44.13,74.5,85.24,28.47,19.49,28.11,36.46,44.13,74.5,85.24,97.48,97.26,89.21,512,512,0.01,2,0.1,0.5
pubmed_run84spsww8_ELPH_hyper96p2oy1w,19.49,28.11,36.46,44.13,74.5,85.24,28.47,19.49,28.11,36.46,44.13,74.5,85.24,97.48,97.26,89.21,512,512,0.01,2,0.3,0.1
pubmed_run84spsww8_ELPH_hyperoqyc14pq,19.49,28.11,36.46,44.13,74.5,85.24,28.47,19.49,28.11,36.46,44.13,74.5,85.24,97.48,97.26,89.21,512,512,0.01,2,0.3,0.3
pubmed_run84spsww8_ELPH_hyperkv2ilcg1,19.49,28.11,36.46,44.13,74.5,85.24,28.47,19.49,28.11,36.46,44.13,74.5,85.24,97.48,97.26,89.21,512,512,0.01,2,0.3,0.5
pubmed_run84spsww8_ELPH_hyperjliku3km,19.49,28.11,36.46,44.13,74.5,85.24,28.47,19.49,28.11,36.46,44.13,74.5,85.24,97.48,97.26,89.21,512,512,0.01,2,0.5,0.1
pubmed_run84spsww8_ELPH_hyper3eqmhdsk,19.49,28.11,36.46,44.13,74.5,85.24,28.47,19.49,28.11,36.46,44.13,74.5,85.24,97.48,97.26,89.21,512,512,0.01,2,0.5,0.3
pubmed_run84spsww8_ELPH_hyper2lnh2n7j,19.49,28.11,36.46,44.13,74.5,85.24,28.47,19.49,28.11,36.46,44.13,74.5,85.24,97.48,97.26,89.21,512,512,0.01,2,0.5,0.5
pubmed_run84spsww8_ELPH_hyperoa2n2uj3,19.49,28.11,36.46,44.13,74.5,85.24,28.47,19.49,28.11,36.46,44.13,74.5,85.24,97.48,97.26,89.21,512,512,0.01,3,0.1,0.1
pubmed_run84spsww8_ELPH_hyperdtdhve7z,19.49,28.11,36.46,44.13,74.5,85.24,28.47,19.49,28.11,36.46,44.13,74.5,85.24,97.48,97.26,89.21,512,512,0.01,3,0.1,0.3
pubmed_run84spsww8_ELPH_hyperb9ir5mr0,19.49,28.11,36.46,44.13,74.5,85.24,28.47,19.49,28.11,36.46,44.13,74.5,85.24,97.48,97.26,89.21,512,512,0.01,3,0.1,0.5
pubmed_run84spsww8_ELPH_hypersttefg1m,19.49,28.11,36.46,44.13,74.5,85.24,28.47,19.49,28.11,36.46,44.13,74.5,85.24,97.48,97.26,89.21,512,512,0.01,3,0.3,0.1
pubmed_run84spsww8_ELPH_hyperjymxrp5n,19.49,28.11,36.46,44.13,74.5,85.24,28.47,19.49,28.11,36.46,44.13,74.5,85.24,97.48,97.26,89.21,512,512,0.01,3,0.3,0.3
pubmed_run84spsww8_ELPH_hyper470skjjf,19.49,28.11,36.46,44.13,74.5,85.24,28.47,19.49,28.11,36.46,44.13,74.5,85.24,97.48,97.26,89.21,512,512,0.01,3,0.3,0.5
pubmed_run84spsww8_ELPH_hyper9tzenixo,19.49,28.11,36.46,44.13,74.5,85.24,28.47,19.49,28.11,36.46,44.13,74.5,85.24,97.48,97.26,89.21,512,512,0.01,3,0.5,0.1
pubmed_run84spsww8_ELPH_hyper5xk1psbu,19.49,28.11,36.46,44.13,74.5,85.24,28.47,19.49,28.11,36.46,44.13,74.5,85.24,97.48,97.26,89.21,512,512,0.01,3,0.5,0.3
pubmed_run84spsww8_ELPH_hypern1c8rlgo,19.49,28.11,36.46,44.13,74.5,85.24,28.47,19.49,28.11,36.46,44.13,74.5,85.24,97.48,97.26,89.21,512,512,0.01,3,0.5,0.5
pubmed_run84spsww8_ELPH_hyperbbaq56oi,19.49,28.11,36.46,44.13,74.5,85.24,28.47,19.49,28.11,36.46,44.13,74.5,85.24,97.48,97.26,89.21,512,512,0.001,2,0.1,0.1
pubmed_run84spsww8_ELPH_hyperkwft9gsg,19.49,28.11,36.46,44.13,74.5,85.24,28.47,19.49,28.11,36.46,44.13,74.5,85.24,97.48,97.26,89.21,512,512,0.001,2,0.1,0.3
pubmed_run84spsww8_ELPH_hyperoe06c7fw,19.49,28.11,36.46,44.13,74.5,85.24,28.47,19.49,28.11,36.46,44.13,74.5,85.24,97.48,97.26,89.21,512,512,0.001,2,0.1,0.5
pubmed_run84spsww8_ELPH_hyper23fs7xxv,19.49,28.11,36.46,44.13,74.5,85.24,28.47,19.49,28.11,36.46,44.13,74.5,85.24,97.48,97.26,89.21,512,512,0.001,2,0.3,0.1
pubmed_run84spsww8_ELPH_hyper735gdt00,19.49,28.11,36.46,44.13,74.5,85.24,28.47,19.49,28.11,36.46,44.13,74.5,85.24,97.48,97.26,89.21,512,512,0.001,2,0.3,0.3
pubmed_run84spsww8_ELPH_hyper9zyckqkj,19.49,28.11,36.46,44.13,74.5,85.24,28.47,19.49,28.11,36.46,44.13,74.5,85.24,97.48,97.26,89.21,512,512,0.001,2,0.3,0.5
pubmed_run84spsww8_ELPH_hyperswtbls4a,19.49,28.11,36.46,44.13,74.5,85.24,28.47,19.49,28.11,36.46,44.13,74.5,85.24,97.48,97.26,89.21,512,512,0.001,2,0.5,0.1
pubmed_run84spsww8_ELPH_hyperyll2y1sd,19.49,28.11,36.46,44.13,74.5,85.24,28.47,19.49,28.11,36.46,44.13,74.5,85.24,97.48,97.26,89.21,512,512,0.001,2,0.5,0.3
pubmed_run84spsww8_ELPH_hyperlwt9az2r,19.49,28.11,36.46,44.13,74.5,85.24,28.47,19.49,28.11,36.46,44.13,74.5,85.24,97.48,97.26,89.21,512,512,0.001,2,0.5,0.5
pubmed_run84spsww8_ELPH_hyperf0snhox4,19.49,28.11,36.46,44.13,74.5,85.24,28.47,19.49,28.11,36.46,44.13,74.5,85.24,97.48,97.26,89.21,512,512,0.001,3,0.1,0.1
pubmed_run84spsww8_ELPH_hyperohmjh349,19.49,28.11,36.46,44.13,74.5,85.24,28.47,19.49,28.11,36.46,44.13,74.5,85.24,97.48,97.26,89.21,512,512,0.001,3,0.1,0.3
pubmed_run84spsww8_ELPH_hyper54y59s8r,19.49,28.11,36.46,44.13,74.5,85.24,28.47,19.49,28.11,36.46,44.13,74.5,85.24,97.48,97.26,89.21,512,512,0.001,3,0.1,0.5
pubmed_run84spsww8_ELPH_hyperc23foh2i,19.49,28.11,36.46,44.13,74.5,85.24,28.47,19.49,28.11,36.46,44.13,74.5,85.24,97.48,97.26,89.21,512,512,0.001,3,0.3,0.1
pubmed_run84spsww8_ELPH_hyperrwihhvok,19.49,28.11,36.46,44.13,74.5,85.24,28.47,19.49,28.11,36.46,44.13,74.5,85.24,97.48,97.26,89.21,512,512,0.001,3,0.3,0.3
pubmed_run84spsww8_ELPH_hypergmcfdwfn,19.49,28.11,36.46,44.13,74.5,85.24,28.47,19.49,28.11,36.46,44.13,74.5,85.24,97.48,97.26,89.21,512,512,0.001,3,0.3,0.5
pubmed_run84spsww8_ELPH_hyperzm9chvsu,19.49,28.11,36.46,44.13,74.5,85.24,28.47,19.49,28.11,36.46,44.13,74.5,85.24,97.48,97.26,89.21,512,512,0.001,3,0.5,0.1
pubmed_run84spsww8_ELPH_hypervt7n2tst,19.49,28.11,36.46,44.13,74.5,85.24,28.47,19.49,28.11,36.46,44.13,74.5,85.24,97.48,97.26,89.21,512,512,0.001,3,0.5,0.3
pubmed_run84spsww8_ELPH_hypers9bjgej0,19.49,28.11,36.46,44.13,74.5,85.24,28.47,19.49,28.11,36.46,44.13,74.5,85.24,97.48,97.26,89.21,512,512,0.001,3,0.5,0.5
pubmed_run84spsww8_ELPH_hyperdr1j9flz,19.49,28.11,36.46,44.13,74.5,85.24,28.47,19.49,28.11,36.46,44.13,74.5,85.24,97.48,97.26,90.37,512,512,0.0001,2,0.1,0.1
pubmed_run84spsww8_ELPH_hyperixz7u94b,19.49,28.11,36.46,44.13,74.5,85.24,28.47,19.49,28.11,36.46,44.13,74.5,85.24,97.48,97.26,90.37,512,512,0.0001,2,0.1,0.3
pubmed_run84spsww8_ELPH_hyperbffgpodh,19.49,28.11,36.46,44.13,74.5,85.24,28.47,19.49,28.11,36.46,44.13,74.5,85.24,97.48,97.26,90.37,512,512,0.0001,2,0.1,0.5
pubmed_run84spsww8_ELPH_hyperc4f1uw2p,19.49,28.11,36.46,44.13,74.5,85.24,28.47,19.49,28.11,36.46,44.13,74.5,85.24,97.48,97.26,92.06,512,512,0.0001,2,0.3,0.1
pubmed_run84spsww8_ELPH_hypergd3ta5gb,19.49,28.11,36.46,44.13,74.5,85.24,28.47,19.49,28.11,36.46,44.13,74.5,85.24,97.48,97.26,92.06,512,512,0.0001,2,0.3,0.3
pubmed_run84spsww8_ELPH_hyperucvflkp6,19.49,28.11,36.46,44.13,74.5,85.24,28.47,19.49,28.11,36.46,44.13,74.5,85.24,97.48,97.26,92.06,512,512,0.0001,2,0.3,0.5
pubmed_run84spsww8_ELPH_hyper4zmev460,19.49,28.11,36.46,44.13,74.5,85.24,28.47,19.49,28.11,36.46,44.13,74.5,85.24,97.48,97.26,92.06,512,512,0.0001,2,0.5,0.1
pubmed_run84spsww8_ELPH_hyper20adk1wz,19.49,28.11,36.46,44.13,74.5,85.24,28.47,19.49,28.11,36.46,44.13,74.5,85.24,97.48,97.26,92.06,512,512,0.0001,2,0.5,0.3
pubmed_run84spsww8_ELPH_hyper47xkrghi,19.49,28.11,36.46,44.13,74.5,85.24,28.47,19.49,28.11,36.46,44.13,74.5,85.24,97.48,97.26,92.06,512,512,0.0001,2,0.5,0.5
pubmed_run84spsww8_ELPH_hyperqsq90ol8,19.49,28.11,36.46,44.13,74.5,85.24,28.47,19.49,28.11,36.46,44.13,74.5,85.24,97.48,97.26,92.06,512,512,0.0001,3,0.1,0.1
pubmed_run84spsww8_ELPH_hyperdnqmqf4l,19.49,28.11,36.46,44.13,74.5,85.24,28.47,19.49,28.11,36.46,44.13,74.5,85.24,97.48,97.26,92.06,512,512,0.0001,3,0.1,0.3
pubmed_run84spsww8_ELPH_hyper4udy4k00,19.49,28.11,36.46,44.13,74.5,85.24,28.47,19.49,28.11,36.46,44.13,74.5,85.24,97.48,97.26,92.06,512,512,0.0001,3,0.1,0.5
pubmed_run84spsww8_ELPH_hyper6z1cg4or,19.49,28.11,36.46,44.13,74.5,85.24,28.47,19.49,28.11,36.46,44.13,74.5,85.24,97.48,97.26,92.06,512,512,0.0001,3,0.3,0.1
pubmed_run84spsww8_ELPH_hyperf34o7eei,19.49,28.11,36.46,44.13,74.5,85.24,28.47,19.49,28.11,36.46,44.13,74.5,85.24,97.48,97.26,92.06,512,512,0.0001,3,0.3,0.3
pubmed_run84spsww8_ELPH_hypercorzcqqc,19.49,28.11,36.46,44.13,74.5,85.24,28.47,19.49,28.11,36.46,44.13,74.5,85.24,97.48,97.26,92.06,512,512,0.0001,3,0.3,0.5
pubmed_run84spsww8_ELPH_hyper654u1z2k,19.49,28.11,36.46,44.13,74.5,85.24,28.47,19.49,28.11,36.46,44.13,74.5,85.24,97.48,97.26,92.06,512,512,0.0001,3,0.5,0.1
pubmed_run84spsww8_ELPH_hypercsbl2bj1,19.49,28.11,36.46,44.13,74.5,85.24,28.47,19.49,28.11,36.46,44.13,74.5,85.24,97.48,97.26,92.06,512,512,0.0001,3,0.5,0.3
pubmed_run84spsww8_ELPH_hyperx7192l7k,19.49,28.11,36.46,44.13,74.5,85.24,28.47,19.49,28.11,36.46,44.13,74.5,85.24,97.48,97.26,92.06,512,512,0.0001,3,0.5,0.5
pubmed_run84spsww8_ELPH_hyperpk2f6hoq,19.49,28.11,36.46,44.13,74.5,85.24,28.47,19.49,28.11,36.46,44.13,74.5,85.24,97.48,97.26,92.06,512,1024,0.01,2,0.1,0.1
pubmed_run84spsww8_ELPH_hyperf4txrazc,19.49,28.11,36.46,44.13,74.5,85.24,28.47,19.49,28.11,36.46,44.13,74.5,85.24,97.48,97.26,92.06,512,1024,0.01,2,0.1,0.3
pubmed_run84spsww8_ELPH_hyperwmi4pre1,19.49,28.11,36.46,44.13,74.5,85.24,28.47,19.49,28.11,36.46,44.13,74.5,85.24,97.48,97.26,92.06,512,1024,0.01,2,0.1,0.5
pubmed_run84spsww8_ELPH_hyper7imkyhza,19.49,28.11,36.46,44.13,74.5,85.24,28.47,19.49,28.11,36.46,44.13,74.5,85.24,97.48,97.26,92.06,512,1024,0.01,2,0.3,0.1
pubmed_run84spsww8_ELPH_hyperk97jpg3d,19.49,28.11,36.46,44.13,74.5,85.24,28.47,19.49,28.11,36.46,44.13,74.5,85.24,97.48,97.26,92.06,512,1024,0.01,2,0.3,0.3
pubmed_run84spsww8_ELPH_hyper0rkwcdgw,19.49,28.11,36.46,44.13,74.5,85.24,28.47,19.49,28.11,36.46,44.13,74.5,85.24,97.48,97.26,92.06,512,1024,0.01,2,0.3,0.5
pubmed_run84spsww8_ELPH_hyperjxsmauj7,19.49,28.11,36.46,44.13,74.5,85.24,28.47,19.49,28.11,36.46,44.13,74.5,85.24,97.48,97.26,92.06,512,1024,0.01,2,0.5,0.1
pubmed_run84spsww8_ELPH_hyperjfp44jou,19.49,28.11,36.46,44.13,74.5,85.24,28.47,19.49,28.11,36.46,44.13,74.5,85.24,97.48,97.26,92.06,512,1024,0.01,2,0.5,0.3
pubmed_run84spsww8_ELPH_hyperj2c9de9o,19.49,28.11,36.46,44.13,74.5,85.24,28.47,19.49,28.11,36.46,44.13,74.5,85.24,97.48,97.26,92.06,512,1024,0.01,2,0.5,0.5
pubmed_run84spsww8_ELPH_hyperofnsnv1j,19.49,28.11,36.46,44.13,74.5,85.24,28.47,19.49,28.11,36.46,44.13,74.5,85.24,97.48,97.26,92.06,512,1024,0.01,3,0.1,0.1
pubmed_run84spsww8_ELPH_hyperytbif5wf,19.49,28.11,36.46,44.13,74.5,85.24,28.47,19.49,28.11,36.46,44.13,74.5,85.24,97.48,97.26,92.06,512,1024,0.01,3,0.1,0.3
pubmed_run84spsww8_ELPH_hyperum9j05nd,19.49,28.11,36.46,44.13,74.5,85.24,28.47,19.49,28.11,36.46,44.13,74.5,85.24,97.48,97.26,92.06,512,1024,0.01,3,0.1,0.5
pubmed_run84spsww8_ELPH_hyper1ayctbp5,19.49,28.11,36.46,44.13,74.5,85.24,28.47,19.49,28.11,36.46,44.13,74.5,85.24,97.48,97.26,92.06,512,1024,0.01,3,0.3,0.1
pubmed_run84spsww8_ELPH_hyperyecytvln,19.49,28.11,36.46,44.13,74.5,85.24,28.47,19.49,28.11,36.46,44.13,74.5,85.24,97.48,97.26,92.06,512,1024,0.01,3,0.3,0.3
pubmed_run84spsww8_ELPH_hyperjjrub4kj,19.49,28.11,36.46,44.13,74.5,85.24,28.47,19.49,28.11,36.46,44.13,74.5,85.24,97.48,97.26,92.06,512,1024,0.01,3,0.3,0.5
pubmed_run84spsww8_ELPH_hyperr8nfw342,19.49,28.11,36.46,44.13,74.5,85.24,28.47,19.49,28.11,36.46,44.13,74.5,85.24,97.48,97.26,92.06,512,1024,0.01,3,0.5,0.1
pubmed_run84spsww8_ELPH_hypercbrarkx1,19.49,28.11,36.46,44.13,74.5,85.24,28.47,19.49,28.11,36.46,44.13,74.5,85.24,97.48,97.26,92.06,512,1024,0.01,3,0.5,0.3
pubmed_run84spsww8_ELPH_hyperk9e6xuv2,19.49,28.11,36.46,44.13,74.5,85.24,28.47,19.49,28.11,36.46,44.13,74.5,85.24,97.48,97.26,92.06,512,1024,0.01,3,0.5,0.5
pubmed_run84spsww8_ELPH_hyperb6ggz8na,19.49,28.11,36.46,44.13,74.5,85.24,28.47,19.49,28.11,36.46,44.13,74.5,85.24,97.48,97.26,92.06,512,1024,0.001,2,0.1,0.1
pubmed_run84spsww8_ELPH_hyper7u5pfasq,19.49,28.11,36.46,44.13,74.5,85.24,28.47,19.49,28.11,36.46,44.13,74.5,85.24,97.48,97.26,92.06,512,1024,0.001,2,0.1,0.3
pubmed_run84spsww8_ELPH_hyperwc79hllc,19.49,28.11,36.46,44.13,74.5,85.24,28.47,19.49,28.11,36.46,44.13,74.5,85.24,97.48,97.26,92.06,512,1024,0.001,2,0.1,0.5
pubmed_run84spsww8_ELPH_hyperwhh7mvvn,19.49,28.11,36.46,44.13,74.5,85.24,28.47,19.49,28.11,36.46,44.13,74.5,85.24,97.48,97.26,92.06,512,1024,0.001,2,0.3,0.1
pubmed_run84spsww8_ELPH_hypert41pmg0j,19.49,28.11,36.46,44.13,74.5,85.24,28.47,19.49,28.11,36.46,44.13,74.5,85.24,97.48,97.26,92.06,512,1024,0.001,2,0.3,0.3
pubmed_run84spsww8_ELPH_hyperkhrty1bu,19.49,28.11,36.46,44.13,74.5,85.24,28.47,19.49,28.11,36.46,44.13,74.5,85.24,97.48,97.26,92.06,512,1024,0.001,2,0.3,0.5
pubmed_run84spsww8_ELPH_hyper316lee0n,19.49,28.11,36.46,44.13,74.5,85.24,28.47,19.49,28.11,36.46,44.13,74.5,85.24,97.48,97.26,92.06,512,1024,0.001,2,0.5,0.1
pubmed_run84spsww8_ELPH_hyperzlbzsex2,19.49,28.11,36.46,44.13,74.5,85.24,28.47,19.49,28.11,36.46,44.13,74.5,85.24,97.48,97.26,92.06,512,1024,0.001,2,0.5,0.3
pubmed_run84spsww8_ELPH_hyperptz8t8wk,19.49,28.11,36.46,44.13,74.5,85.24,28.47,19.49,28.11,36.46,44.13,74.5,85.24,97.48,97.26,92.06,512,1024,0.001,2,0.5,0.5
pubmed_run84spsww8_ELPH_hyperlz1b2aup,19.49,28.11,36.46,44.13,74.5,85.24,28.47,19.49,28.11,36.46,44.13,74.5,85.24,97.48,97.26,92.06,512,1024,0.001,3,0.1,0.1
pubmed_run84spsww8_ELPH_hypermurklhsp,19.49,28.11,36.46,44.13,74.5,85.24,28.47,19.49,28.11,36.46,44.13,74.5,85.24,97.48,97.26,92.06,512,1024,0.001,3,0.1,0.3
pubmed_run84spsww8_ELPH_hyper3vi93idq,19.49,28.11,36.46,44.13,74.5,85.24,28.47,19.49,28.11,36.46,44.13,74.5,85.24,97.48,97.26,92.06,512,1024,0.001,3,0.1,0.5
pubmed_run84spsww8_ELPH_hyperkiwhrv7g,19.49,28.11,36.46,44.13,74.5,85.24,28.47,19.49,28.11,36.46,44.13,74.5,85.24,97.48,97.26,92.06,512,1024,0.001,3,0.3,0.1
pubmed_run84spsww8_ELPH_hypermx8bouzn,19.49,28.11,36.46,44.13,74.5,85.24,28.47,19.49,28.11,36.46,44.13,74.5,85.24,97.48,97.26,92.06,512,1024,0.001,3,0.3,0.3
pubmed_run84spsww8_ELPH_hypercn5u845e,19.49,28.11,36.46,44.13,74.5,85.24,28.47,19.49,28.11,36.46,44.13,74.5,85.24,97.48,97.26,92.06,512,1024,0.001,3,0.3,0.5
pubmed_run84spsww8_ELPH_hypergoq3wqec,19.49,28.11,36.46,44.13,74.5,85.24,28.47,19.49,28.11,36.46,44.13,74.5,85.24,97.48,97.26,92.06,512,1024,0.001,3,0.5,0.1
pubmed_run84spsww8_ELPH_hyper7wg3f0tq,19.49,28.11,36.46,44.13,74.5,85.24,28.47,19.49,28.11,36.46,44.13,74.5,85.24,97.48,97.26,92.06,512,1024,0.001,3,0.5,0.3
pubmed_run84spsww8_ELPH_hyper33mena6m,19.49,28.11,36.46,44.13,74.5,85.24,28.47,19.49,28.11,36.46,44.13,74.5,85.24,97.48,97.26,92.06,512,1024,0.001,3,0.5,0.5
pubmed_run84spsww8_ELPH_hypervaayiuxt,19.49,28.11,36.46,44.13,74.5,85.24,28.47,19.49,28.11,36.46,44.13,74.5,85.24,97.48,97.26,92.06,512,1024,0.0001,2,0.1,0.1
pubmed_run84spsww8_ELPH_hyperdy2yqiy3,19.49,28.11,36.46,44.13,74.5,85.24,28.47,19.49,28.11,36.46,44.13,74.5,85.24,97.48,97.26,92.06,512,1024,0.0001,2,0.1,0.3
pubmed_run84spsww8_ELPH_hyper549wbbnl,19.49,28.11,36.46,44.13,74.5,85.24,28.47,19.49,28.11,36.46,44.13,74.5,85.24,97.48,97.26,92.06,512,1024,0.0001,2,0.1,0.5
pubmed_run84spsww8_ELPH_hypert3ali6hy,19.49,28.11,36.46,44.13,74.5,85.24,28.47,19.49,28.11,36.46,44.13,74.5,85.24,97.48,97.26,92.06,512,1024,0.0001,2,0.3,0.1
pubmed_run84spsww8_ELPH_hyper6254cxjn,19.49,28.11,36.46,44.13,74.5,85.24,28.47,19.49,28.11,36.46,44.13,74.5,85.24,97.48,97.26,92.06,512,1024,0.0001,2,0.3,0.3
pubmed_run84spsww8_ELPH_hypern4sen0v7,19.49,28.11,36.46,44.13,74.5,85.24,28.47,19.49,28.11,36.46,44.13,74.5,85.24,97.48,97.26,92.06,512,1024,0.0001,2,0.3,0.5
pubmed_run84spsww8_ELPH_hyperirskbcot,19.49,28.11,36.46,44.13,74.5,85.24,28.47,19.49,28.11,36.46,44.13,74.5,85.24,97.48,97.26,92.06,512,1024,0.0001,2,0.5,0.1
pubmed_run84spsww8_ELPH_hyper6bjs4fcc,19.49,28.11,36.46,44.13,74.5,85.24,28.47,19.49,28.11,36.46,44.13,74.5,85.24,97.48,97.26,92.06,512,1024,0.0001,2,0.5,0.3
pubmed_run84spsww8_ELPH_hyperr5qzcxd1,19.49,28.11,36.46,44.13,74.5,85.24,28.47,19.49,28.11,36.46,44.13,74.5,85.24,97.48,97.26,92.06,512,1024,0.0001,2,0.5,0.5
pubmed_run84spsww8_ELPH_hyperfblz0nnb,19.49,28.11,36.46,44.13,74.5,85.24,28.47,19.49,28.11,36.46,44.13,74.5,85.24,97.48,97.26,92.06,512,1024,0.0001,3,0.1,0.1
pubmed_run84spsww8_ELPH_hyper2wguieun,19.49,28.11,36.46,44.13,74.5,85.24,28.47,19.49,28.11,36.46,44.13,74.5,85.24,97.48,97.26,92.06,512,1024,0.0001,3,0.1,0.3
pubmed_run84spsww8_ELPH_hyperesz7giha,19.49,28.11,36.46,44.13,74.5,85.24,28.47,19.49,28.11,36.46,44.13,74.5,85.24,97.48,97.26,92.06,512,1024,0.0001,3,0.1,0.5
pubmed_run84spsww8_ELPH_hypera0p6wlm8,19.49,28.11,36.46,44.13,74.5,85.24,28.47,19.49,28.11,36.46,44.13,74.5,85.24,97.48,97.26,92.06,512,1024,0.0001,3,0.3,0.1
pubmed_run84spsww8_ELPH_hyper50hzk0z7,19.49,28.11,36.46,44.13,74.5,85.24,28.47,19.49,28.11,36.46,44.13,74.5,85.24,97.48,97.26,92.06,512,1024,0.0001,3,0.3,0.3
pubmed_run84spsww8_ELPH_hyper0vn8ne26,19.49,28.11,36.46,44.13,74.5,85.24,28.47,19.49,28.11,36.46,44.13,74.5,85.24,97.48,97.26,92.06,512,1024,0.0001,3,0.3,0.5
pubmed_run84spsww8_ELPH_hyperu941alm1,19.49,28.11,36.46,44.13,74.5,85.24,28.47,19.49,28.11,36.46,44.13,74.5,85.24,97.48,97.26,92.06,512,1024,0.0001,3,0.5,0.1
pubmed_run84spsww8_ELPH_hyper2g03t8gd,19.49,28.11,36.46,44.13,74.5,85.24,28.47,19.49,28.11,36.46,44.13,74.5,85.24,97.48,97.26,92.06,512,1024,0.0001,3,0.5,0.3
pubmed_run84spsww8_ELPH_hyperar8v7k28,19.49,28.11,36.46,44.13,74.5,85.24,28.47,19.49,28.11,36.46,44.13,74.5,85.24,97.48,97.26,92.06,512,1024,0.0001,3,0.5,0.5
pubmed_runnr527djb_ELPH_hyper3rdrooof,19.95,32.08,48.69,55.96,62.95,69.54,27.14,19.95,32.08,48.69,55.96,62.95,69.54,93.96,94.45,53.54,128,512,0.01,2,0.1,0.1
pubmed_runnr527djb_ELPH_hypere09buaio,19.95,32.08,48.69,55.96,62.95,69.54,27.14,19.95,32.08,48.69,55.96,62.95,69.54,93.96,94.45,55.46,128,512,0.01,2,0.1,0.3
pubmed_runnr527djb_ELPH_hyper9uej240p,19.95,32.08,50.41,55.96,62.95,69.54,27.14,19.95,32.08,50.41,55.96,62.95,69.54,93.96,94.45,55.46,128,512,0.01,2,0.1,0.5
pubmed_runnr527djb_ELPH_hyperci9o69xw,19.95,32.08,50.41,55.96,62.95,69.54,27.14,19.95,32.08,50.41,55.96,62.95,69.54,93.96,94.45,55.46,128,512,0.01,2,0.3,0.1
pubmed_runnr527djb_ELPH_hypergkx5m0nl,19.95,30.51,50.41,53.66,62.95,69.54,27.14,19.95,30.51,50.41,53.66,62.95,69.54,93.96,94.45,55.46,128,512,0.01,2,0.3,0.3
pubmed_runnr527djb_ELPH_hyperqybao8g5,20.35,30.51,50.41,53.66,62.95,69.54,27.95,20.35,30.51,50.41,53.66,62.95,69.54,93.96,94.38,55.46,128,512,0.01,2,0.3,0.5
pubmed_runnr527djb_ELPH_hyperqvqlcngo,20.35,30.51,50.41,53.66,62.95,69.54,27.95,20.35,30.51,50.41,53.66,62.95,69.54,94.42,94.68,55.46,128,512,0.01,2,0.5,0.1
pubmed_runnr527djb_ELPH_hypermtf56m6d,20.35,24.1,44.63,53.66,62.95,69.54,24.45,20.35,24.1,44.63,53.66,62.95,69.54,94.42,94.68,55.46,128,512,0.01,2,0.5,0.3
pubmed_runnr527djb_ELPH_hyper9ekpimii,20.35,24.1,44.63,53.66,62.95,69.54,24.45,20.35,24.1,44.63,53.66,62.95,69.54,94.42,94.68,55.46,128,512,0.01,2,0.5,0.5
pubmed_runnr527djb_ELPH_hyper5ld5i95n,20.35,24.1,44.63,53.66,62.95,69.54,24.45,20.35,24.1,44.63,53.66,62.95,69.54,94.42,94.68,55.46,128,512,0.01,3,0.1,0.1
pubmed_runnr527djb_ELPH_hyperug7grvqv,20.35,24.1,44.63,53.66,62.95,69.54,24.45,20.35,24.1,44.63,53.66,62.95,69.54,94.42,94.68,55.46,128,512,0.01,3,0.1,0.3
pubmed_runnr527djb_ELPH_hyperav7u51xj,20.35,24.1,44.63,53.66,62.95,69.54,24.45,20.35,24.1,44.63,53.66,62.95,69.54,94.42,94.68,55.46,128,512,0.01,3,0.1,0.5
pubmed_runnr527djb_ELPH_hypergnn10h4n,20.35,24.1,44.63,53.66,62.95,69.54,24.45,20.35,24.1,44.63,53.66,62.95,69.54,94.42,94.68,55.46,128,512,0.01,3,0.3,0.1
pubmed_runnr527djb_ELPH_hyperh128phaw,20.35,24.1,44.63,53.66,62.95,69.54,24.45,20.35,24.1,44.63,53.66,62.95,69.54,94.42,94.68,55.46,128,512,0.01,3,0.3,0.3
pubmed_runnr527djb_ELPH_hyper8ocwbv9k,20.35,24.1,44.63,53.66,62.95,69.54,24.45,20.35,24.1,44.63,53.66,62.95,69.54,94.42,94.68,55.46,128,512,0.01,3,0.3,0.5
pubmed_runnr527djb_ELPH_hyperp5ynsatm,20.35,24.1,44.63,53.66,62.95,69.54,24.45,20.35,24.1,44.63,53.66,62.95,69.54,94.42,94.68,55.46,128,512,0.01,3,0.5,0.1
pubmed_runnr527djb_ELPH_hyperijyshmf4,20.35,24.1,44.63,53.66,62.95,69.54,24.45,20.35,24.1,44.63,53.66,62.95,69.54,94.42,94.68,55.46,128,512,0.01,3,0.5,0.3
pubmed_runnr527djb_ELPH_hyper9v0q1jvg,20.35,24.1,44.63,53.66,62.95,69.54,24.45,20.35,24.1,44.63,53.66,62.95,69.54,94.42,94.68,55.46,128,512,0.01,3,0.5,0.5
pubmed_runnr527djb_ELPH_hyper67xw40ql,20.35,24.1,44.63,53.66,62.95,80.69,24.45,20.35,24.1,44.63,53.66,62.95,80.69,96.99,96.87,89.91,128,512,0.001,2,0.1,0.1
pubmed_runnr527djb_ELPH_hyper08qe73iz,20.35,24.1,43.37,53.66,62.95,80.69,24.45,20.35,24.1,43.37,53.66,62.95,80.69,96.99,96.87,89.91,128,512,0.001,2,0.1,0.3
pubmed_runnr527djb_ELPH_hyperff505kps,20.35,24.1,43.37,53.66,62.95,80.69,24.45,20.35,24.1,43.37,53.66,62.95,80.69,96.99,96.87,89.91,128,512,0.001,2,0.1,0.5
pubmed_runnr527djb_ELPH_hyperr9m8jy55,20.35,24.1,43.37,53.66,62.95,79.24,24.45,20.35,24.1,43.37,53.66,62.95,79.24,97.09,96.93,89.91,128,512,0.001,2,0.3,0.1
pubmed_runnr527djb_ELPH_hypery8zqsrjj,20.35,24.1,43.37,53.66,62.95,79.24,24.45,20.35,24.1,43.37,53.66,62.95,79.24,97.09,96.93,89.91,128,512,0.001,2,0.3,0.3
pubmed_runnr527djb_ELPH_hyper0egfo0xs,20.35,24.1,43.37,53.66,62.95,79.24,24.45,20.35,24.1,43.37,53.66,62.95,79.24,97.09,96.93,89.91,128,512,0.001,2,0.3,0.5
pubmed_runnr527djb_ELPH_hypernsnma2k9,23.42,24.1,46.53,59.25,70.76,83.53,29.79,23.42,24.1,46.53,59.25,70.76,83.53,97.32,97.25,89.91,128,512,0.001,2,0.5,0.1
pubmed_runnr527djb_ELPH_hyperxmx460xc,23.42,24.1,46.53,59.25,70.76,83.53,29.79,23.42,24.1,46.53,59.25,70.76,83.53,97.32,97.25,89.91,128,512,0.001,2,0.5,0.3
pubmed_runnr527djb_ELPH_hyperr7y9cuj3,23.42,24.1,46.53,59.25,70.76,83.53,29.79,23.42,24.1,46.53,59.25,70.76,83.53,97.32,97.25,89.91,128,512,0.001,2,0.5,0.5
pubmed_runnr527djb_ELPH_hypert0ts6mg7,23.42,24.1,46.53,59.25,70.76,83.53,29.79,23.42,24.1,46.53,59.25,70.76,83.53,97.32,97.25,89.91,128,512,0.001,3,0.1,0.1
pubmed_runnr527djb_ELPH_hyperh76fabey,23.42,24.1,46.53,59.25,70.76,83.53,29.79,23.42,24.1,46.53,59.25,70.76,83.53,97.32,97.25,89.91,128,512,0.001,3,0.1,0.3
pubmed_runnr527djb_ELPH_hyperrq0iowmx,23.42,24.1,46.53,59.25,70.76,83.53,29.79,23.42,24.1,46.53,59.25,70.76,83.53,97.32,97.25,89.91,128,512,0.001,3,0.1,0.5
pubmed_runnr527djb_ELPH_hyper2mmbophf,23.42,24.1,46.53,59.25,70.76,83.53,29.79,23.42,24.1,46.53,59.25,70.76,83.53,97.32,97.25,89.91,128,512,0.001,3,0.3,0.1
pubmed_runnr527djb_ELPH_hyperwziptqoz,23.42,24.1,46.53,59.25,70.76,83.53,29.79,23.42,24.1,46.53,59.25,70.76,83.53,97.32,97.25,89.91,128,512,0.001,3,0.3,0.3
pubmed_runnr527djb_ELPH_hyperzd4i9t6b,23.42,24.1,46.53,59.25,70.76,83.53,29.79,23.42,24.1,46.53,59.25,70.76,83.53,97.32,97.25,89.91,128,512,0.001,3,0.3,0.5
pubmed_runnr527djb_ELPH_hyperp5gtsyb4,23.42,24.1,46.53,59.25,70.76,83.53,29.79,23.42,24.1,46.53,59.25,70.76,83.53,97.32,97.25,89.91,128,512,0.001,3,0.5,0.1
pubmed_runnr527djb_ELPH_hyperdqq52rsf,23.42,24.1,46.53,59.25,70.76,83.53,29.79,23.42,24.1,46.53,59.25,70.76,83.53,97.32,97.25,89.91,128,512,0.001,3,0.5,0.3
pubmed_runnr527djb_ELPH_hyperg6io5ayq,23.42,24.1,46.53,59.25,70.76,83.53,29.79,23.42,24.1,46.53,59.25,70.76,83.53,97.32,97.25,89.91,128,512,0.001,3,0.5,0.5
pubmed_runnr527djb_ELPH_hyperfsayt07h,23.42,24.1,46.53,59.25,70.76,83.53,29.79,23.42,24.1,46.53,59.25,70.76,83.53,97.32,97.25,89.67,128,512,0.0001,2,0.1,0.1
pubmed_runnr527djb_ELPH_hyperb0kipy3b,23.42,24.1,46.53,59.25,70.76,83.53,29.79,23.42,24.1,46.53,59.25,70.76,83.53,97.32,97.25,70.33,128,512,0.0001,2,0.1,0.3
pubmed_runnr527djb_ELPH_hyperxw13x90h,23.42,24.1,46.53,59.25,70.76,83.53,29.79,23.42,24.1,46.53,59.25,70.76,83.53,97.32,97.25,70.33,128,512,0.0001,2,0.1,0.5
pubmed_runnr527djb_ELPH_hyperf8olvgij,23.42,24.1,46.53,59.25,70.76,83.53,29.79,23.42,24.1,46.53,59.25,70.76,83.53,97.32,97.25,70.33,128,512,0.0001,2,0.3,0.1
pubmed_runnr527djb_ELPH_hyperd37xnoq9,23.42,24.1,46.53,59.25,70.76,83.53,29.79,23.42,24.1,46.53,59.25,70.76,83.53,97.32,97.25,70.33,128,512,0.0001,2,0.3,0.3
pubmed_runnr527djb_ELPH_hypers1v44sax,23.42,24.1,46.53,59.25,70.76,83.53,29.79,23.42,24.1,46.53,59.25,70.76,83.53,97.32,97.25,65.37,128,512,0.0001,2,0.3,0.5
pubmed_runnr527djb_ELPH_hyper33y9y7pb,23.42,24.1,46.53,59.25,70.76,83.53,29.79,23.42,24.1,46.53,59.25,70.76,83.53,97.32,97.25,65.37,128,512,0.0001,2,0.5,0.1
pubmed_runnr527djb_ELPH_hyperwloq53zq,23.42,24.1,46.53,59.25,70.76,83.53,29.79,23.42,24.1,46.53,59.25,70.76,83.53,97.32,97.25,82.96,128,512,0.0001,2,0.5,0.3
pubmed_runnr527djb_ELPH_hyperhrd9e0v4,23.42,24.1,46.53,59.25,70.76,83.53,29.79,23.42,24.1,46.53,59.25,70.76,83.53,97.32,97.25,82.96,128,512,0.0001,2,0.5,0.5
pubmed_runnr527djb_ELPH_hyper7k3rzr2t,23.42,24.1,46.53,59.25,70.76,83.53,29.79,23.42,24.1,46.53,59.25,70.76,83.53,97.32,97.25,82.96,128,512,0.0001,3,0.1,0.1
pubmed_runnr527djb_ELPH_hyperlj0irvml,23.42,24.1,46.53,59.25,70.76,83.53,29.79,23.42,24.1,46.53,59.25,70.76,83.53,97.32,97.25,82.96,128,512,0.0001,3,0.1,0.3
pubmed_runnr527djb_ELPH_hyperndq8rbo4,23.42,24.1,46.53,59.25,70.76,83.53,29.79,23.42,24.1,46.53,59.25,70.76,83.53,97.32,97.25,82.96,128,512,0.0001,3,0.1,0.5
pubmed_runnr527djb_ELPH_hypery5ih0wom,23.42,24.1,46.53,59.25,70.76,83.53,29.79,23.42,24.1,46.53,59.25,70.76,83.53,97.32,97.25,82.96,128,512,0.0001,3,0.3,0.1
pubmed_runnr527djb_ELPH_hyper0mpiats2,23.42,24.1,46.53,59.25,70.76,83.53,29.79,23.42,24.1,46.53,59.25,70.76,83.53,97.32,97.25,82.96,128,512,0.0001,3,0.3,0.3
pubmed_runnr527djb_ELPH_hyperz61hfhqc,23.42,24.1,46.53,59.25,70.76,83.53,29.79,23.42,24.1,46.53,59.25,70.76,83.53,97.32,97.25,82.96,128,512,0.0001,3,0.3,0.5
pubmed_runnr527djb_ELPH_hypermuja2la5,23.42,24.1,46.53,59.25,70.76,83.53,29.79,23.42,24.1,46.53,59.25,70.76,83.53,97.32,97.25,82.96,128,512,0.0001,3,0.5,0.1
pubmed_runnr527djb_ELPH_hyperdbqq904q,23.42,24.1,46.53,59.25,70.76,83.53,29.79,23.42,24.1,46.53,59.25,70.76,83.53,97.32,97.25,82.96,128,512,0.0001,3,0.5,0.3
pubmed_runnr527djb_ELPH_hyper2ucnai92,23.42,24.1,46.53,59.25,70.76,83.53,29.79,23.42,24.1,46.53,59.25,70.76,83.53,97.32,97.25,82.96,128,512,0.0001,3,0.5,0.5
pubmed_runnr527djb_ELPH_hyper7f494jhu,23.42,24.1,46.53,59.25,70.76,83.53,29.79,23.42,24.1,46.53,59.25,70.76,83.53,97.32,97.25,82.96,128,1024,0.01,2,0.1,0.1
pubmed_runnr527djb_ELPH_hyperc8m5d2wa,23.42,24.1,46.53,59.25,70.76,83.53,29.79,23.42,24.1,46.53,59.25,70.76,83.53,97.32,97.25,82.96,128,1024,0.01,2,0.1,0.3
pubmed_runnr527djb_ELPH_hyperet2j72qc,23.42,24.1,46.53,59.25,70.76,83.53,29.79,23.42,24.1,46.53,59.25,70.76,83.53,97.32,97.25,82.96,128,1024,0.01,2,0.1,0.5
pubmed_runnr527djb_ELPH_hyperotlyt7z1,23.42,24.1,46.53,59.25,70.76,83.53,29.79,23.42,24.1,46.53,59.25,70.76,83.53,97.32,97.25,82.96,128,1024,0.01,2,0.3,0.1
pubmed_runnr527djb_ELPH_hyper0wh6x1qm,23.42,24.1,46.53,59.25,70.76,83.53,29.79,23.42,24.1,46.53,59.25,70.76,83.53,97.32,97.25,82.96,128,1024,0.01,2,0.3,0.3
pubmed_runnr527djb_ELPH_hyper2jdthmym,23.42,24.1,46.53,59.25,70.76,83.53,29.79,23.42,24.1,46.53,59.25,70.76,83.53,97.32,97.25,82.96,128,1024,0.01,2,0.3,0.5
pubmed_runnr527djb_ELPH_hyperwpb5rdfn,23.42,24.1,46.53,59.25,70.76,83.53,29.79,23.42,24.1,46.53,59.25,70.76,83.53,97.32,97.25,82.96,128,1024,0.01,2,0.5,0.1
pubmed_runnr527djb_ELPH_hyperamwxdrgw,23.42,24.1,46.53,59.25,70.76,83.53,29.79,23.42,24.1,46.53,59.25,70.76,83.53,97.32,97.25,82.96,128,1024,0.01,2,0.5,0.3
pubmed_runnr527djb_ELPH_hyperml542odt,23.42,24.1,46.53,59.25,70.76,83.53,29.79,23.42,24.1,46.53,59.25,70.76,83.53,97.32,97.25,82.96,128,1024,0.01,2,0.5,0.5
pubmed_runnr527djb_ELPH_hyperpczvv6oy,23.42,24.1,46.53,59.25,70.76,83.53,29.79,23.42,24.1,46.53,59.25,70.76,83.53,97.32,97.25,82.96,128,1024,0.01,3,0.1,0.1
pubmed_runnr527djb_ELPH_hyperyd88dyzg,23.42,24.1,46.53,59.25,70.76,83.53,29.79,23.42,24.1,46.53,59.25,70.76,83.53,97.32,97.25,82.96,128,1024,0.01,3,0.1,0.3
pubmed_runnr527djb_ELPH_hyper848xuovc,23.42,24.1,46.53,59.25,70.76,83.53,29.79,23.42,24.1,46.53,59.25,70.76,83.53,97.32,97.25,82.96,128,1024,0.01,3,0.1,0.5
pubmed_runnr527djb_ELPH_hyperqex9oa8h,23.42,24.1,46.53,59.25,70.76,83.53,29.79,23.42,24.1,46.53,59.25,70.76,83.53,97.32,97.25,82.96,128,1024,0.01,3,0.3,0.1
pubmed_runnr527djb_ELPH_hyper22uwrpxa,23.42,24.1,46.53,59.25,70.76,83.53,29.79,23.42,24.1,46.53,59.25,70.76,83.53,97.32,97.25,82.96,128,1024,0.01,3,0.3,0.3
pubmed_runnr527djb_ELPH_hyper02uj89e0,23.42,24.1,46.53,59.25,70.76,83.53,29.79,23.42,24.1,46.53,59.25,70.76,83.53,97.32,97.25,82.96,128,1024,0.01,3,0.3,0.5
pubmed_runnr527djb_ELPH_hyperb422bv2m,23.42,24.1,46.53,59.25,70.76,83.53,29.79,23.42,24.1,46.53,59.25,70.76,83.53,97.32,97.25,82.96,128,1024,0.01,3,0.5,0.1
pubmed_runnr527djb_ELPH_hyperrc54lavi,23.42,24.1,46.53,59.25,70.76,83.53,29.79,23.42,24.1,46.53,59.25,70.76,83.53,97.32,97.25,82.96,128,1024,0.01,3,0.5,0.3
pubmed_runnr527djb_ELPH_hyperrg5sxgob,23.42,24.1,46.53,59.25,70.76,83.53,29.79,23.42,24.1,46.53,59.25,70.76,83.53,97.32,97.25,82.96,128,1024,0.01,3,0.5,0.5
pubmed_runnr527djb_ELPH_hyperutqodd8a,23.42,24.1,46.53,59.25,70.76,83.53,29.79,23.42,24.1,46.53,59.25,70.76,83.53,97.32,97.25,82.96,128,1024,0.001,2,0.1,0.1
pubmed_runnr527djb_ELPH_hyper5q1k80mn,23.42,24.1,46.53,59.25,70.76,83.53,29.79,23.42,24.1,46.53,59.25,70.76,83.53,97.32,97.25,82.96,128,1024,0.001,2,0.1,0.3
pubmed_runnr527djb_ELPH_hyperzjemaklr,23.42,24.1,46.53,59.25,70.76,83.53,29.79,23.42,24.1,46.53,59.25,70.76,83.53,97.32,97.25,82.96,128,1024,0.001,2,0.1,0.5
pubmed_runnr527djb_ELPH_hyperrskblofp,23.42,24.1,46.53,59.25,70.76,83.53,29.79,23.42,24.1,46.53,59.25,70.76,83.53,97.32,97.25,82.96,128,1024,0.001,2,0.3,0.1
pubmed_runnr527djb_ELPH_hypervorhomer,23.42,24.1,46.53,59.25,70.76,83.53,29.79,23.42,24.1,46.53,59.25,70.76,83.53,97.32,97.25,82.96,128,1024,0.001,2,0.3,0.3
pubmed_runnr527djb_ELPH_hyper95ebf5ll,23.42,24.1,46.53,59.25,70.76,83.53,29.79,23.42,24.1,46.53,59.25,70.76,83.53,97.32,97.25,82.96,128,1024,0.001,2,0.3,0.5
pubmed_runnr527djb_ELPH_hyperf9648ozk,23.42,33.26,46.53,59.25,74.59,83.12,29.79,23.42,33.26,46.53,59.25,74.59,83.12,97.42,97.33,82.96,128,1024,0.001,2,0.5,0.1
pubmed_runnr527djb_ELPH_hyperiajr9mwo,23.42,33.26,46.53,59.25,74.59,83.12,29.79,23.42,33.26,46.53,59.25,74.59,83.12,97.42,97.33,82.96,128,1024,0.001,2,0.5,0.3
pubmed_runnr527djb_ELPH_hyper97gf1l0o,23.42,33.26,46.53,59.25,74.59,83.12,29.79,23.42,33.26,46.53,59.25,74.59,83.12,97.42,97.33,82.96,128,1024,0.001,2,0.5,0.5
pubmed_runnr527djb_ELPH_hyper3iqomkhz,23.42,33.26,46.53,59.25,74.59,83.12,29.79,23.42,33.26,46.53,59.25,74.59,83.12,97.42,97.33,82.96,128,1024,0.001,3,0.1,0.1
pubmed_runnr527djb_ELPH_hyper2zgxi41n,23.42,33.26,46.53,59.25,74.59,83.12,29.79,23.42,33.26,46.53,59.25,74.59,83.12,97.42,97.33,82.96,128,1024,0.001,3,0.1,0.3
pubmed_runnr527djb_ELPH_hyperuj8skfzv,23.42,33.26,46.53,59.25,74.59,83.12,29.79,23.42,33.26,46.53,59.25,74.59,83.12,97.42,97.33,82.96,128,1024,0.001,3,0.1,0.5
pubmed_runnr527djb_ELPH_hyper8ipojtfi,23.42,33.26,46.53,59.25,74.59,83.12,29.79,23.42,33.26,46.53,59.25,74.59,83.12,97.42,97.33,82.96,128,1024,0.001,3,0.3,0.1
pubmed_runnr527djb_ELPH_hyperdmdjk8o9,23.42,33.26,46.53,59.25,74.59,83.12,29.79,23.42,33.26,46.53,59.25,74.59,83.12,97.42,97.33,82.96,128,1024,0.001,3,0.3,0.3
pubmed_runnr527djb_ELPH_hyper7bow6m6t,23.42,33.26,46.53,59.25,74.59,83.12,29.79,23.42,33.26,46.53,59.25,74.59,83.12,97.42,97.33,82.96,128,1024,0.001,3,0.3,0.5
pubmed_runnr527djb_ELPH_hyperwqoxvbm2,23.42,33.26,46.53,59.25,74.59,83.12,29.79,23.42,33.26,46.53,59.25,74.59,83.12,97.42,97.33,82.96,128,1024,0.001,3,0.5,0.1
pubmed_runnr527djb_ELPH_hyper0sfyairo,23.42,33.26,46.53,59.25,74.59,83.12,29.79,23.42,33.26,46.53,59.25,74.59,83.12,97.42,97.33,82.96,128,1024,0.001,3,0.5,0.3
pubmed_runnr527djb_ELPH_hypern9en481m,23.42,33.26,46.53,59.25,74.59,83.12,29.79,23.42,33.26,46.53,59.25,74.59,83.12,97.42,97.33,82.96,128,1024,0.001,3,0.5,0.5
pubmed_runnr527djb_ELPH_hyperzqhr3pca,23.42,33.26,46.53,59.25,74.59,83.12,29.79,23.42,33.26,46.53,59.25,74.59,83.12,97.42,97.33,82.96,128,1024,0.0001,2,0.1,0.1
pubmed_runnr527djb_ELPH_hyperlngxsuxi,23.42,33.26,46.53,59.25,74.59,83.12,29.79,23.42,33.26,46.53,59.25,74.59,83.12,97.42,97.33,82.96,128,1024,0.0001,2,0.1,0.3
pubmed_runnr527djb_ELPH_hyper0ea8fk13,23.42,33.26,46.53,59.25,74.59,83.12,29.79,23.42,33.26,46.53,59.25,74.59,83.12,97.42,97.33,82.96,128,1024,0.0001,2,0.1,0.5
pubmed_runnr527djb_ELPH_hyperscq2nduv,23.42,33.26,46.53,59.25,74.59,83.12,29.79,23.42,33.26,46.53,59.25,74.59,83.12,97.42,97.33,82.96,128,1024,0.0001,2,0.3,0.1
pubmed_runnr527djb_ELPH_hypera220tkcx,23.42,33.26,46.53,59.25,74.59,83.12,29.79,23.42,33.26,46.53,59.25,74.59,83.12,97.42,97.33,82.96,128,1024,0.0001,2,0.3,0.3
pubmed_runnr527djb_ELPH_hyperfl0kpjhg,23.42,33.26,46.53,59.25,74.59,83.12,29.79,23.42,33.26,46.53,59.25,74.59,83.12,97.42,97.33,82.96,128,1024,0.0001,2,0.3,0.5
pubmed_runnr527djb_ELPH_hyperxr8vacpr,23.42,33.26,46.53,59.25,74.59,83.12,29.79,23.42,33.26,46.53,59.25,74.59,83.12,97.42,97.33,82.96,128,1024,0.0001,2,0.5,0.1
pubmed_runnr527djb_ELPH_hyperk3aqtm0n,23.42,33.26,46.53,59.25,74.59,83.12,29.79,23.42,33.26,46.53,59.25,74.59,83.12,97.42,97.33,82.96,128,1024,0.0001,2,0.5,0.3
pubmed_runnr527djb_ELPH_hyperwgfx7lsn,23.42,33.26,46.53,59.25,74.59,83.12,29.79,23.42,33.26,46.53,59.25,74.59,83.12,97.42,97.33,82.96,128,1024,0.0001,2,0.5,0.5
pubmed_runnr527djb_ELPH_hyperymhdvupv,23.42,33.26,46.53,59.25,74.59,83.12,29.79,23.42,33.26,46.53,59.25,74.59,83.12,97.42,97.33,82.96,128,1024,0.0001,3,0.1,0.1
pubmed_runnr527djb_ELPH_hyper1v9cpcao,23.42,33.26,46.53,59.25,74.59,83.12,29.79,23.42,33.26,46.53,59.25,74.59,83.12,97.42,97.33,82.96,128,1024,0.0001,3,0.1,0.3
pubmed_runnr527djb_ELPH_hyper5f1a7u9h,23.42,33.26,46.53,59.25,74.59,83.12,29.79,23.42,33.26,46.53,59.25,74.59,83.12,97.42,97.33,82.96,128,1024,0.0001,3,0.1,0.5
pubmed_runnr527djb_ELPH_hyperxh6xb268,23.42,33.26,46.53,59.25,74.59,83.12,29.79,23.42,33.26,46.53,59.25,74.59,83.12,97.42,97.33,82.96,128,1024,0.0001,3,0.3,0.1
pubmed_runnr527djb_ELPH_hyperceg5vj6q,23.42,33.26,46.53,59.25,74.59,83.12,29.79,23.42,33.26,46.53,59.25,74.59,83.12,97.42,97.33,82.96,128,1024,0.0001,3,0.3,0.3
pubmed_runnr527djb_ELPH_hyperj28a4svb,23.42,33.26,46.53,59.25,74.59,83.12,29.79,23.42,33.26,46.53,59.25,74.59,83.12,97.42,97.33,82.96,128,1024,0.0001,3,0.3,0.5
pubmed_runnr527djb_ELPH_hyper8j9mxr7b,23.42,33.26,46.53,59.25,74.59,83.12,29.79,23.42,33.26,46.53,59.25,74.59,83.12,97.42,97.33,82.96,128,1024,0.0001,3,0.5,0.1
pubmed_runnr527djb_ELPH_hypertcy6ccsf,23.42,33.26,46.53,59.25,74.59,83.12,29.79,23.42,33.26,46.53,59.25,74.59,83.12,97.42,97.33,82.96,128,1024,0.0001,3,0.5,0.3
pubmed_runnr527djb_ELPH_hyper75qedsek,23.42,33.26,46.53,59.25,74.59,83.12,29.79,23.42,33.26,46.53,59.25,74.59,83.12,97.42,97.33,82.96,128,1024,0.0001,3,0.5,0.5
pubmed_runnr527djb_ELPH_hyper6fkiwzee,23.42,33.26,46.53,59.25,74.59,83.12,29.79,23.42,33.26,46.53,59.25,74.59,83.12,97.42,97.33,82.96,256,512,0.01,2,0.1,0.1
pubmed_runnr527djb_ELPH_hyperr41chx8d,23.42,33.26,46.53,59.25,74.59,83.12,29.79,23.42,33.26,46.53,59.25,74.59,83.12,97.42,97.33,82.96,256,512,0.01,2,0.1,0.3
pubmed_runnr527djb_ELPH_hyper3fqlrca6,23.42,33.26,46.53,59.25,74.59,83.12,29.79,23.42,33.26,46.53,59.25,74.59,83.12,97.42,97.33,82.96,256,512,0.01,2,0.1,0.5
pubmed_runnr527djb_ELPH_hyperwqt25smr,23.42,33.26,46.53,59.25,74.59,83.12,29.79,23.42,33.26,46.53,59.25,74.59,83.12,97.42,97.33,82.96,256,512,0.01,2,0.3,0.1
pubmed_runnr527djb_ELPH_hyperspv3gg95,23.42,33.26,46.53,59.25,74.59,83.12,29.79,23.42,33.26,46.53,59.25,74.59,83.12,97.42,97.33,82.96,256,512,0.01,2,0.3,0.3
pubmed_runnr527djb_ELPH_hyperipfhsmk4,23.42,33.26,46.53,59.25,74.59,83.12,29.79,23.42,33.26,46.53,59.25,74.59,83.12,97.42,97.33,82.96,256,512,0.01,2,0.3,0.5
pubmed_runnr527djb_ELPH_hyperda46uy63,23.42,33.26,46.53,59.25,74.59,83.12,29.79,23.42,33.26,46.53,59.25,74.59,83.12,97.42,97.33,82.96,256,512,0.01,2,0.5,0.1
pubmed_runnr527djb_ELPH_hyperufvs9b4g,23.42,33.26,46.53,59.25,74.59,83.12,29.79,23.42,33.26,46.53,59.25,74.59,83.12,97.42,97.33,82.96,256,512,0.01,2,0.5,0.3
pubmed_runnr527djb_ELPH_hyperfqnr9kjs,23.42,33.26,46.53,59.25,74.59,83.12,29.79,23.42,33.26,46.53,59.25,74.59,83.12,97.42,97.33,82.96,256,512,0.01,2,0.5,0.5
pubmed_runnr527djb_ELPH_hyperrmpny3im,23.42,33.26,46.53,59.25,74.59,83.12,29.79,23.42,33.26,46.53,59.25,74.59,83.12,97.42,97.33,82.96,256,512,0.01,3,0.1,0.1
pubmed_runnr527djb_ELPH_hyperg4m0c6iu,23.42,33.26,46.53,59.25,74.59,83.12,29.79,23.42,33.26,46.53,59.25,74.59,83.12,97.42,97.33,82.96,256,512,0.01,3,0.1,0.3
pubmed_runnr527djb_ELPH_hyper04hulhjo,23.42,33.26,46.53,59.25,74.59,83.12,29.79,23.42,33.26,46.53,59.25,74.59,83.12,97.42,97.33,82.96,256,512,0.01,3,0.1,0.5
pubmed_runnr527djb_ELPH_hyper6cejdglc,23.42,33.26,46.53,59.25,74.59,83.12,29.79,23.42,33.26,46.53,59.25,74.59,83.12,97.42,97.33,82.96,256,512,0.01,3,0.3,0.1
pubmed_runnr527djb_ELPH_hyperc523fcqq,23.42,33.26,46.53,59.25,74.59,83.12,29.79,23.42,33.26,46.53,59.25,74.59,83.12,97.42,97.33,82.96,256,512,0.01,3,0.3,0.3
pubmed_runnr527djb_ELPH_hyperuvpg9avt,23.42,33.26,46.53,59.25,74.59,83.12,29.79,23.42,33.26,46.53,59.25,74.59,83.12,97.42,97.33,82.96,256,512,0.01,3,0.3,0.5
pubmed_runnr527djb_ELPH_hypera1swhdry,23.42,33.26,46.53,59.25,74.59,83.12,29.79,23.42,33.26,46.53,59.25,74.59,83.12,97.42,97.33,82.96,256,512,0.01,3,0.5,0.1
pubmed_runnr527djb_ELPH_hyperwsezlojs,23.42,33.26,46.53,59.25,74.59,83.12,29.79,23.42,33.26,46.53,59.25,74.59,83.12,97.42,97.33,82.96,256,512,0.01,3,0.5,0.3
pubmed_runnr527djb_ELPH_hyperzhxdwzvr,23.42,33.26,46.53,59.25,74.59,83.12,29.79,23.42,33.26,46.53,59.25,74.59,83.12,97.42,97.33,82.96,256,512,0.01,3,0.5,0.5
pubmed_runnr527djb_ELPH_hyper25wv1kg6,23.42,33.26,46.53,59.25,74.59,83.12,29.79,23.42,33.26,46.53,59.25,74.59,83.12,97.42,97.33,82.96,256,512,0.001,2,0.1,0.1
pubmed_runnr527djb_ELPH_hyperj1zmur3t,23.42,33.26,46.53,59.25,74.59,83.12,29.79,23.42,33.26,46.53,59.25,74.59,83.12,97.42,97.33,82.96,256,512,0.001,2,0.1,0.3
pubmed_runnr527djb_ELPH_hyperypdx1pk0,23.42,33.26,46.53,59.25,74.59,83.12,29.79,23.42,33.26,46.53,59.25,74.59,83.12,97.42,97.33,82.96,256,512,0.001,2,0.1,0.5
pubmed_runnr527djb_ELPH_hyperv80nynjp,23.42,33.26,46.53,59.25,74.59,83.12,29.79,23.42,33.26,46.53,59.25,74.59,83.12,97.42,97.33,82.96,256,512,0.001,2,0.3,0.1
Best,23.42,33.26,50.41,59.25,74.59,85.24,29.79,23.42,33.26,50.41,59.25,74.59,85.24,97.48,97.33,92.06,512,1024,0.01,3,0.5,0.5
