Metric,Hits@1,Hits@3,Hits@10,Hits@20,Hits@50,Hits@100,MRR,mrr_hit1,mrr_hit3,mrr_hit10,mrr_hit20,mrr_hit50,mrr_hit100,AUC,AP,ACC,gnndp,xdp,tdp,gnnedp,predp,preedp,gnnlr,prelr,hiddim,batch_size
pubmed_run09zkr755_NCN_hyper9pmt3eoj,4.02,38.09,61.15,74.41,90.66,97.25,19.57,4.02,38.09,61.15,74.41,90.66,97.25,99.15,99.06,96.35,0.0,0.0,0.0,0.0,0.0,0.0,0.001,0.001,64,256
pubmed_run09zkr755_NCN_hyper5bynbil8,4.02,38.09,61.15,74.41,91.29,96.71,19.57,4.02,38.09,61.15,74.41,91.29,96.71,99.14,99.0,96.35,0.0,0.0,0.0,0.0,0.0,0.0,0.001,0.0001,64,256
pubmed_run09zkr755_NCN_hyper2y8vqqcm,4.02,30.19,70.13,83.3,91.29,97.11,19.57,4.02,30.19,70.13,83.3,91.29,97.11,99.18,99.03,95.92,0.0,0.0,0.0,0.0,0.0,0.0,0.0001,0.001,64,256
pubmed_run09zkr755_NCN_hypertnk1hwt3,4.02,30.19,70.13,83.3,91.29,97.11,19.57,4.02,30.19,70.13,83.3,91.29,97.11,99.18,99.03,95.92,0.0,0.0,0.0,0.0,0.0,0.0,0.0001,0.0001,64,256
pubmed_run09zkr755_NCN_hyperubjezhxg,19.4,30.19,70.13,83.3,91.29,97.11,28.48,19.4,30.19,70.13,83.3,91.29,97.11,99.18,99.03,95.92,0.0,0.0,0.0,0.0,0.0,0.0,0.001,0.001,64,512
pubmed_run09zkr755_NCN_hyperk0yro5oa,19.4,30.19,70.13,83.3,91.29,97.11,28.48,19.4,30.19,70.13,83.3,91.29,97.11,99.18,99.03,95.92,0.0,0.0,0.0,0.0,0.0,0.0,0.001,0.0001,64,512
pubmed_run09zkr755_NCN_hyper9bg3bl8j,9.61,30.19,70.13,83.3,91.29,97.11,23.72,9.61,30.19,70.13,83.3,91.29,97.11,99.18,99.03,95.92,0.0,0.0,0.0,0.0,0.0,0.0,0.0001,0.001,64,512
pubmed_run09zkr755_NCN_hyper4jgfdpbq,9.61,30.19,70.13,83.3,91.29,97.11,23.72,9.61,30.19,70.13,83.3,91.29,97.11,99.18,99.03,95.92,0.0,0.0,0.0,0.0,0.0,0.0,0.0001,0.0001,64,512
pubmed_run09zkr755_NCN_hyper8x0zoc3c,9.61,30.19,70.13,83.3,91.29,97.11,23.72,9.61,30.19,70.13,83.3,91.29,97.11,99.18,99.03,95.92,0.0,0.0,0.0,0.0,0.0,0.0,0.001,0.001,64,1024
pubmed_run09zkr755_NCN_hyperukuno30y,9.61,30.19,70.13,83.3,91.29,97.11,23.72,9.61,30.19,70.13,83.3,91.29,97.11,99.18,99.03,95.92,0.0,0.0,0.0,0.0,0.0,0.0,0.001,0.0001,64,1024
pubmed_run09zkr755_NCN_hyperh9u4xyh2,9.61,30.19,70.13,83.3,91.29,97.11,23.72,9.61,30.19,70.13,83.3,91.29,97.11,99.18,99.03,95.92,0.0,0.0,0.0,0.0,0.0,0.0,0.0001,0.001,64,1024
pubmed_run09zkr755_NCN_hyperlpphki32,9.61,30.19,70.13,83.3,91.29,97.11,23.72,9.61,30.19,70.13,83.3,91.29,97.11,99.18,99.03,95.92,0.0,0.0,0.0,0.0,0.0,0.0,0.0001,0.0001,64,1024
pubmed_run09zkr755_NCN_hyperxadjr1hh,9.61,30.19,70.13,83.3,91.29,97.11,23.72,9.61,30.19,70.13,83.3,91.29,97.11,99.18,99.03,95.92,0.0,0.0,0.0,0.0,0.0,0.0,0.001,0.001,64,2048
pubmed_run09zkr755_NCN_hyper2fgeqnjp,9.61,30.19,70.13,83.3,91.29,97.11,23.72,9.61,30.19,70.13,83.3,91.29,97.11,99.18,99.03,95.92,0.0,0.0,0.0,0.0,0.0,0.0,0.001,0.0001,64,2048
pubmed_run09zkr755_NCN_hyperldf7oqb1,9.61,30.19,70.13,83.3,91.29,97.11,23.72,9.61,30.19,70.13,83.3,91.29,97.11,99.18,99.03,96.23,0.0,0.0,0.0,0.0,0.0,0.0,0.0001,0.001,64,2048
pubmed_run09zkr755_NCN_hyperfofcmnyd,9.61,30.19,70.13,83.3,91.29,97.11,23.72,9.61,30.19,70.13,83.3,91.29,97.11,99.18,99.03,96.23,0.0,0.0,0.0,0.0,0.0,0.0,0.0001,0.0001,64,2048
pubmed_run09zkr755_NCN_hyperd38yxxf1,9.61,30.19,70.13,83.3,91.29,97.11,23.72,9.61,30.19,70.13,83.3,91.29,97.11,99.18,99.03,96.23,0.0,0.0,0.0,0.0,0.0,0.4,0.001,0.001,64,256
pubmed_run09zkr755_NCN_hyperhqp8l4iz,9.61,30.19,70.13,83.3,91.29,97.11,23.72,9.61,30.19,70.13,83.3,91.29,97.11,99.18,99.03,96.23,0.0,0.0,0.0,0.0,0.0,0.4,0.001,0.0001,64,256
pubmed_run09zkr755_NCN_hyperys77w1xs,9.61,30.19,70.13,83.3,91.29,97.11,23.72,9.61,30.19,70.13,83.3,91.29,97.11,99.18,99.03,96.23,0.0,0.0,0.0,0.0,0.0,0.4,0.0001,0.001,64,256
pubmed_run09zkr755_NCN_hyperkp9np12r,9.61,30.19,70.13,83.3,91.29,97.11,23.72,9.61,30.19,70.13,83.3,91.29,97.11,99.18,99.03,96.23,0.0,0.0,0.0,0.0,0.0,0.4,0.0001,0.0001,64,256
pubmed_run09zkr755_NCN_hyperpnsxhx9m,9.61,30.19,70.13,83.3,91.29,97.11,23.72,9.61,30.19,70.13,83.3,91.29,97.11,99.18,99.03,96.23,0.0,0.0,0.0,0.0,0.0,0.4,0.001,0.001,64,512
pubmed_run09zkr755_NCN_hyperre4tilt2,9.61,30.19,70.13,83.3,91.29,97.11,23.72,9.61,30.19,70.13,83.3,91.29,97.11,99.18,99.03,96.23,0.0,0.0,0.0,0.0,0.0,0.4,0.001,0.0001,64,512
pubmed_run09zkr755_NCN_hyper14xarxpp,9.61,30.19,72.83,77.48,91.29,97.11,23.72,9.61,30.19,72.83,77.48,91.29,97.11,99.18,99.03,96.23,0.0,0.0,0.0,0.0,0.0,0.4,0.0001,0.001,64,512
pubmed_run09zkr755_NCN_hypere8tnjsvj,9.61,30.19,72.83,77.48,91.29,97.11,23.72,9.61,30.19,72.83,77.48,91.29,97.11,99.18,99.03,96.23,0.0,0.0,0.0,0.0,0.0,0.4,0.0001,0.0001,64,512
pubmed_run09zkr755_NCN_hyperqt709yhz,16.25,30.19,72.83,77.48,91.29,97.11,27.77,16.25,30.19,72.83,77.48,91.29,97.11,99.18,99.03,96.23,0.0,0.0,0.0,0.0,0.0,0.4,0.001,0.001,64,1024
pubmed_run09zkr755_NCN_hyperuml7pqb8,16.25,30.19,72.83,77.48,91.29,97.11,27.77,16.25,30.19,72.83,77.48,91.29,97.11,99.18,99.03,96.23,0.0,0.0,0.0,0.0,0.0,0.4,0.001,0.0001,64,1024
pubmed_run09zkr755_NCN_hyperjwckbb9n,16.25,30.19,72.83,77.48,91.29,96.8,27.77,16.25,30.19,72.83,77.48,91.29,96.8,99.3,99.03,96.23,0.0,0.0,0.0,0.0,0.0,0.4,0.0001,0.001,64,1024
pubmed_run09zkr755_NCN_hyperg3mdtmoe,16.25,30.19,72.83,77.48,91.29,96.8,27.77,16.25,30.19,72.83,77.48,91.29,96.8,99.3,99.03,96.23,0.0,0.0,0.0,0.0,0.0,0.4,0.0001,0.0001,64,1024
pubmed_run09zkr755_NCN_hyperxf2m25qq,16.25,30.19,72.83,77.48,91.29,96.8,27.77,16.25,30.19,72.83,77.48,91.29,96.8,99.3,99.03,96.23,0.0,0.0,0.0,0.0,0.0,0.4,0.001,0.001,64,2048
pubmed_run09zkr755_NCN_hyperyuchqp7s,16.25,30.19,72.83,77.48,91.29,96.8,27.77,16.25,30.19,72.83,77.48,91.29,96.8,99.3,99.03,96.23,0.0,0.0,0.0,0.0,0.0,0.4,0.001,0.0001,64,2048
pubmed_run09zkr755_NCN_hyper6879r06y,16.25,30.19,72.83,78.38,91.29,96.8,27.77,16.25,30.19,72.83,78.38,91.29,96.8,99.3,99.03,96.23,0.0,0.0,0.0,0.0,0.0,0.4,0.0001,0.001,64,2048
pubmed_run09zkr755_NCN_hyperzq1rlqr6,16.25,30.19,72.83,78.38,91.29,96.8,27.77,16.25,30.19,72.83,78.38,91.29,96.8,99.3,99.03,96.23,0.0,0.0,0.0,0.0,0.0,0.4,0.0001,0.0001,64,2048
pubmed_run09zkr755_NCN_hyperhcv7rk2i,16.25,30.19,72.83,78.38,91.29,96.8,27.77,16.25,30.19,72.83,78.38,91.29,96.8,99.3,99.03,96.23,0.0,0.0,0.0,0.0,0.05,0.0,0.001,0.001,64,256
pubmed_run09zkr755_NCN_hyper5b2psokg,16.25,30.19,72.83,78.38,91.29,96.8,27.77,16.25,30.19,72.83,78.38,91.29,96.8,99.3,99.03,96.23,0.0,0.0,0.0,0.0,0.05,0.0,0.001,0.0001,64,256
pubmed_run09zkr755_NCN_hypern9vedjvy,16.25,30.19,72.83,83.12,91.29,96.8,27.77,16.25,30.19,72.83,83.12,91.29,96.8,99.3,99.17,96.23,0.0,0.0,0.0,0.0,0.05,0.0,0.0001,0.001,64,256
pubmed_run09zkr755_NCN_hyperldlvmlnk,16.25,30.19,72.83,83.12,91.29,96.8,27.77,16.25,30.19,72.83,83.12,91.29,96.8,99.3,99.17,96.23,0.0,0.0,0.0,0.0,0.05,0.0,0.0001,0.0001,64,256
pubmed_run09zkr755_NCN_hypern187unlt,16.25,30.19,72.83,83.12,91.29,96.8,27.77,16.25,30.19,72.83,83.12,91.29,96.8,99.3,99.17,96.23,0.0,0.0,0.0,0.0,0.05,0.0,0.001,0.001,64,512
pubmed_run09zkr755_NCN_hypernuvr4zdm,16.25,30.19,72.83,83.12,91.29,96.8,27.77,16.25,30.19,72.83,83.12,91.29,96.8,99.3,99.17,96.23,0.0,0.0,0.0,0.0,0.05,0.0,0.001,0.0001,64,512
pubmed_run09zkr755_NCN_hyper3k1r3rws,16.25,30.19,72.83,83.12,91.29,96.8,27.77,16.25,30.19,72.83,83.12,91.29,96.8,99.3,99.17,96.23,0.0,0.0,0.0,0.0,0.05,0.0,0.0001,0.001,64,512
pubmed_run09zkr755_NCN_hypergsdhbxvd,16.25,30.19,72.83,83.12,91.29,96.8,27.77,16.25,30.19,72.83,83.12,91.29,96.8,99.3,99.17,96.23,0.0,0.0,0.0,0.0,0.05,0.0,0.0001,0.0001,64,512
pubmed_run09zkr755_NCN_hypere90a9ik4,16.25,30.19,72.83,83.12,91.29,96.8,27.77,16.25,30.19,72.83,83.12,91.29,96.8,99.3,99.17,96.23,0.0,0.0,0.0,0.0,0.05,0.0,0.001,0.001,64,1024
pubmed_run09zkr755_NCN_hyperrpgb568m,16.25,30.19,72.83,83.12,91.29,96.8,27.77,16.25,30.19,72.83,83.12,91.29,96.8,99.3,99.17,96.23,0.0,0.0,0.0,0.0,0.05,0.0,0.001,0.0001,64,1024
pubmed_run09zkr755_NCN_hyper3299h077,16.25,30.19,72.83,83.12,91.47,96.8,27.77,16.25,30.19,72.83,83.12,91.47,96.8,99.3,99.17,96.23,0.0,0.0,0.0,0.0,0.05,0.0,0.0001,0.001,64,1024
pubmed_run09zkr755_NCN_hyperme3q7m96,16.25,30.19,72.83,83.12,91.47,96.8,27.77,16.25,30.19,72.83,83.12,91.47,96.8,99.3,99.17,96.23,0.0,0.0,0.0,0.0,0.05,0.0,0.0001,0.0001,64,1024
pubmed_run09zkr755_NCN_hyperet2lcanl,16.25,30.19,72.83,83.12,91.47,96.8,27.77,16.25,30.19,72.83,83.12,91.47,96.8,99.3,99.17,96.23,0.0,0.0,0.0,0.0,0.05,0.0,0.001,0.001,64,2048
pubmed_run09zkr755_NCN_hyperb8neowdo,16.25,30.19,72.83,83.12,91.47,96.8,27.77,16.25,30.19,72.83,83.12,91.47,96.8,99.3,99.17,96.23,0.0,0.0,0.0,0.0,0.05,0.0,0.001,0.0001,64,2048
pubmed_run09zkr755_NCN_hyper03hm53e9,16.25,30.19,72.83,83.12,91.47,96.8,27.77,16.25,30.19,72.83,83.12,91.47,96.8,99.3,99.17,96.23,0.0,0.0,0.0,0.0,0.05,0.0,0.0001,0.001,64,2048
pubmed_run09zkr755_NCN_hypergj0bu596,16.25,30.19,72.83,83.12,91.47,96.8,27.77,16.25,30.19,72.83,83.12,91.47,96.8,99.3,99.17,96.23,0.0,0.0,0.0,0.0,0.05,0.0,0.0001,0.0001,64,2048
pubmed_run09zkr755_NCN_hyperas5pmj6y,16.25,30.19,72.83,83.12,91.47,96.8,27.77,16.25,30.19,72.83,83.12,91.47,96.8,99.3,99.17,96.23,0.0,0.0,0.0,0.0,0.05,0.4,0.001,0.001,64,256
pubmed_run09zkr755_NCN_hypery8wdy1xv,16.25,30.19,72.83,83.12,91.47,96.8,27.77,16.25,30.19,72.83,83.12,91.47,96.8,99.3,99.17,96.23,0.0,0.0,0.0,0.0,0.05,0.4,0.001,0.0001,64,256
pubmed_run09zkr755_NCN_hyperq3e7h3cy,16.25,30.19,72.83,83.12,91.47,96.8,27.77,16.25,30.19,72.83,83.12,91.47,96.8,99.3,99.17,96.23,0.0,0.0,0.0,0.0,0.05,0.4,0.0001,0.001,64,256
pubmed_run09zkr755_NCN_hyperdyl7y4rc,16.25,30.19,47.34,83.12,91.47,96.8,27.77,16.25,30.19,47.34,83.12,91.47,96.8,99.3,99.17,96.23,0.0,0.0,0.0,0.0,0.05,0.4,0.0001,0.0001,64,256
pubmed_run09zkr755_NCN_hypere33ohokr,16.25,30.19,47.34,83.12,91.47,96.8,27.77,16.25,30.19,47.34,83.12,91.47,96.8,99.3,99.17,96.23,0.0,0.0,0.0,0.0,0.05,0.4,0.001,0.001,64,512
pubmed_run09zkr755_NCN_hyperrgj8mcrr,16.25,30.19,47.34,83.12,91.47,96.8,27.77,16.25,30.19,47.34,83.12,91.47,96.8,99.3,99.17,96.23,0.0,0.0,0.0,0.0,0.05,0.4,0.001,0.0001,64,512
pubmed_run09zkr755_NCN_hypery432sjhn,16.25,30.19,47.34,83.12,91.47,96.8,27.77,16.25,30.19,47.34,83.12,91.47,96.8,99.3,99.17,96.23,0.0,0.0,0.0,0.0,0.05,0.4,0.0001,0.001,64,512
pubmed_run09zkr755_NCN_hyperwswgai4z,16.25,30.19,47.34,83.12,91.47,96.8,27.77,16.25,30.19,47.34,83.12,91.47,96.8,99.3,99.17,96.23,0.0,0.0,0.0,0.0,0.05,0.4,0.0001,0.0001,64,512
pubmed_run09zkr755_NCN_hyperjcc5pll5,16.25,30.19,47.34,83.12,91.47,96.8,27.77,16.25,30.19,47.34,83.12,91.47,96.8,99.3,99.17,96.23,0.0,0.0,0.0,0.0,0.05,0.4,0.001,0.001,64,1024
pubmed_run09zkr755_NCN_hyperrminljyw,16.25,30.19,47.34,83.12,91.47,96.8,27.77,16.25,30.19,47.34,83.12,91.47,96.8,99.3,99.17,96.23,0.0,0.0,0.0,0.0,0.05,0.4,0.001,0.0001,64,1024
pubmed_run09zkr755_NCN_hyper8r881grq,16.25,30.19,47.34,83.12,91.47,96.8,27.77,16.25,30.19,47.34,83.12,91.47,96.8,99.3,99.17,96.23,0.0,0.0,0.0,0.0,0.05,0.4,0.0001,0.001,64,1024
pubmed_run09zkr755_NCN_hyperl2bud9bi,16.25,30.19,47.34,83.12,91.47,96.8,27.77,16.25,30.19,47.34,83.12,91.47,96.8,99.3,99.17,96.23,0.0,0.0,0.0,0.0,0.05,0.4,0.0001,0.0001,64,1024
pubmed_run09zkr755_NCN_hyper4gb1t3cm,16.25,30.19,47.34,83.12,91.47,96.8,27.77,16.25,30.19,47.34,83.12,91.47,96.8,99.3,99.17,96.23,0.0,0.0,0.0,0.0,0.05,0.4,0.001,0.001,64,2048
pubmed_run09zkr755_NCN_hypercarl8bwg,16.25,30.19,47.34,83.12,91.47,96.8,27.77,16.25,30.19,47.34,83.12,91.47,96.8,99.3,99.17,96.23,0.0,0.0,0.0,0.0,0.05,0.4,0.001,0.0001,64,2048
pubmed_run09zkr755_NCN_hypere2plbcct,16.25,30.19,47.34,83.12,91.47,96.8,27.77,16.25,30.19,47.34,83.12,91.47,96.8,99.3,99.17,96.23,0.0,0.0,0.0,0.0,0.05,0.4,0.0001,0.001,64,2048
pubmed_run09zkr755_NCN_hyper0d47ljpu,16.25,30.19,47.34,83.12,91.47,96.8,27.77,16.25,30.19,47.34,83.12,91.47,96.8,99.3,99.17,96.23,0.0,0.0,0.0,0.0,0.05,0.4,0.0001,0.0001,64,2048
pubmed_run09zkr755_NCN_hyperbis9xwpv,16.25,30.19,47.34,83.12,91.47,96.8,27.77,16.25,30.19,47.34,83.12,91.47,96.8,99.3,98.94,96.23,0.0,0.0,0.2,0.0,0.0,0.0,0.001,0.001,64,256
pubmed_run09zkr755_NCN_hyperew373lbr,16.25,30.19,47.34,83.12,91.47,96.8,27.77,16.25,30.19,47.34,83.12,91.47,96.8,99.3,98.94,96.23,0.0,0.0,0.2,0.0,0.0,0.0,0.001,0.0001,64,256
pubmed_run09zkr755_NCN_hyperq62she6k,16.25,30.19,47.34,83.12,91.47,96.8,27.77,16.25,30.19,47.34,83.12,91.47,96.8,99.3,98.94,96.23,0.0,0.0,0.2,0.0,0.0,0.0,0.0001,0.001,64,256
pubmed_run09zkr755_NCN_hyperak9yavnq,16.25,30.19,47.34,83.12,91.47,96.8,27.77,16.25,30.19,47.34,83.12,91.47,96.8,99.3,98.94,96.23,0.0,0.0,0.2,0.0,0.0,0.0,0.0001,0.0001,64,256
pubmed_run09zkr755_NCN_hyper663t73fm,16.25,30.19,47.34,83.12,91.47,96.8,27.77,16.25,30.19,47.34,83.12,91.47,96.8,99.3,98.94,96.23,0.0,0.0,0.2,0.0,0.0,0.0,0.001,0.001,64,512
pubmed_run09zkr755_NCN_hyper0nx9i1uv,16.25,30.19,47.34,83.12,91.47,96.8,27.77,16.25,30.19,47.34,83.12,91.47,96.8,99.3,98.94,96.23,0.0,0.0,0.2,0.0,0.0,0.0,0.001,0.0001,64,512
pubmed_run09zkr755_NCN_hypercuq32tw9,16.25,30.19,47.34,83.12,91.47,96.8,27.77,16.25,30.19,47.34,83.12,91.47,96.8,99.3,98.94,96.23,0.0,0.0,0.2,0.0,0.0,0.0,0.0001,0.001,64,512
pubmed_run09zkr755_NCN_hyper0ci8db7a,16.25,30.19,47.34,83.12,93.01,97.16,27.77,16.25,30.19,47.34,83.12,93.01,97.16,99.3,98.94,96.23,0.0,0.0,0.2,0.0,0.0,0.0,0.0001,0.0001,64,512
pubmed_run09zkr755_NCN_hyperlnmqwlhm,16.25,29.92,47.34,83.12,93.01,97.16,27.77,16.25,29.92,47.34,83.12,93.01,97.16,99.3,98.94,96.23,0.0,0.0,0.2,0.0,0.0,0.0,0.001,0.001,64,1024
pubmed_run09zkr755_NCN_hypersocwgmzh,16.25,29.92,47.34,83.12,93.01,97.16,27.77,16.25,29.92,47.34,83.12,93.01,97.16,99.3,98.94,96.23,0.0,0.0,0.2,0.0,0.0,0.0,0.001,0.0001,64,1024
pubmed_run09zkr755_NCN_hyper56rk1vi7,16.25,29.92,47.34,83.12,93.01,97.16,27.77,16.25,29.92,47.34,83.12,93.01,97.16,99.3,99.19,96.23,0.0,0.0,0.2,0.0,0.0,0.0,0.0001,0.001,64,1024
pubmed_run09zkr755_NCN_hyper2fb5o7kr,16.25,29.92,47.34,83.12,93.01,97.16,27.77,16.25,29.92,47.34,83.12,93.01,97.16,99.3,99.19,96.23,0.0,0.0,0.2,0.0,0.0,0.0,0.0001,0.0001,64,1024
pubmed_run09zkr755_NCN_hyperzqaa6n94,16.25,29.92,47.34,83.12,93.01,97.16,27.77,16.25,29.92,47.34,83.12,93.01,97.16,99.3,99.19,96.23,0.0,0.0,0.2,0.0,0.0,0.0,0.001,0.001,64,2048
pubmed_run09zkr755_NCN_hypert1lrmwu1,16.25,29.92,47.34,83.12,93.01,97.16,27.77,16.25,29.92,47.34,83.12,93.01,97.16,99.3,99.19,96.23,0.0,0.0,0.2,0.0,0.0,0.0,0.001,0.0001,64,2048
pubmed_run09zkr755_NCN_hyper1q4kvxe8,16.25,29.92,47.34,83.12,93.01,97.16,27.77,16.25,29.92,47.34,83.12,93.01,97.16,99.3,99.19,96.23,0.0,0.0,0.2,0.0,0.0,0.0,0.0001,0.001,64,2048
pubmed_run09zkr755_NCN_hyper453cn628,16.25,29.92,47.34,83.12,93.01,97.16,27.77,16.25,29.92,47.34,83.12,93.01,97.16,99.3,99.19,96.23,0.0,0.0,0.2,0.0,0.0,0.0,0.0001,0.0001,64,2048
pubmed_run09zkr755_NCN_hyper9fc2m80v,16.25,29.92,47.34,83.12,93.01,97.16,27.77,16.25,29.92,47.34,83.12,93.01,97.16,99.3,99.19,96.23,0.0,0.0,0.2,0.0,0.0,0.4,0.001,0.001,64,256
pubmed_run09zkr755_NCN_hyperrufuet0u,16.25,29.92,47.34,83.12,92.64,97.16,27.77,16.25,29.92,47.34,83.12,92.64,97.16,99.3,99.19,96.23,0.0,0.0,0.2,0.0,0.0,0.4,0.001,0.0001,64,256
pubmed_run09zkr755_NCN_hyper8pwgq0of,16.25,29.92,47.34,83.12,92.64,97.16,27.77,16.25,29.92,47.34,83.12,92.64,97.16,99.3,99.19,96.23,0.0,0.0,0.2,0.0,0.0,0.4,0.0001,0.001,64,256
pubmed_run09zkr755_NCN_hyper5qrmjwsi,16.25,29.92,47.34,83.12,92.64,97.16,27.77,16.25,29.92,47.34,83.12,92.64,97.16,99.3,99.19,96.23,0.0,0.0,0.2,0.0,0.0,0.4,0.0001,0.0001,64,256
pubmed_run09zkr755_NCN_hyper5qjwern8,16.25,29.92,47.34,83.12,92.64,97.16,27.77,16.25,29.92,47.34,83.12,92.64,97.16,99.3,99.19,96.23,0.0,0.0,0.2,0.0,0.0,0.4,0.001,0.001,64,512
pubmed_run09zkr755_NCN_hyperwwxfcxyt,16.25,29.92,47.34,83.12,92.64,97.16,27.77,16.25,29.92,47.34,83.12,92.64,97.16,99.3,99.19,96.23,0.0,0.0,0.2,0.0,0.0,0.4,0.001,0.0001,64,512
pubmed_run09zkr755_NCN_hyperiuxb9n0h,16.25,29.92,47.34,83.12,92.64,97.16,27.77,16.25,29.92,47.34,83.12,92.64,97.16,99.3,99.19,96.23,0.0,0.0,0.2,0.0,0.0,0.4,0.0001,0.001,64,512
pubmed_run09zkr755_NCN_hyperwtommk9j,16.25,29.92,47.34,83.12,92.64,97.16,27.77,16.25,29.92,47.34,83.12,92.64,97.16,99.3,99.19,96.23,0.0,0.0,0.2,0.0,0.0,0.4,0.0001,0.0001,64,512
pubmed_run09zkr755_NCN_hyperfa89i3ua,16.25,29.92,47.34,83.12,92.64,97.16,27.77,16.25,29.92,47.34,83.12,92.64,97.16,99.3,99.19,96.23,0.0,0.0,0.2,0.0,0.0,0.4,0.001,0.001,64,1024
pubmed_run09zkr755_NCN_hyper0elev5tg,16.25,29.92,47.34,83.12,92.64,97.16,27.77,16.25,29.92,47.34,83.12,92.64,97.16,99.3,99.19,96.23,0.0,0.0,0.2,0.0,0.0,0.4,0.001,0.0001,64,1024
pubmed_run09zkr755_NCN_hypermrop8vqt,16.25,29.92,47.34,83.12,92.64,97.16,27.77,16.25,29.92,47.34,83.12,92.64,97.16,99.3,99.19,96.23,0.0,0.0,0.2,0.0,0.0,0.4,0.0001,0.001,64,1024
pubmed_run09zkr755_NCN_hyperwdhodbjo,16.25,29.92,47.34,83.12,92.64,97.16,27.77,16.25,29.92,47.34,83.12,92.64,97.16,99.3,99.19,96.23,0.0,0.0,0.2,0.0,0.0,0.4,0.0001,0.0001,64,1024
pubmed_run09zkr755_NCN_hyperajw8ayxz,16.25,29.92,47.34,83.12,92.64,97.16,27.77,16.25,29.92,47.34,83.12,92.64,97.16,99.3,99.19,96.23,0.0,0.0,0.2,0.0,0.0,0.4,0.001,0.001,64,2048
pubmed_run09zkr755_NCN_hyper2in7vnld,16.25,29.92,47.34,83.12,92.64,97.16,27.77,16.25,29.92,47.34,83.12,92.64,97.16,99.3,99.19,96.23,0.0,0.0,0.2,0.0,0.0,0.4,0.001,0.0001,64,2048
pubmed_run09zkr755_NCN_hyperj9b2k8g8,16.25,29.92,47.34,83.12,92.64,97.16,27.77,16.25,29.92,47.34,83.12,92.64,97.16,99.3,99.19,96.23,0.0,0.0,0.2,0.0,0.0,0.4,0.0001,0.001,64,2048
pubmed_run09zkr755_NCN_hypery4wnol5b,16.25,29.92,47.34,83.12,92.64,97.16,27.77,16.25,29.92,47.34,83.12,92.64,97.16,99.3,99.19,96.23,0.0,0.0,0.2,0.0,0.0,0.4,0.0001,0.0001,64,2048
pubmed_run09zkr755_NCN_hyper5mnbu6h7,16.25,29.92,47.34,83.12,92.64,97.16,27.77,16.25,29.92,47.34,83.12,92.64,97.16,99.3,99.19,96.23,0.0,0.0,0.2,0.0,0.05,0.0,0.001,0.001,64,256
pubmed_run09zkr755_NCN_hyper155m5ntl,16.25,29.92,47.34,83.12,92.64,97.16,27.77,16.25,29.92,47.34,83.12,92.64,97.16,99.3,99.19,96.23,0.0,0.0,0.2,0.0,0.05,0.0,0.001,0.0001,64,256
pubmed_run09zkr755_NCN_hyper9acig3cu,16.25,29.92,47.34,83.12,92.64,97.16,27.77,16.25,29.92,47.34,83.12,92.64,97.16,99.3,99.19,96.23,0.0,0.0,0.2,0.0,0.05,0.0,0.0001,0.001,64,256
pubmed_run09zkr755_NCN_hyperd76qj5x9,16.25,29.92,47.34,79.51,92.64,97.16,27.77,16.25,29.92,47.34,79.51,92.64,97.16,99.3,99.19,96.23,0.0,0.0,0.2,0.0,0.05,0.0,0.0001,0.0001,64,256
pubmed_run09zkr755_NCN_hyper5xkbeudv,16.25,29.92,47.34,79.51,92.64,97.16,27.77,16.25,29.92,47.34,79.51,92.64,97.16,99.3,99.19,96.23,0.0,0.0,0.2,0.0,0.05,0.0,0.001,0.001,64,512
pubmed_run09zkr755_NCN_hypercuvo6698,16.25,29.92,47.34,79.51,92.64,97.16,27.77,16.25,29.92,47.34,79.51,92.64,97.16,99.3,99.19,96.23,0.0,0.0,0.2,0.0,0.05,0.0,0.001,0.0001,64,512
pubmed_run09zkr755_NCN_hyperwd1deoxz,16.25,29.92,47.34,79.51,92.64,97.16,27.77,16.25,29.92,47.34,79.51,92.64,97.16,99.3,99.19,96.23,0.0,0.0,0.2,0.0,0.05,0.0,0.0001,0.001,64,512
pubmed_run09zkr755_NCN_hyperqepovnva,16.25,29.92,47.34,83.3,92.64,97.16,27.77,16.25,29.92,47.34,83.3,92.64,97.16,99.3,99.19,96.23,0.0,0.0,0.2,0.0,0.05,0.0,0.0001,0.0001,64,512
pubmed_run09zkr755_NCN_hyperplnqkqa8,16.25,29.92,47.34,83.3,92.64,97.16,27.77,16.25,29.92,47.34,83.3,92.64,97.16,99.3,99.19,96.23,0.0,0.0,0.2,0.0,0.05,0.0,0.001,0.001,64,1024
pubmed_run09zkr755_NCN_hyper38xksrk2,16.25,29.92,47.34,83.3,92.64,97.16,27.77,16.25,29.92,47.34,83.3,92.64,97.16,99.3,99.19,96.23,0.0,0.0,0.2,0.0,0.05,0.0,0.001,0.0001,64,1024
pubmed_run09zkr755_NCN_hyperbgx0z8sp,16.25,29.92,47.34,83.3,92.64,97.16,27.77,16.25,29.92,47.34,83.3,92.64,97.16,99.3,99.19,96.23,0.0,0.0,0.2,0.0,0.05,0.0,0.0001,0.001,64,1024
pubmed_run09zkr755_NCN_hyperyua7cx66,16.25,29.92,47.34,83.3,92.64,97.16,27.77,16.25,29.92,47.34,83.3,92.64,97.16,99.3,99.19,96.23,0.0,0.0,0.2,0.0,0.05,0.0,0.0001,0.0001,64,1024
pubmed_run09zkr755_NCN_hypern75d2za9,16.25,29.92,47.34,83.3,92.64,97.16,27.77,16.25,29.92,47.34,83.3,92.64,97.16,99.3,99.19,96.23,0.0,0.0,0.2,0.0,0.05,0.0,0.001,0.001,64,2048
pubmed_run09zkr755_NCN_hyper2qzzdpc7,16.25,29.92,47.34,83.3,92.64,97.16,27.77,16.25,29.92,47.34,83.3,92.64,97.16,99.3,99.19,96.23,0.0,0.0,0.2,0.0,0.05,0.0,0.001,0.0001,64,2048
pubmed_run09zkr755_NCN_hyperttnn1q2s,16.25,29.92,47.34,83.3,92.64,96.84,27.77,16.25,29.92,47.34,83.3,92.64,96.84,99.3,99.19,96.23,0.0,0.0,0.2,0.0,0.05,0.0,0.0001,0.001,64,2048
pubmed_run09zkr755_NCN_hyperir4sj6j6,16.25,29.92,47.34,83.3,92.64,96.84,27.77,16.25,29.92,47.34,83.3,92.64,96.84,99.3,99.19,96.23,0.0,0.0,0.2,0.0,0.05,0.0,0.0001,0.0001,64,2048
pubmed_run09zkr755_NCN_hyperj7muivly,16.25,29.92,47.34,83.3,92.64,96.84,27.77,16.25,29.92,47.34,83.3,92.64,96.84,99.3,99.19,96.23,0.0,0.0,0.2,0.0,0.05,0.4,0.001,0.001,64,256
pubmed_run09zkr755_NCN_hyperpokc78ky,16.25,29.92,47.34,83.3,92.64,96.84,27.77,16.25,29.92,47.34,83.3,92.64,96.84,99.3,99.19,96.23,0.0,0.0,0.2,0.0,0.05,0.4,0.001,0.0001,64,256
pubmed_run09zkr755_NCN_hyperpr5opkpr,16.25,29.92,47.34,83.3,92.64,96.84,27.77,16.25,29.92,47.34,83.3,92.64,96.84,99.3,99.19,96.23,0.0,0.0,0.2,0.0,0.05,0.4,0.0001,0.001,64,256
pubmed_run09zkr755_NCN_hypernf88la6a,16.25,29.92,47.34,83.3,92.64,96.84,27.77,16.25,29.92,47.34,83.3,92.64,96.84,99.3,99.19,96.23,0.0,0.0,0.2,0.0,0.05,0.4,0.0001,0.0001,64,256
pubmed_run09zkr755_NCN_hyper8v3hffvp,16.25,29.92,47.34,83.3,92.64,96.84,27.77,16.25,29.92,47.34,83.3,92.64,96.84,99.22,99.19,96.23,0.0,0.0,0.2,0.0,0.05,0.4,0.001,0.001,64,512
pubmed_run09zkr755_NCN_hyper8c2hck8k,16.25,29.92,47.34,83.3,92.64,96.84,27.77,16.25,29.92,47.34,83.3,92.64,96.84,99.22,99.19,96.23,0.0,0.0,0.2,0.0,0.05,0.4,0.001,0.0001,64,512
pubmed_run09zkr755_NCN_hyperdpgsy8zx,16.25,29.92,47.34,83.3,92.64,96.84,27.77,16.25,29.92,47.34,83.3,92.64,96.84,99.22,99.19,96.23,0.0,0.0,0.2,0.0,0.05,0.4,0.0001,0.001,64,512
pubmed_run09zkr755_NCN_hyperzj8zd2mj,16.25,29.92,47.34,83.3,92.64,96.84,27.77,16.25,29.92,47.34,83.3,92.64,96.84,99.22,99.19,96.23,0.0,0.0,0.2,0.0,0.05,0.4,0.0001,0.0001,64,512
pubmed_run09zkr755_NCN_hyperm8kne3lv,16.25,29.92,47.34,83.3,92.64,96.84,27.77,16.25,29.92,47.34,83.3,92.64,96.84,99.22,99.19,96.23,0.0,0.0,0.2,0.0,0.05,0.4,0.001,0.001,64,1024
pubmed_run09zkr755_NCN_hyperamb18pqh,16.25,29.92,47.34,83.3,92.64,96.84,27.77,16.25,29.92,47.34,83.3,92.64,96.84,99.22,99.19,96.23,0.0,0.0,0.2,0.0,0.05,0.4,0.001,0.0001,64,1024
pubmed_run09zkr755_NCN_hyperk9p6q3v2,16.25,29.92,66.2,83.3,92.64,96.84,27.77,16.25,29.92,66.2,83.3,92.64,96.84,99.22,99.19,96.23,0.0,0.0,0.2,0.0,0.05,0.4,0.0001,0.001,64,1024
pubmed_run09zkr755_NCN_hyper85edokrc,16.25,29.92,66.2,83.3,92.64,96.84,27.77,16.25,29.92,66.2,83.3,92.64,96.84,99.22,99.19,96.23,0.0,0.0,0.2,0.0,0.05,0.4,0.0001,0.0001,64,1024
pubmed_run09zkr755_NCN_hyperizkg4k5b,16.25,29.92,66.2,83.3,92.64,96.84,27.77,16.25,29.92,66.2,83.3,92.64,96.84,99.22,99.19,96.23,0.0,0.0,0.2,0.0,0.05,0.4,0.001,0.001,64,2048
pubmed_run09zkr755_NCN_hyperfoqkwfw0,16.25,29.92,66.2,83.3,92.64,96.84,27.77,16.25,29.92,66.2,83.3,92.64,96.84,99.22,99.19,96.23,0.0,0.0,0.2,0.0,0.05,0.4,0.001,0.0001,64,2048
pubmed_run09zkr755_NCN_hyperrqrmqpvc,16.25,29.92,66.2,83.3,92.64,96.84,27.77,16.25,29.92,66.2,83.3,92.64,96.84,99.22,99.19,96.23,0.0,0.0,0.2,0.0,0.05,0.4,0.0001,0.001,64,2048
pubmed_run09zkr755_NCN_hyper59dzofhi,16.25,29.92,66.2,83.3,92.64,96.84,27.77,16.25,29.92,66.2,83.3,92.64,96.84,99.22,99.19,96.23,0.0,0.0,0.2,0.0,0.05,0.4,0.0001,0.0001,64,2048
pubmed_run09zkr755_NCN_hypercm5h6c1f,16.25,29.92,66.2,83.3,92.64,96.84,27.77,16.25,29.92,66.2,83.3,92.64,96.84,99.22,99.19,96.23,0.0,0.3,0.0,0.0,0.0,0.0,0.001,0.001,64,256
pubmed_run09zkr755_NCN_hyperxmovgbak,16.25,29.92,66.2,83.3,92.64,96.84,27.77,16.25,29.92,66.2,83.3,92.64,96.84,99.22,99.19,96.03,0.0,0.3,0.0,0.0,0.0,0.0,0.001,0.0001,64,256
pubmed_run09zkr755_NCN_hyperoxa95eg9,16.25,29.92,66.2,83.3,92.64,96.84,27.77,16.25,29.92,66.2,83.3,92.64,96.84,99.19,99.19,96.03,0.0,0.3,0.0,0.0,0.0,0.0,0.0001,0.001,64,256
pubmed_run09zkr755_NCN_hyperp9wof0wq,16.25,29.92,66.2,83.3,92.64,96.84,27.77,16.25,29.92,66.2,83.3,92.64,96.84,99.19,99.19,96.03,0.0,0.3,0.0,0.0,0.0,0.0,0.0001,0.0001,64,256
pubmed_run09zkr755_NCN_hyper8yyy10ux,16.25,29.92,66.2,83.3,92.64,96.84,27.77,16.25,29.92,66.2,83.3,92.64,96.84,99.19,99.19,96.03,0.0,0.3,0.0,0.0,0.0,0.0,0.001,0.001,64,512
pubmed_run09zkr755_NCN_hyperx7ygj7nc,16.25,29.92,66.2,83.3,92.64,96.84,27.77,16.25,29.92,66.2,83.3,92.64,96.84,99.19,99.19,96.03,0.0,0.3,0.0,0.0,0.0,0.0,0.001,0.0001,64,512
pubmed_run09zkr755_NCN_hyper4c4ek225,16.25,29.92,66.2,83.3,92.64,96.84,27.77,16.25,29.92,66.2,83.3,92.64,96.84,99.19,99.19,96.03,0.0,0.3,0.0,0.0,0.0,0.0,0.0001,0.001,64,512
pubmed_run09zkr755_NCN_hypermw08gr2w,16.25,29.92,66.2,83.3,92.64,96.84,27.77,16.25,29.92,66.2,83.3,92.64,96.84,99.19,99.19,96.03,0.0,0.3,0.0,0.0,0.0,0.0,0.0001,0.0001,64,512
pubmed_run09zkr755_NCN_hyper5w26y0nq,16.25,29.92,66.2,83.3,92.64,96.84,27.77,16.25,29.92,66.2,83.3,92.64,96.84,99.19,99.19,96.03,0.0,0.3,0.0,0.0,0.0,0.0,0.001,0.001,64,1024
pubmed_run09zkr755_NCN_hyperew04avkg,16.25,29.92,66.2,83.3,92.64,96.84,27.77,16.25,29.92,66.2,83.3,92.64,96.84,99.19,99.19,96.03,0.0,0.3,0.0,0.0,0.0,0.0,0.001,0.0001,64,1024
pubmed_run09zkr755_NCN_hyperv4ldrdkj,16.25,29.92,66.2,83.3,92.64,96.98,27.77,16.25,29.92,66.2,83.3,92.64,96.98,99.19,99.19,96.03,0.0,0.3,0.0,0.0,0.0,0.0,0.0001,0.001,64,1024
pubmed_run09zkr755_NCN_hyper1smpqf12,16.25,29.92,66.2,83.3,92.64,96.98,27.77,16.25,29.92,66.2,83.3,92.64,96.98,99.19,99.19,96.03,0.0,0.3,0.0,0.0,0.0,0.0,0.0001,0.0001,64,1024
pubmed_run09zkr755_NCN_hyperc15zfkf3,16.25,29.92,66.2,83.3,92.64,96.98,27.77,16.25,29.92,66.2,83.3,92.64,96.98,99.19,99.19,96.03,0.0,0.3,0.0,0.0,0.0,0.0,0.001,0.001,64,2048
pubmed_run09zkr755_NCN_hyperlsqbf1d7,16.25,29.92,66.2,83.3,92.64,96.98,27.77,16.25,29.92,66.2,83.3,92.64,96.98,99.19,99.19,96.03,0.0,0.3,0.0,0.0,0.0,0.0,0.001,0.0001,64,2048
pubmed_run09zkr755_NCN_hyper99a0zv3a,16.25,29.92,66.2,83.3,92.64,96.98,27.77,16.25,29.92,66.2,83.3,92.64,96.98,99.11,99.19,96.21,0.0,0.3,0.0,0.0,0.0,0.0,0.0001,0.001,64,2048
pubmed_run09zkr755_NCN_hyper7rqtruzu,16.25,29.92,66.2,83.3,92.64,96.98,27.77,16.25,29.92,66.2,83.3,92.64,96.98,99.11,99.19,96.21,0.0,0.3,0.0,0.0,0.0,0.0,0.0001,0.0001,64,2048
pubmed_run09zkr755_NCN_hyperbr2sj31j,16.25,29.92,66.2,83.3,92.64,96.98,27.77,16.25,29.92,66.2,83.3,92.64,96.98,99.11,99.19,96.21,0.0,0.3,0.0,0.0,0.0,0.4,0.001,0.001,64,256
pubmed_run09zkr755_NCN_hyperfcp6qmry,16.25,29.92,66.2,83.3,92.64,96.98,27.77,16.25,29.92,66.2,83.3,92.64,96.98,99.11,99.19,96.21,0.0,0.3,0.0,0.0,0.0,0.4,0.001,0.0001,64,256
pubmed_run09zkr755_NCN_hypers1tnjc70,16.25,29.92,66.2,83.3,92.64,96.98,27.77,16.25,29.92,66.2,83.3,92.64,96.98,99.11,99.11,96.21,0.0,0.3,0.0,0.0,0.0,0.4,0.0001,0.001,64,256
pubmed_run09zkr755_NCN_hypersc3rulbs,16.25,29.92,66.2,83.3,92.64,96.98,27.77,16.25,29.92,66.2,83.3,92.64,96.98,99.11,99.11,96.21,0.0,0.3,0.0,0.0,0.0,0.4,0.0001,0.0001,64,256
pubmed_run09zkr755_NCN_hyperb9g2xqbn,16.25,29.92,66.2,83.3,92.64,96.98,27.77,16.25,29.92,66.2,83.3,92.64,96.98,99.11,99.11,96.21,0.0,0.3,0.0,0.0,0.0,0.4,0.001,0.001,64,512
pubmed_run09zkr755_NCN_hyper2sb00d1q,16.25,29.92,66.2,83.3,92.64,96.98,27.77,16.25,29.92,66.2,83.3,92.64,96.98,99.11,99.11,96.21,0.0,0.3,0.0,0.0,0.0,0.4,0.001,0.0001,64,512
pubmed_run09zkr755_NCN_hyper9k1drdoj,16.25,29.92,66.2,83.3,92.64,96.98,27.77,16.25,29.92,66.2,83.3,92.64,96.98,99.11,99.11,96.21,0.0,0.3,0.0,0.0,0.0,0.4,0.0001,0.001,64,512
pubmed_run09zkr755_NCN_hyper4iv14eqe,16.25,29.92,66.2,83.3,92.64,96.98,27.77,16.25,29.92,66.2,83.3,92.64,96.98,99.11,99.11,96.21,0.0,0.3,0.0,0.0,0.0,0.4,0.0001,0.0001,64,512
pubmed_run09zkr755_NCN_hyper6ziprqb7,16.25,29.92,66.2,83.3,92.64,96.98,27.77,16.25,29.92,66.2,83.3,92.64,96.98,99.11,99.11,96.21,0.0,0.3,0.0,0.0,0.0,0.4,0.001,0.001,64,1024
pubmed_run09zkr755_NCN_hyper277elfmv,16.25,29.92,66.2,83.3,92.64,96.98,27.77,16.25,29.92,66.2,83.3,92.64,96.98,99.11,99.11,96.21,0.0,0.3,0.0,0.0,0.0,0.4,0.001,0.0001,64,1024
pubmed_run09zkr755_NCN_hyperlrlv2s2w,16.25,29.92,66.2,83.3,92.64,96.98,27.77,16.25,29.92,66.2,83.3,92.64,96.98,99.11,99.11,96.21,0.0,0.3,0.0,0.0,0.0,0.4,0.0001,0.001,64,1024
pubmed_run09zkr755_NCN_hyperwggjv0o2,16.25,29.92,66.2,83.3,92.64,96.98,27.77,16.25,29.92,66.2,83.3,92.64,96.98,99.11,99.11,96.21,0.0,0.3,0.0,0.0,0.0,0.4,0.0001,0.0001,64,1024
pubmed_run09zkr755_NCN_hypero69yg1w8,16.25,27.75,66.2,83.3,92.64,96.98,27.77,16.25,27.75,66.2,83.3,92.64,96.98,99.11,99.11,96.21,0.0,0.3,0.0,0.0,0.0,0.4,0.001,0.001,64,2048
pubmed_run09zkr755_NCN_hyper04vr647n,16.25,27.75,66.2,83.3,92.64,96.98,27.77,16.25,27.75,66.2,83.3,92.64,96.98,99.11,99.11,96.21,0.0,0.3,0.0,0.0,0.0,0.4,0.001,0.0001,64,2048
pubmed_run09zkr755_NCN_hyperacs4gzma,16.25,27.75,66.2,83.3,92.64,96.98,27.77,16.25,27.75,66.2,83.3,92.64,96.98,99.11,99.11,96.21,0.0,0.3,0.0,0.0,0.0,0.4,0.0001,0.001,64,2048
pubmed_run09zkr755_NCN_hyperhl5wqt82,16.25,27.75,66.2,83.3,92.64,96.98,27.77,16.25,27.75,66.2,83.3,92.64,96.98,99.11,99.11,96.21,0.0,0.3,0.0,0.0,0.0,0.4,0.0001,0.0001,64,2048
pubmed_run09zkr755_NCN_hyperfjkher2x,16.25,27.75,66.2,83.3,92.64,96.98,27.77,16.25,27.75,66.2,83.3,92.64,96.98,99.11,99.11,96.21,0.0,0.3,0.0,0.0,0.05,0.0,0.001,0.001,64,256
pubmed_run09zkr755_NCN_hyper491csysm,16.25,27.75,66.2,83.3,92.64,96.98,27.77,16.25,27.75,66.2,83.3,92.64,96.98,99.11,99.11,96.21,0.0,0.3,0.0,0.0,0.05,0.0,0.001,0.0001,64,256
pubmed_run09zkr755_NCN_hyper1b562k4c,16.25,27.75,66.2,83.3,92.64,96.98,27.77,16.25,27.75,66.2,83.3,92.64,96.98,99.11,99.11,96.21,0.0,0.3,0.0,0.0,0.05,0.0,0.0001,0.001,64,256
pubmed_run09zkr755_NCN_hyper8slwbwug,16.25,27.75,66.2,83.3,92.64,96.98,27.77,16.25,27.75,66.2,83.3,92.64,96.98,99.11,99.11,96.21,0.0,0.3,0.0,0.0,0.05,0.0,0.0001,0.0001,64,256
pubmed_run09zkr755_NCN_hyperknj9vmc0,16.25,27.75,66.2,83.3,92.64,96.98,27.77,16.25,27.75,66.2,83.3,92.64,96.98,99.11,99.11,96.21,0.0,0.3,0.0,0.0,0.05,0.0,0.001,0.001,64,512
pubmed_run09zkr755_NCN_hyperq8dtzk54,16.25,27.75,66.2,83.3,92.64,96.98,27.77,16.25,27.75,66.2,83.3,92.64,96.98,99.11,99.11,96.21,0.0,0.3,0.0,0.0,0.05,0.0,0.001,0.0001,64,512
pubmed_run09zkr755_NCN_hyperrmi4nkt1,16.25,27.75,66.2,83.3,92.64,96.98,27.77,16.25,27.75,66.2,83.3,92.64,96.98,99.11,99.11,96.21,0.0,0.3,0.0,0.0,0.05,0.0,0.0001,0.001,64,512
pubmed_run09zkr755_NCN_hyper5esa94ub,16.25,27.75,66.2,83.3,92.64,96.98,27.77,16.25,27.75,66.2,83.3,92.64,96.98,99.11,99.11,96.21,0.0,0.3,0.0,0.0,0.05,0.0,0.0001,0.0001,64,512
pubmed_run09zkr755_NCN_hyperh4qlz3f6,16.25,27.75,66.2,83.3,92.64,96.98,27.77,16.25,27.75,66.2,83.3,92.64,96.98,99.11,99.11,96.21,0.0,0.3,0.0,0.0,0.05,0.0,0.001,0.001,64,1024
pubmed_run09zkr755_NCN_hyperf5kxtyvu,16.25,27.75,66.2,83.3,92.64,96.98,27.77,16.25,27.75,66.2,83.3,92.64,96.98,99.11,99.11,96.21,0.0,0.3,0.0,0.0,0.05,0.0,0.001,0.0001,64,1024
pubmed_run09zkr755_NCN_hyperldnyn4r7,16.25,27.75,66.2,83.3,92.64,96.98,27.77,16.25,27.75,66.2,83.3,92.64,96.98,99.11,99.11,96.21,0.0,0.3,0.0,0.0,0.05,0.0,0.0001,0.001,64,1024
pubmed_run09zkr755_NCN_hyperyz5jjx5a,16.25,27.75,66.2,83.3,92.64,96.98,27.77,16.25,27.75,66.2,83.3,92.64,96.98,99.11,99.11,96.21,0.0,0.3,0.0,0.0,0.05,0.0,0.0001,0.0001,64,1024
pubmed_run09zkr755_NCN_hyperxu369lof,16.25,27.75,66.2,83.3,92.64,96.98,27.77,16.25,27.75,66.2,83.3,92.64,96.98,99.11,99.11,96.21,0.0,0.3,0.0,0.0,0.05,0.0,0.001,0.001,64,2048
pubmed_run09zkr755_NCN_hyperqhqb0mux,16.25,27.75,66.2,83.3,92.64,96.98,27.77,16.25,27.75,66.2,83.3,92.64,96.98,99.11,99.11,96.21,0.0,0.3,0.0,0.0,0.05,0.0,0.001,0.0001,64,2048
pubmed_run09zkr755_NCN_hyperkbju1owm,16.25,27.75,66.2,83.3,92.64,96.98,27.77,16.25,27.75,66.2,83.3,92.64,96.98,99.11,99.11,96.21,0.0,0.3,0.0,0.0,0.05,0.0,0.0001,0.001,64,2048
pubmed_run09zkr755_NCN_hypert29tpdm0,16.25,27.75,66.2,83.3,92.64,96.98,27.77,16.25,27.75,66.2,83.3,92.64,96.98,99.11,99.11,96.21,0.0,0.3,0.0,0.0,0.05,0.0,0.0001,0.0001,64,2048
pubmed_run09zkr755_NCN_hyperpk84c1qe,16.25,27.75,66.2,83.3,92.64,96.98,27.77,16.25,27.75,66.2,83.3,92.64,96.98,99.11,99.11,96.21,0.0,0.3,0.0,0.0,0.05,0.4,0.001,0.001,64,256
pubmed_run09zkr755_NCN_hypermufdv00o,16.25,27.75,66.2,83.3,92.64,96.98,27.77,16.25,27.75,66.2,83.3,92.64,96.98,99.11,99.11,96.21,0.0,0.3,0.0,0.0,0.05,0.4,0.001,0.0001,64,256
pubmed_run09zkr755_NCN_hypere6k217k6,16.25,27.75,66.2,83.3,92.64,96.98,27.77,16.25,27.75,66.2,83.3,92.64,96.98,99.11,99.11,96.21,0.0,0.3,0.0,0.0,0.05,0.4,0.0001,0.001,64,256
pubmed_run09zkr755_NCN_hyper3sldolip,16.25,27.75,66.2,83.3,92.64,96.98,27.77,16.25,27.75,66.2,83.3,92.64,96.98,99.11,99.11,96.21,0.0,0.3,0.0,0.0,0.05,0.4,0.0001,0.0001,64,256
pubmed_run09zkr755_NCN_hyperdm9gaz3e,16.25,27.75,66.2,83.3,92.64,96.98,27.77,16.25,27.75,66.2,83.3,92.64,96.98,99.11,99.11,96.21,0.0,0.3,0.0,0.0,0.05,0.4,0.001,0.001,64,512
pubmed_run09zkr755_NCN_hypertgzibgd2,16.25,27.75,66.2,83.3,92.64,96.98,27.77,16.25,27.75,66.2,83.3,92.64,96.98,99.11,99.11,96.21,0.0,0.3,0.0,0.0,0.05,0.4,0.001,0.0001,64,512
pubmed_run09zkr755_NCN_hyperyrln4vh8,16.25,27.75,71.48,83.3,92.64,96.98,27.77,16.25,27.75,71.48,83.3,92.64,96.98,99.11,99.11,96.25,0.0,0.3,0.0,0.0,0.05,0.4,0.0001,0.001,64,512
pubmed_run09zkr755_NCN_hyperri8ggg8f,16.25,27.75,71.48,83.3,92.64,96.98,27.77,16.25,27.75,71.48,83.3,92.64,96.98,99.11,99.11,96.25,0.0,0.3,0.0,0.0,0.05,0.4,0.0001,0.0001,64,512
pubmed_run09zkr755_NCN_hypercw30bc8n,16.25,27.75,71.48,83.3,92.64,96.98,27.77,16.25,27.75,71.48,83.3,92.64,96.98,99.11,99.11,96.25,0.0,0.3,0.0,0.0,0.05,0.4,0.001,0.001,64,1024
pubmed_run09zkr755_NCN_hyperxy29c7h2,16.25,27.75,71.48,83.3,92.64,96.98,27.77,16.25,27.75,71.48,83.3,92.64,96.98,99.11,99.11,96.25,0.0,0.3,0.0,0.0,0.05,0.4,0.001,0.0001,64,1024
pubmed_run09zkr755_NCN_hyperruiu8h6e,16.25,27.75,71.48,83.3,92.64,96.98,27.77,16.25,27.75,71.48,83.3,92.64,96.98,99.23,99.11,96.25,0.0,0.3,0.0,0.0,0.05,0.4,0.0001,0.001,64,1024
pubmed_run09zkr755_NCN_hyper7eig3vf2,16.25,27.75,71.48,83.3,92.64,96.98,27.77,16.25,27.75,71.48,83.3,92.64,96.98,99.23,99.11,96.25,0.0,0.3,0.0,0.0,0.05,0.4,0.0001,0.0001,64,1024
pubmed_run09zkr755_NCN_hyperzoqcewzu,16.25,27.75,71.48,83.3,92.64,96.98,27.77,16.25,27.75,71.48,83.3,92.64,96.98,99.23,99.11,96.25,0.0,0.3,0.0,0.0,0.05,0.4,0.001,0.001,64,2048
pubmed_run09zkr755_NCN_hyperu1cf04iw,16.25,27.75,71.48,83.3,92.64,96.98,27.77,16.25,27.75,71.48,83.3,92.64,96.98,99.23,99.11,96.25,0.0,0.3,0.0,0.0,0.05,0.4,0.001,0.0001,64,2048
pubmed_run09zkr755_NCN_hypergk0aygng,16.25,27.75,71.48,83.3,92.64,96.98,27.77,16.25,27.75,71.48,83.3,92.64,96.98,99.23,99.11,96.25,0.0,0.3,0.0,0.0,0.05,0.4,0.0001,0.001,64,2048
pubmed_run09zkr755_NCN_hyperajahpp4v,16.25,27.75,71.48,83.3,92.64,96.98,27.77,16.25,27.75,71.48,83.3,92.64,96.98,99.23,99.11,96.25,0.0,0.3,0.0,0.0,0.05,0.4,0.0001,0.0001,64,2048
pubmed_run09zkr755_NCN_hypern51g1to9,16.25,27.75,71.48,83.3,92.64,96.98,27.77,16.25,27.75,71.48,83.3,92.64,96.98,99.23,99.11,96.25,0.0,0.3,0.2,0.0,0.0,0.0,0.001,0.001,64,256
pubmed_run09zkr755_NCN_hyperl320toep,16.25,27.75,71.48,83.3,92.64,96.98,27.77,16.25,27.75,71.48,83.3,92.64,96.98,99.23,99.11,96.25,0.0,0.3,0.2,0.0,0.0,0.0,0.001,0.0001,64,256
pubmed_run09zkr755_NCN_hyperpu9aw6mn,16.25,27.75,64.03,77.53,92.64,96.98,27.77,16.25,27.75,64.03,77.53,92.64,96.98,99.23,99.11,96.25,0.0,0.3,0.2,0.0,0.0,0.0,0.0001,0.001,64,256
pubmed_run09zkr755_NCN_hyperrqj6lih5,16.25,27.75,64.03,77.53,92.64,96.98,27.77,16.25,27.75,64.03,77.53,92.64,96.98,99.23,99.11,96.25,0.0,0.3,0.2,0.0,0.0,0.0,0.0001,0.0001,64,256
pubmed_run09zkr755_NCN_hyperm6ly8b5u,16.25,27.75,64.03,77.53,92.64,96.98,27.77,16.25,27.75,64.03,77.53,92.64,96.98,99.23,99.11,96.25,0.0,0.3,0.2,0.0,0.0,0.0,0.001,0.001,64,512
pubmed_run09zkr755_NCN_hyperpchwys6n,16.25,27.75,64.03,77.53,92.64,96.98,27.77,16.25,27.75,64.03,77.53,92.64,96.98,99.23,99.11,96.25,0.0,0.3,0.2,0.0,0.0,0.0,0.001,0.0001,64,512
pubmed_run09zkr755_NCN_hyperiv7z89ho,16.25,27.75,64.03,77.53,92.64,96.98,27.77,16.25,27.75,64.03,77.53,92.64,96.98,99.23,99.11,96.25,0.0,0.3,0.2,0.0,0.0,0.0,0.0001,0.001,64,512
pubmed_run09zkr755_NCN_hyper3942kv9i,16.25,27.75,64.03,77.53,92.64,96.98,27.77,16.25,27.75,64.03,77.53,92.64,96.98,99.23,99.11,96.25,0.0,0.3,0.2,0.0,0.0,0.0,0.0001,0.0001,64,512
pubmed_run09zkr755_NCN_hypere5sfeuea,16.25,27.75,64.03,77.53,92.64,96.98,27.77,16.25,27.75,64.03,77.53,92.64,96.98,99.23,99.11,96.25,0.0,0.3,0.2,0.0,0.0,0.0,0.001,0.001,64,1024
pubmed_run09zkr755_NCN_hyperkv44kmc5,16.25,27.75,64.03,77.53,92.64,96.98,27.77,16.25,27.75,64.03,77.53,92.64,96.98,99.23,99.11,96.25,0.0,0.3,0.2,0.0,0.0,0.0,0.001,0.0001,64,1024
pubmed_run09zkr755_NCN_hyperz6jt2kui,16.25,27.75,64.03,77.53,92.64,96.98,27.77,16.25,27.75,64.03,77.53,92.64,96.98,99.23,99.11,96.25,0.0,0.3,0.2,0.0,0.0,0.0,0.0001,0.001,64,1024
pubmed_run09zkr755_NCN_hyperkrt171g7,16.25,27.75,64.03,77.53,92.64,96.98,27.77,16.25,27.75,64.03,77.53,92.64,96.98,99.23,99.11,96.25,0.0,0.3,0.2,0.0,0.0,0.0,0.0001,0.0001,64,1024
pubmed_run09zkr755_NCN_hyperyh3l1sna,16.25,27.75,64.03,77.53,92.64,96.98,27.77,16.25,27.75,64.03,77.53,92.64,96.98,99.23,99.11,96.25,0.0,0.3,0.2,0.0,0.0,0.0,0.001,0.001,64,2048
pubmed_run09zkr755_NCN_hypern51roe1g,16.25,27.75,64.03,77.53,92.64,96.98,27.77,16.25,27.75,64.03,77.53,92.64,96.98,99.23,99.11,96.25,0.0,0.3,0.2,0.0,0.0,0.0,0.001,0.0001,64,2048
pubmed_run09zkr755_NCN_hyperjrzh18zs,16.25,27.75,64.03,77.53,92.64,96.98,27.77,16.25,27.75,64.03,77.53,92.64,96.98,99.23,99.11,96.25,0.0,0.3,0.2,0.0,0.0,0.0,0.0001,0.001,64,2048
pubmed_run09zkr755_NCN_hyperrtyoo3km,16.25,27.75,64.03,77.53,92.64,96.98,27.77,16.25,27.75,64.03,77.53,92.64,96.98,99.23,99.11,96.25,0.0,0.3,0.2,0.0,0.0,0.0,0.0001,0.0001,64,2048
pubmed_run09zkr755_NCN_hyperdj8sqfz3,16.25,27.75,64.03,77.53,92.64,96.98,27.77,16.25,27.75,64.03,77.53,92.64,96.98,99.23,99.11,96.25,0.0,0.3,0.2,0.0,0.0,0.4,0.001,0.001,64,256
pubmed_run09zkr755_NCN_hyperxr41kywb,16.25,27.75,64.03,77.53,92.64,96.98,27.77,16.25,27.75,64.03,77.53,92.64,96.98,99.23,99.11,96.25,0.0,0.3,0.2,0.0,0.0,0.4,0.001,0.0001,64,256
pubmed_run09zkr755_NCN_hyperutiji5rk,16.25,27.75,64.03,77.53,92.64,96.98,27.77,16.25,27.75,64.03,77.53,92.64,96.98,99.23,99.11,96.25,0.0,0.3,0.2,0.0,0.0,0.4,0.0001,0.001,64,256
pubmed_run09zkr755_NCN_hyperhmb810dr,16.25,27.75,64.03,77.53,92.64,96.98,27.77,16.25,27.75,64.03,77.53,92.64,96.98,99.23,99.11,96.25,0.0,0.3,0.2,0.0,0.0,0.4,0.0001,0.0001,64,256
pubmed_run09zkr755_NCN_hyper1314ihnx,16.25,27.75,64.03,77.53,92.64,96.98,27.77,16.25,27.75,64.03,77.53,92.64,96.98,99.23,99.11,96.25,0.0,0.3,0.2,0.0,0.0,0.4,0.001,0.001,64,512
pubmed_run09zkr755_NCN_hyperqo7brj6o,16.25,27.75,64.03,77.53,92.64,96.98,27.77,16.25,27.75,64.03,77.53,92.64,96.98,99.23,99.11,96.25,0.0,0.3,0.2,0.0,0.0,0.4,0.001,0.0001,64,512
pubmed_run09zkr755_NCN_hyperuxezafet,16.25,27.75,64.03,77.53,92.64,96.98,27.77,16.25,27.75,64.03,77.53,92.64,96.98,99.23,99.11,96.25,0.0,0.3,0.2,0.0,0.0,0.4,0.0001,0.001,64,512
pubmed_run09zkr755_NCN_hypert759907q,16.25,27.75,64.03,77.53,92.64,96.98,27.77,16.25,27.75,64.03,77.53,92.64,96.98,99.23,99.11,96.25,0.0,0.3,0.2,0.0,0.0,0.4,0.0001,0.0001,64,512
pubmed_run09zkr755_NCN_hyperpzx0evdd,16.25,27.75,64.03,77.53,92.64,96.98,27.77,16.25,27.75,64.03,77.53,92.64,96.98,99.23,99.11,96.25,0.0,0.3,0.2,0.0,0.0,0.4,0.001,0.001,64,1024
pubmed_run09zkr755_NCN_hyperh79dz5kq,16.25,27.75,64.03,77.53,92.64,96.98,27.77,16.25,27.75,64.03,77.53,92.64,96.98,99.23,99.11,96.25,0.0,0.3,0.2,0.0,0.0,0.4,0.001,0.0001,64,1024
pubmed_run09zkr755_NCN_hypercyndhlee,16.25,27.75,64.03,77.53,92.64,96.98,27.77,16.25,27.75,64.03,77.53,92.64,96.98,99.23,99.11,96.25,0.0,0.3,0.2,0.0,0.0,0.4,0.0001,0.001,64,1024
pubmed_run09zkr755_NCN_hyper86q7vry9,16.25,27.75,64.03,77.53,92.64,96.98,27.77,16.25,27.75,64.03,77.53,92.64,96.98,99.23,99.11,96.25,0.0,0.3,0.2,0.0,0.0,0.4,0.0001,0.0001,64,1024
pubmed_run09zkr755_NCN_hyper8ncuvru2,16.25,27.75,64.03,77.53,92.64,96.98,27.77,16.25,27.75,64.03,77.53,92.64,96.98,99.23,99.11,96.25,0.0,0.3,0.2,0.0,0.0,0.4,0.001,0.001,64,2048
pubmed_run09zkr755_NCN_hyperpqhq1ior,16.25,27.75,64.03,77.53,92.64,96.98,27.77,16.25,27.75,64.03,77.53,92.64,96.98,99.23,99.11,96.25,0.0,0.3,0.2,0.0,0.0,0.4,0.001,0.0001,64,2048
pubmed_run09zkr755_NCN_hyperw2icrsmg,16.25,27.75,64.03,77.53,92.64,96.98,27.77,16.25,27.75,64.03,77.53,92.64,96.98,99.23,99.11,96.25,0.0,0.3,0.2,0.0,0.0,0.4,0.0001,0.001,64,2048
pubmed_run09zkr755_NCN_hyperajoz6tc5,16.25,27.75,64.03,77.53,92.64,96.98,27.77,16.25,27.75,64.03,77.53,92.64,96.98,99.23,99.11,96.25,0.0,0.3,0.2,0.0,0.0,0.4,0.0001,0.0001,64,2048
pubmed_run09zkr755_NCN_hyperk1dvicir,16.25,27.75,64.03,77.53,92.64,96.98,27.77,16.25,27.75,64.03,77.53,92.64,96.98,99.23,99.11,96.25,0.0,0.3,0.2,0.0,0.05,0.0,0.001,0.001,64,256
pubmed_run09zkr755_NCN_hyper15pqoyf7,16.25,27.75,64.03,77.53,92.64,96.98,27.77,16.25,27.75,64.03,77.53,92.64,96.98,99.23,99.11,96.25,0.0,0.3,0.2,0.0,0.05,0.0,0.001,0.0001,64,256
pubmed_run09zkr755_NCN_hyperx2baqtho,16.25,27.75,64.03,77.53,92.64,96.98,27.77,16.25,27.75,64.03,77.53,92.64,96.98,99.23,99.11,96.25,0.0,0.3,0.2,0.0,0.05,0.0,0.0001,0.001,64,256
pubmed_run09zkr755_NCN_hyperje2mz5qu,16.25,27.75,64.03,77.53,92.64,96.98,27.77,16.25,27.75,64.03,77.53,92.64,96.98,99.23,99.11,96.25,0.0,0.3,0.2,0.0,0.05,0.0,0.0001,0.0001,64,256
pubmed_run09zkr755_NCN_hyper5icncfb3,16.25,27.75,64.03,77.53,92.64,96.98,27.77,16.25,27.75,64.03,77.53,92.64,96.98,99.23,99.11,96.25,0.0,0.3,0.2,0.0,0.05,0.0,0.001,0.001,64,512
pubmed_run09zkr755_NCN_hyperwe53yr8f,16.25,27.75,64.03,77.53,92.64,96.98,27.77,16.25,27.75,64.03,77.53,92.64,96.98,99.23,99.11,96.25,0.0,0.3,0.2,0.0,0.05,0.0,0.001,0.0001,64,512
pubmed_run09zkr755_NCN_hyperi4deh1uq,16.25,27.75,64.03,77.53,92.64,96.98,27.77,16.25,27.75,64.03,77.53,92.64,96.98,99.23,99.11,96.25,0.0,0.3,0.2,0.0,0.05,0.0,0.0001,0.001,64,512
pubmed_run09zkr755_NCN_hyperhfcw4dyk,16.25,27.75,64.03,77.53,92.64,96.98,27.77,16.25,27.75,64.03,77.53,92.64,96.98,99.23,99.11,96.25,0.0,0.3,0.2,0.0,0.05,0.0,0.0001,0.0001,64,512
pubmed_run09zkr755_NCN_hyper27ksntdx,16.25,27.75,64.03,77.53,92.64,96.98,27.77,16.25,27.75,64.03,77.53,92.64,96.98,99.23,99.11,96.25,0.0,0.3,0.2,0.0,0.05,0.0,0.001,0.001,64,1024
pubmed_run09zkr755_NCN_hyper2pc2p1a7,16.25,27.75,64.03,77.53,92.64,96.98,27.77,16.25,27.75,64.03,77.53,92.64,96.98,99.23,99.11,96.25,0.0,0.3,0.2,0.0,0.05,0.0,0.001,0.0001,64,1024
pubmed_run09zkr755_NCN_hyperb1shr9ar,16.25,27.75,64.03,77.53,92.64,96.98,27.77,16.25,27.75,64.03,77.53,92.64,96.98,99.23,99.11,96.25,0.0,0.3,0.2,0.0,0.05,0.0,0.0001,0.001,64,1024
pubmed_run09zkr755_NCN_hypereaik2xdp,16.25,27.75,64.03,77.53,92.64,96.98,27.77,16.25,27.75,64.03,77.53,92.64,96.98,99.23,99.11,96.25,0.0,0.3,0.2,0.0,0.05,0.0,0.0001,0.0001,64,1024
pubmed_run09zkr755_NCN_hyperetih0wsk,16.25,27.75,64.03,77.53,92.64,96.98,27.77,16.25,27.75,64.03,77.53,92.64,96.98,99.23,99.11,96.25,0.0,0.3,0.2,0.0,0.05,0.0,0.001,0.001,64,2048
pubmed_run09zkr755_NCN_hyperujcbfbkc,16.25,27.75,64.03,77.53,92.64,96.98,27.77,16.25,27.75,64.03,77.53,92.64,96.98,99.23,99.11,96.25,0.0,0.3,0.2,0.0,0.05,0.0,0.001,0.0001,64,2048
pubmed_run09zkr755_NCN_hyperija2chrl,16.25,27.75,64.03,77.53,92.64,96.98,27.77,16.25,27.75,64.03,77.53,92.64,96.98,99.23,99.11,96.25,0.0,0.3,0.2,0.0,0.05,0.0,0.0001,0.001,64,2048
pubmed_run09zkr755_NCN_hyperkkwyoko7,16.25,27.75,64.03,77.53,92.64,96.98,27.77,16.25,27.75,64.03,77.53,92.64,96.98,99.23,99.11,96.25,0.0,0.3,0.2,0.0,0.05,0.0,0.0001,0.0001,64,2048
pubmed_run09zkr755_NCN_hyperi6syu0x1,16.25,27.75,64.03,77.53,92.64,96.98,27.77,16.25,27.75,64.03,77.53,92.64,96.98,99.23,99.11,96.25,0.0,0.3,0.2,0.0,0.05,0.4,0.001,0.001,64,256
pubmed_run09zkr755_NCN_hyper4er6f4cs,16.25,27.75,64.03,77.53,92.64,96.98,27.77,16.25,27.75,64.03,77.53,92.64,96.98,99.23,99.11,96.25,0.0,0.3,0.2,0.0,0.05,0.4,0.001,0.0001,64,256
pubmed_run09zkr755_NCN_hypera85bm0sb,16.25,27.75,64.03,77.53,92.64,96.98,27.77,16.25,27.75,64.03,77.53,92.64,96.98,99.23,99.11,96.25,0.0,0.3,0.2,0.0,0.05,0.4,0.0001,0.001,64,256
pubmed_run09zkr755_NCN_hyper8k83tdvf,16.25,27.75,64.03,77.53,92.64,96.98,27.77,16.25,27.75,64.03,77.53,92.64,96.98,99.23,99.11,96.25,0.0,0.3,0.2,0.0,0.05,0.4,0.0001,0.0001,64,256
pubmed_run09zkr755_NCN_hyper3q9pejqv,16.25,27.75,64.03,77.53,92.64,96.98,27.77,16.25,27.75,64.03,77.53,92.64,96.98,99.23,99.11,96.25,0.0,0.3,0.2,0.0,0.05,0.4,0.001,0.001,64,512
pubmed_run09zkr755_NCN_hyper00735a87,16.25,27.75,64.03,77.53,92.64,96.98,27.77,16.25,27.75,64.03,77.53,92.64,96.98,99.23,99.11,96.25,0.0,0.3,0.2,0.0,0.05,0.4,0.001,0.0001,64,512
pubmed_run09zkr755_NCN_hypermdqxu9a6,16.25,27.75,64.03,77.53,92.64,96.98,27.77,16.25,27.75,64.03,77.53,92.64,96.98,99.23,99.11,96.25,0.0,0.3,0.2,0.0,0.05,0.4,0.0001,0.001,64,512
pubmed_run09zkr755_NCN_hypertmkylcna,16.25,27.75,64.03,77.53,92.64,96.98,27.77,16.25,27.75,64.03,77.53,92.64,96.98,99.23,99.11,96.25,0.0,0.3,0.2,0.0,0.05,0.4,0.0001,0.0001,64,512
pubmed_run09zkr755_NCN_hyperdhienr48,16.25,27.75,64.03,77.53,92.64,96.98,27.77,16.25,27.75,64.03,77.53,92.64,96.98,99.23,99.11,96.25,0.0,0.3,0.2,0.0,0.05,0.4,0.001,0.001,64,1024
pubmed_run09zkr755_NCN_hyperblh0txya,16.25,27.75,64.03,77.53,92.64,96.98,27.77,16.25,27.75,64.03,77.53,92.64,96.98,99.23,99.11,96.25,0.0,0.3,0.2,0.0,0.05,0.4,0.001,0.0001,64,1024
pubmed_run09zkr755_NCN_hyper8034m4m5,16.25,27.75,64.03,77.53,92.64,96.98,27.77,16.25,27.75,64.03,77.53,92.64,96.98,99.23,99.11,96.25,0.0,0.3,0.2,0.0,0.05,0.4,0.0001,0.001,64,1024
pubmed_run09zkr755_NCN_hyperpe20tf23,16.25,27.75,64.03,77.53,92.64,96.98,27.77,16.25,27.75,64.03,77.53,92.64,96.98,99.23,99.11,96.25,0.0,0.3,0.2,0.0,0.05,0.4,0.0001,0.0001,64,1024
pubmed_run09zkr755_NCN_hyperw6qefs7i,16.25,27.75,64.03,77.53,92.64,96.98,27.77,16.25,27.75,64.03,77.53,92.64,96.98,99.23,99.11,96.25,0.0,0.3,0.2,0.0,0.05,0.4,0.001,0.001,64,2048
pubmed_run09zkr755_NCN_hyperkorealr4,16.25,27.75,64.03,77.53,92.64,96.98,27.77,16.25,27.75,64.03,77.53,92.64,96.98,99.23,99.11,96.25,0.0,0.3,0.2,0.0,0.05,0.4,0.001,0.0001,64,2048
pubmed_run09zkr755_NCN_hyper6lnqt8pn,16.25,27.75,64.03,77.53,92.64,96.98,27.77,16.25,27.75,64.03,77.53,92.64,96.98,99.23,99.11,96.25,0.0,0.3,0.2,0.0,0.05,0.4,0.0001,0.001,64,2048
pubmed_run09zkr755_NCN_hyper4h14paze,16.25,27.75,64.03,77.53,92.64,96.98,27.77,16.25,27.75,64.03,77.53,92.64,96.98,99.23,99.11,96.25,0.0,0.3,0.2,0.0,0.05,0.4,0.0001,0.0001,64,2048
pubmed_run09zkr755_NCN_hyperboa31gco,16.25,27.75,64.03,77.53,92.64,96.98,27.77,16.25,27.75,64.03,77.53,92.64,96.98,99.23,99.11,96.25,0.0,0.7,0.0,0.0,0.0,0.0,0.001,0.001,64,256
pubmed_run09zkr755_NCN_hyper2o5q1tym,16.25,27.75,64.03,77.53,92.64,96.98,27.77,16.25,27.75,64.03,77.53,92.64,96.98,99.23,99.11,96.25,0.0,0.7,0.0,0.0,0.0,0.0,0.001,0.0001,64,256
pubmed_run09zkr755_NCN_hyper4nd7e18l,16.25,27.75,64.03,77.53,92.64,96.98,27.77,16.25,27.75,64.03,77.53,92.64,96.98,99.23,99.11,96.25,0.0,0.7,0.0,0.0,0.0,0.0,0.0001,0.001,64,256
pubmed_run09zkr755_NCN_hyperoy6xxoci,16.25,27.75,64.03,77.53,92.64,96.98,27.77,16.25,27.75,64.03,77.53,92.64,96.98,99.23,99.11,96.25,0.0,0.7,0.0,0.0,0.0,0.0,0.0001,0.0001,64,256
pubmed_run09zkr755_NCN_hyperotb3r490,16.25,27.75,64.03,77.53,92.64,96.98,27.77,16.25,27.75,64.03,77.53,92.64,96.98,99.23,99.11,96.25,0.0,0.7,0.0,0.0,0.0,0.0,0.001,0.001,64,512
pubmed_run09zkr755_NCN_hyperzit15l35,16.25,27.75,64.03,77.53,92.64,96.98,27.77,16.25,27.75,64.03,77.53,92.64,96.98,99.23,99.11,96.25,0.0,0.7,0.0,0.0,0.0,0.0,0.001,0.0001,64,512
pubmed_run09zkr755_NCN_hyperky63ur0m,16.25,27.75,64.03,77.53,92.64,96.98,27.77,16.25,27.75,64.03,77.53,92.64,96.98,99.23,99.11,96.25,0.0,0.7,0.0,0.0,0.0,0.0,0.0001,0.001,64,512
pubmed_run09zkr755_NCN_hyperna8n3kc6,16.25,27.75,64.03,77.53,92.64,96.98,27.77,16.25,27.75,64.03,77.53,92.64,96.98,99.23,99.11,96.25,0.0,0.7,0.0,0.0,0.0,0.0,0.0001,0.0001,64,512
pubmed_run09zkr755_NCN_hyper8feamilh,16.25,27.75,64.03,77.53,92.64,96.98,27.77,16.25,27.75,64.03,77.53,92.64,96.98,99.23,99.11,96.25,0.0,0.7,0.0,0.0,0.0,0.0,0.001,0.001,64,1024
pubmed_run09zkr755_NCN_hyper7vrk0iyb,16.25,27.75,64.03,77.53,92.64,96.98,27.77,16.25,27.75,64.03,77.53,92.64,96.98,99.23,99.11,96.25,0.0,0.7,0.0,0.0,0.0,0.0,0.001,0.0001,64,1024
pubmed_run09zkr755_NCN_hyperjre7oanq,16.25,27.75,64.03,77.53,92.64,96.98,27.77,16.25,27.75,64.03,77.53,92.64,96.98,99.23,99.11,96.25,0.0,0.7,0.0,0.0,0.0,0.0,0.0001,0.001,64,1024
pubmed_run09zkr755_NCN_hyperuinxuams,16.25,27.75,64.03,77.53,92.64,96.98,27.77,16.25,27.75,64.03,77.53,92.64,96.98,99.23,99.11,96.25,0.0,0.7,0.0,0.0,0.0,0.0,0.0001,0.0001,64,1024
pubmed_run09zkr755_NCN_hyper5dcbfga4,16.25,27.75,64.03,77.53,92.64,96.98,27.77,16.25,27.75,64.03,77.53,92.64,96.98,99.23,99.11,96.25,0.0,0.7,0.0,0.0,0.0,0.0,0.001,0.001,64,2048
pubmed_run09zkr755_NCN_hypere3w49ywx,16.25,27.75,64.03,77.53,92.64,96.98,27.77,16.25,27.75,64.03,77.53,92.64,96.98,99.23,99.11,96.25,0.0,0.7,0.0,0.0,0.0,0.0,0.001,0.0001,64,2048
pubmed_run09zkr755_NCN_hyper75rceoyx,16.25,27.75,64.03,77.53,92.64,96.98,27.77,16.25,27.75,64.03,77.53,92.64,96.98,99.23,99.11,96.25,0.0,0.7,0.0,0.0,0.0,0.0,0.0001,0.001,64,2048
pubmed_run09zkr755_NCN_hyperb9qhmk2i,16.25,27.75,64.03,77.53,92.64,96.98,27.77,16.25,27.75,64.03,77.53,92.64,96.98,99.23,99.11,96.25,0.0,0.7,0.0,0.0,0.0,0.0,0.0001,0.0001,64,2048
pubmed_run09zkr755_NCN_hyperro55t26v,16.25,27.75,64.03,77.53,92.64,96.98,27.77,16.25,27.75,64.03,77.53,92.64,96.98,99.23,99.11,96.25,0.0,0.7,0.0,0.0,0.0,0.4,0.001,0.001,64,256
pubmed_run09zkr755_NCN_hyperrwic5zyy,16.25,27.75,64.03,77.53,92.64,96.98,27.77,16.25,27.75,64.03,77.53,92.64,96.98,99.23,99.11,96.25,0.0,0.7,0.0,0.0,0.0,0.4,0.001,0.0001,64,256
pubmed_run09zkr755_NCN_hyper3j9aq5gd,16.25,27.75,64.03,77.53,92.64,96.98,27.77,16.25,27.75,64.03,77.53,92.64,96.98,99.23,99.11,96.25,0.0,0.7,0.0,0.0,0.0,0.4,0.0001,0.001,64,256
pubmed_run09zkr755_NCN_hyper98a2jwy3,16.25,27.75,64.03,77.53,92.64,96.98,27.77,16.25,27.75,64.03,77.53,92.64,96.98,99.23,99.11,96.25,0.0,0.7,0.0,0.0,0.0,0.4,0.0001,0.0001,64,256
pubmed_run09zkr755_NCN_hyperm2tlqvgf,16.25,27.75,64.03,77.53,92.64,96.98,27.77,16.25,27.75,64.03,77.53,92.64,96.98,99.23,99.11,96.25,0.0,0.7,0.0,0.0,0.0,0.4,0.001,0.001,64,512
pubmed_run09zkr755_NCN_hyperdldkjsh0,16.25,27.75,64.03,77.53,92.64,96.98,27.77,16.25,27.75,64.03,77.53,92.64,96.98,99.23,99.11,96.25,0.0,0.7,0.0,0.0,0.0,0.4,0.001,0.0001,64,512
pubmed_run09zkr755_NCN_hyper1uxwy32w,16.25,27.75,64.03,77.53,92.64,96.98,27.77,16.25,27.75,64.03,77.53,92.64,96.98,99.23,99.11,96.25,0.0,0.7,0.0,0.0,0.0,0.4,0.0001,0.001,64,512
pubmed_run09zkr755_NCN_hyperxzsxks5w,16.25,27.75,64.03,77.53,92.64,96.98,27.77,16.25,27.75,64.03,77.53,92.64,96.98,99.23,99.11,96.25,0.0,0.7,0.0,0.0,0.0,0.4,0.0001,0.0001,64,512
pubmed_run09zkr755_NCN_hyperszrwkin2,16.25,27.75,64.03,77.53,92.64,96.98,27.77,16.25,27.75,64.03,77.53,92.64,96.98,99.23,99.11,96.25,0.0,0.7,0.0,0.0,0.0,0.4,0.001,0.001,64,1024
pubmed_run09zkr755_NCN_hyperlt3f5isf,16.25,27.75,64.03,77.53,92.64,96.98,27.77,16.25,27.75,64.03,77.53,92.64,96.98,99.23,99.11,96.25,0.0,0.7,0.0,0.0,0.0,0.4,0.001,0.0001,64,1024
pubmed_run09zkr755_NCN_hyperkjr5sbwm,16.25,27.75,64.03,77.53,92.64,96.98,27.77,16.25,27.75,64.03,77.53,92.64,96.98,99.23,99.11,96.25,0.0,0.7,0.0,0.0,0.0,0.4,0.0001,0.001,64,1024
pubmed_run09zkr755_NCN_hyperrceerhh6,16.25,27.75,64.03,77.53,92.64,96.98,27.77,16.25,27.75,64.03,77.53,92.64,96.98,99.23,99.11,96.25,0.0,0.7,0.0,0.0,0.0,0.4,0.0001,0.0001,64,1024
pubmed_run09zkr755_NCN_hyperp685vfsw,16.25,27.75,64.03,77.53,92.64,96.98,27.77,16.25,27.75,64.03,77.53,92.64,96.98,99.23,99.11,96.25,0.0,0.7,0.0,0.0,0.0,0.4,0.001,0.001,64,2048
pubmed_run09zkr755_NCN_hyper3m10jkkb,16.25,27.75,64.03,77.53,92.64,96.98,27.77,16.25,27.75,64.03,77.53,92.64,96.98,99.23,99.11,96.25,0.0,0.7,0.0,0.0,0.0,0.4,0.001,0.0001,64,2048
pubmed_run09zkr755_NCN_hyperdq8pz25y,16.25,27.75,64.03,77.53,92.64,96.98,27.77,16.25,27.75,64.03,77.53,92.64,96.98,99.23,99.11,96.25,0.0,0.7,0.0,0.0,0.0,0.4,0.0001,0.001,64,2048
pubmed_run09zkr755_NCN_hyper173a7a3f,16.25,27.75,64.03,77.53,92.64,96.98,27.77,16.25,27.75,64.03,77.53,92.64,96.98,99.23,99.11,96.25,0.0,0.7,0.0,0.0,0.0,0.4,0.0001,0.0001,64,2048
pubmed_run09zkr755_NCN_hyperyyb1tl2g,16.25,27.75,64.03,77.53,92.64,96.98,27.77,16.25,27.75,64.03,77.53,92.64,96.98,99.23,99.11,96.25,0.0,0.7,0.0,0.0,0.05,0.0,0.001,0.001,64,256
pubmed_run09zkr755_NCN_hyperw8e2cojm,16.25,27.75,64.03,77.53,92.64,96.98,27.77,16.25,27.75,64.03,77.53,92.64,96.98,99.23,99.11,96.25,0.0,0.7,0.0,0.0,0.05,0.0,0.001,0.0001,64,256
pubmed_run09zkr755_NCN_hypervb268nzu,16.25,27.75,64.03,77.53,92.64,96.98,27.77,16.25,27.75,64.03,77.53,92.64,96.98,99.23,99.11,96.25,0.0,0.7,0.0,0.0,0.05,0.0,0.0001,0.001,64,256
pubmed_run09zkr755_NCN_hyperioyel735,16.25,27.75,64.03,77.53,92.64,96.98,27.77,16.25,27.75,64.03,77.53,92.64,96.98,99.23,99.11,96.25,0.0,0.7,0.0,0.0,0.05,0.0,0.0001,0.0001,64,256
pubmed_run09zkr755_NCN_hyperx2dqowef,16.25,27.75,64.03,77.53,92.64,96.98,27.77,16.25,27.75,64.03,77.53,92.64,96.98,99.23,99.11,96.25,0.0,0.7,0.0,0.0,0.05,0.0,0.001,0.001,64,512
pubmed_run09zkr755_NCN_hyperrtjfkes2,16.25,27.75,64.03,77.53,92.64,96.98,27.77,16.25,27.75,64.03,77.53,92.64,96.98,99.23,99.11,96.25,0.0,0.7,0.0,0.0,0.05,0.0,0.001,0.0001,64,512
pubmed_run09zkr755_NCN_hyperlnc8005p,16.25,27.75,64.03,77.53,92.64,96.98,27.77,16.25,27.75,64.03,77.53,92.64,96.98,99.23,99.11,96.25,0.0,0.7,0.0,0.0,0.05,0.0,0.0001,0.001,64,512
pubmed_run09zkr755_NCN_hyper8tl8qsey,16.25,27.75,64.03,77.53,92.64,96.98,27.77,16.25,27.75,64.03,77.53,92.64,96.98,99.23,99.11,96.25,0.0,0.7,0.0,0.0,0.05,0.0,0.0001,0.0001,64,512
pubmed_run09zkr755_NCN_hypersnnauiy7,16.25,27.75,64.03,77.53,92.64,96.98,27.77,16.25,27.75,64.03,77.53,92.64,96.98,99.23,99.11,96.25,0.0,0.7,0.0,0.0,0.05,0.0,0.001,0.001,64,1024
pubmed_run09zkr755_NCN_hypercxomj9g7,16.25,27.75,64.03,77.53,92.64,96.98,27.77,16.25,27.75,64.03,77.53,92.64,96.98,99.23,99.11,96.25,0.0,0.7,0.0,0.0,0.05,0.0,0.001,0.0001,64,1024
pubmed_run09zkr755_NCN_hyperq38eftmz,16.25,27.75,64.03,77.53,92.64,96.98,27.77,16.25,27.75,64.03,77.53,92.64,96.98,99.23,99.11,96.25,0.0,0.7,0.0,0.0,0.05,0.0,0.0001,0.001,64,1024
pubmed_run09zkr755_NCN_hyper794o403j,16.25,27.75,64.03,77.53,92.64,96.98,27.77,16.25,27.75,64.03,77.53,92.64,96.98,99.23,99.11,96.25,0.0,0.7,0.0,0.0,0.05,0.0,0.0001,0.0001,64,1024
pubmed_run09zkr755_NCN_hyper0rb97ycw,16.25,27.75,64.03,77.53,92.64,96.98,27.77,16.25,27.75,64.03,77.53,92.64,96.98,99.23,99.11,96.25,0.0,0.7,0.0,0.0,0.05,0.0,0.001,0.001,64,2048
pubmed_run09zkr755_NCN_hyperpyygbayl,16.25,27.75,64.03,77.53,92.64,96.98,27.77,16.25,27.75,64.03,77.53,92.64,96.98,99.23,99.11,96.25,0.0,0.7,0.0,0.0,0.05,0.0,0.001,0.0001,64,2048
pubmed_run09zkr755_NCN_hyperp0kdtg6n,16.25,27.75,64.03,77.53,92.64,96.98,27.77,16.25,27.75,64.03,77.53,92.64,96.98,99.23,99.11,96.25,0.0,0.7,0.0,0.0,0.05,0.0,0.0001,0.001,64,2048
pubmed_run09zkr755_NCN_hyperhg8q9oha,16.25,27.75,64.03,77.53,92.64,96.98,27.77,16.25,27.75,64.03,77.53,92.64,96.98,99.23,99.11,96.25,0.0,0.7,0.0,0.0,0.05,0.0,0.0001,0.0001,64,2048
pubmed_run09zkr755_NCN_hypery7ot0qkk,16.25,27.75,64.03,77.53,92.64,96.98,27.77,16.25,27.75,64.03,77.53,92.64,96.98,99.23,99.11,96.25,0.0,0.7,0.0,0.0,0.05,0.4,0.001,0.001,64,256
pubmed_run09zkr755_NCN_hypertkcdi0u8,16.25,27.75,64.03,77.53,92.64,96.98,27.77,16.25,27.75,64.03,77.53,92.64,96.98,99.23,99.11,96.25,0.0,0.7,0.0,0.0,0.05,0.4,0.001,0.0001,64,256
pubmed_run09zkr755_NCN_hyperivjveq5m,16.25,27.75,64.03,77.53,92.64,96.98,27.77,16.25,27.75,64.03,77.53,92.64,96.98,99.23,99.11,96.25,0.0,0.7,0.0,0.0,0.05,0.4,0.0001,0.001,64,256
pubmed_run09zkr755_NCN_hyperhx9smtdj,16.25,27.75,64.03,77.53,92.64,96.98,27.77,16.25,27.75,64.03,77.53,92.64,96.98,99.23,99.11,96.25,0.0,0.7,0.0,0.0,0.05,0.4,0.0001,0.0001,64,256
pubmed_run09zkr755_NCN_hypersfi4ceo3,16.25,27.75,64.03,77.53,92.64,96.98,27.77,16.25,27.75,64.03,77.53,92.64,96.98,99.23,99.11,96.25,0.0,0.7,0.0,0.0,0.05,0.4,0.001,0.001,64,512
pubmed_run09zkr755_NCN_hyper3belkb9k,16.25,27.75,64.03,77.53,92.64,96.98,27.77,16.25,27.75,64.03,77.53,92.64,96.98,99.23,99.11,96.25,0.0,0.7,0.0,0.0,0.05,0.4,0.001,0.0001,64,512
pubmed_run09zkr755_NCN_hyperrwde04ja,16.25,27.75,64.03,77.53,92.64,96.98,27.77,16.25,27.75,64.03,77.53,92.64,96.98,99.23,99.11,96.25,0.0,0.7,0.0,0.0,0.05,0.4,0.0001,0.001,64,512
pubmed_run09zkr755_NCN_hypernlk5hh0m,16.25,27.75,64.03,77.53,92.64,96.98,27.77,16.25,27.75,64.03,77.53,92.64,96.98,99.23,99.11,96.25,0.0,0.7,0.0,0.0,0.05,0.4,0.0001,0.0001,64,512
pubmed_run09zkr755_NCN_hyperqg0wg0qj,16.25,27.75,64.03,77.53,92.64,96.98,27.77,16.25,27.75,64.03,77.53,92.64,96.98,99.23,99.11,96.25,0.0,0.7,0.0,0.0,0.05,0.4,0.001,0.001,64,1024
pubmed_run09zkr755_NCN_hypersdokxvch,16.25,27.75,64.03,77.53,92.64,96.98,27.77,16.25,27.75,64.03,77.53,92.64,96.98,99.23,99.11,96.25,0.0,0.7,0.0,0.0,0.05,0.4,0.001,0.0001,64,1024
pubmed_run09zkr755_NCN_hyper9ryv3yoy,16.25,27.75,64.03,77.53,92.64,96.98,27.77,16.25,27.75,64.03,77.53,92.64,96.98,99.23,99.11,96.25,0.0,0.7,0.0,0.0,0.05,0.4,0.0001,0.001,64,1024
pubmed_run09zkr755_NCN_hypersh2iuwin,16.25,27.75,64.03,77.53,92.64,96.98,27.77,16.25,27.75,64.03,77.53,92.64,96.98,99.23,99.11,96.25,0.0,0.7,0.0,0.0,0.05,0.4,0.0001,0.0001,64,1024
pubmed_run09zkr755_NCN_hyperebmnl2mr,16.25,27.75,64.03,77.53,92.64,96.98,27.77,16.25,27.75,64.03,77.53,92.64,96.98,99.23,99.11,96.25,0.0,0.7,0.0,0.0,0.05,0.4,0.001,0.001,64,2048
pubmed_run09zkr755_NCN_hyper7ippxux4,16.25,27.75,64.03,77.53,92.64,96.98,27.77,16.25,27.75,64.03,77.53,92.64,96.98,99.23,99.11,96.25,0.0,0.7,0.0,0.0,0.05,0.4,0.001,0.0001,64,2048
pubmed_run09zkr755_NCN_hyperu3dol8bc,16.25,27.75,64.03,77.53,92.64,96.98,27.77,16.25,27.75,64.03,77.53,92.64,96.98,99.23,99.11,96.25,0.0,0.7,0.0,0.0,0.05,0.4,0.0001,0.001,64,2048
pubmed_run09zkr755_NCN_hyperm7oo4hhb,16.25,27.75,64.03,77.53,92.64,96.98,27.77,16.25,27.75,64.03,77.53,92.64,96.98,99.23,99.11,96.25,0.0,0.7,0.0,0.0,0.05,0.4,0.0001,0.0001,64,2048
pubmed_run09zkr755_NCN_hyperdnpwhvbl,16.25,27.75,64.03,77.53,92.64,96.98,27.77,16.25,27.75,64.03,77.53,92.64,96.98,99.23,99.11,96.25,0.0,0.7,0.2,0.0,0.0,0.0,0.001,0.001,64,256
pubmed_run09zkr755_NCN_hypercm2tv6pz,16.25,27.75,64.03,77.53,92.64,96.98,27.77,16.25,27.75,64.03,77.53,92.64,96.98,99.23,99.11,96.25,0.0,0.7,0.2,0.0,0.0,0.0,0.001,0.0001,64,256
pubmed_run09zkr755_NCN_hyper5amy61w0,16.25,27.75,64.03,77.53,92.64,96.98,27.77,16.25,27.75,64.03,77.53,92.64,96.98,99.23,99.11,96.25,0.0,0.7,0.2,0.0,0.0,0.0,0.0001,0.001,64,256
pubmed_run09zkr755_NCN_hyperaxbrbuup,16.25,27.75,64.03,77.53,92.64,96.98,27.77,16.25,27.75,64.03,77.53,92.64,96.98,99.23,99.11,96.25,0.0,0.7,0.2,0.0,0.0,0.0,0.0001,0.0001,64,256
pubmed_run09zkr755_NCN_hyperbd0hvxko,16.25,27.75,64.03,77.53,92.64,96.98,27.77,16.25,27.75,64.03,77.53,92.64,96.98,99.23,99.11,96.25,0.0,0.7,0.2,0.0,0.0,0.0,0.001,0.001,64,512
pubmed_run09zkr755_NCN_hyperjucxrtsc,16.25,27.75,64.03,77.53,92.64,96.98,27.77,16.25,27.75,64.03,77.53,92.64,96.98,99.23,99.11,96.25,0.0,0.7,0.2,0.0,0.0,0.0,0.001,0.0001,64,512
pubmed_run09zkr755_NCN_hyperfpi3pjub,16.25,27.75,64.03,77.53,92.64,96.98,27.77,16.25,27.75,64.03,77.53,92.64,96.98,99.23,99.11,96.25,0.0,0.7,0.2,0.0,0.0,0.0,0.0001,0.001,64,512
pubmed_run09zkr755_NCN_hyper9kcu54jy,16.25,27.75,64.03,77.53,92.64,96.98,27.77,16.25,27.75,64.03,77.53,92.64,96.98,99.23,99.11,96.25,0.0,0.7,0.2,0.0,0.0,0.0,0.0001,0.0001,64,512
pubmed_run09zkr755_NCN_hyper1vufht3u,16.25,27.75,64.03,77.53,92.64,96.98,27.77,16.25,27.75,64.03,77.53,92.64,96.98,99.23,99.11,96.25,0.0,0.7,0.2,0.0,0.0,0.0,0.001,0.001,64,1024
pubmed_run09zkr755_NCN_hyperlh50h3c8,16.25,27.75,64.03,77.53,92.64,96.98,27.77,16.25,27.75,64.03,77.53,92.64,96.98,99.23,99.11,96.25,0.0,0.7,0.2,0.0,0.0,0.0,0.001,0.0001,64,1024
pubmed_run09zkr755_NCN_hyperhy6ehwwz,16.25,27.75,64.03,77.53,92.64,96.98,27.77,16.25,27.75,64.03,77.53,92.64,96.98,99.23,99.11,96.25,0.0,0.7,0.2,0.0,0.0,0.0,0.0001,0.001,64,1024
pubmed_run09zkr755_NCN_hyperi5uik91k,16.25,27.75,64.03,77.53,92.64,96.98,27.77,16.25,27.75,64.03,77.53,92.64,96.98,99.23,99.11,96.25,0.0,0.7,0.2,0.0,0.0,0.0,0.0001,0.0001,64,1024
pubmed_run09zkr755_NCN_hypern4b7gy4b,16.25,27.75,64.03,77.53,92.64,96.98,27.77,16.25,27.75,64.03,77.53,92.64,96.98,99.23,99.11,96.25,0.0,0.7,0.2,0.0,0.0,0.0,0.001,0.001,64,2048
pubmed_run09zkr755_NCN_hyper5j3qo6bq,16.25,27.75,64.03,77.53,92.64,96.98,27.77,16.25,27.75,64.03,77.53,92.64,96.98,99.23,99.11,96.25,0.0,0.7,0.2,0.0,0.0,0.0,0.001,0.0001,64,2048
pubmed_run09zkr755_NCN_hyper8cukpg8l,16.25,27.75,64.03,77.53,92.64,96.98,27.77,16.25,27.75,64.03,77.53,92.64,96.98,99.23,99.11,96.25,0.0,0.7,0.2,0.0,0.0,0.0,0.0001,0.001,64,2048
pubmed_run09zkr755_NCN_hyperln0bxcwy,16.25,27.75,64.03,77.53,92.64,96.98,27.77,16.25,27.75,64.03,77.53,92.64,96.98,99.23,99.11,96.25,0.0,0.7,0.2,0.0,0.0,0.0,0.0001,0.0001,64,2048
pubmed_run09zkr755_NCN_hyperxrm3vng4,16.25,27.75,64.03,77.53,92.64,96.98,27.77,16.25,27.75,64.03,77.53,92.64,96.98,99.23,99.11,96.25,0.0,0.7,0.2,0.0,0.0,0.4,0.001,0.001,64,256
pubmed_run09zkr755_NCN_hyperk7yor8bw,16.25,27.75,64.03,77.53,92.64,96.98,27.77,16.25,27.75,64.03,77.53,92.64,96.98,99.23,99.11,96.25,0.0,0.7,0.2,0.0,0.0,0.4,0.001,0.0001,64,256
pubmed_run09zkr755_NCN_hypersvccn716,16.25,27.75,64.03,77.53,92.64,96.98,27.77,16.25,27.75,64.03,77.53,92.64,96.98,99.23,99.11,96.25,0.0,0.7,0.2,0.0,0.0,0.4,0.0001,0.001,64,256
pubmed_run09zkr755_NCN_hyper1da6ljrn,16.25,27.75,64.03,77.53,92.64,96.98,27.77,16.25,27.75,64.03,77.53,92.64,96.98,99.23,99.11,96.25,0.0,0.7,0.2,0.0,0.0,0.4,0.0001,0.0001,64,256
pubmed_run09zkr755_NCN_hypero8puo6mr,16.25,27.75,64.03,77.53,92.64,96.98,27.77,16.25,27.75,64.03,77.53,92.64,96.98,99.23,99.11,96.25,0.0,0.7,0.2,0.0,0.0,0.4,0.001,0.001,64,512
pubmed_run09zkr755_NCN_hyperh7srmj6o,16.25,27.75,64.03,77.53,92.64,96.98,27.77,16.25,27.75,64.03,77.53,92.64,96.98,99.23,99.11,96.25,0.0,0.7,0.2,0.0,0.0,0.4,0.001,0.0001,64,512
pubmed_run09zkr755_NCN_hyper2okdevth,16.25,27.75,64.03,77.53,92.64,96.98,27.77,16.25,27.75,64.03,77.53,92.64,96.98,99.23,99.11,96.25,0.0,0.7,0.2,0.0,0.0,0.4,0.0001,0.001,64,512
pubmed_run09zkr755_NCN_hypero48495aj,16.25,27.75,64.03,77.53,92.64,96.98,27.77,16.25,27.75,64.03,77.53,92.64,96.98,99.23,99.11,96.25,0.0,0.7,0.2,0.0,0.0,0.4,0.0001,0.0001,64,512
pubmed_run09zkr755_NCN_hypererffko9x,16.25,27.75,64.03,77.53,92.64,96.98,27.77,16.25,27.75,64.03,77.53,92.64,96.98,99.23,99.11,96.25,0.0,0.7,0.2,0.0,0.0,0.4,0.001,0.001,64,1024
pubmed_run09zkr755_NCN_hypergzafuczw,16.25,27.75,64.03,77.53,92.64,96.98,27.77,16.25,27.75,64.03,77.53,92.64,96.98,99.23,99.11,96.25,0.0,0.7,0.2,0.0,0.0,0.4,0.001,0.0001,64,1024
pubmed_run09zkr755_NCN_hyperv8fk93zp,16.25,27.75,64.03,77.53,92.64,96.98,27.77,16.25,27.75,64.03,77.53,92.64,96.98,99.23,99.11,96.25,0.0,0.7,0.2,0.0,0.0,0.4,0.0001,0.001,64,1024
pubmed_run09zkr755_NCN_hyper9ow00bqv,16.25,27.75,64.03,77.53,92.64,96.98,27.77,16.25,27.75,64.03,77.53,92.64,96.98,99.23,99.11,96.25,0.0,0.7,0.2,0.0,0.0,0.4,0.0001,0.0001,64,1024
pubmed_run09zkr755_NCN_hypera477ix6a,16.25,27.75,64.03,77.53,92.64,96.98,27.77,16.25,27.75,64.03,77.53,92.64,96.98,99.23,99.11,96.25,0.0,0.7,0.2,0.0,0.0,0.4,0.001,0.001,64,2048
pubmed_run09zkr755_NCN_hyper6lfhp1zg,16.25,27.75,64.03,77.53,92.64,96.98,27.77,16.25,27.75,64.03,77.53,92.64,96.98,99.23,99.11,96.25,0.0,0.7,0.2,0.0,0.0,0.4,0.001,0.0001,64,2048
pubmed_run09zkr755_NCN_hyperdtdic7ja,16.25,27.75,64.03,77.53,92.64,96.98,27.77,16.25,27.75,64.03,77.53,92.64,96.98,99.23,99.11,96.25,0.0,0.7,0.2,0.0,0.0,0.4,0.0001,0.001,64,2048
pubmed_run09zkr755_NCN_hyperipkjwywm,16.25,27.75,64.03,77.53,92.64,96.98,27.77,16.25,27.75,64.03,77.53,92.64,96.98,99.23,99.11,96.25,0.0,0.7,0.2,0.0,0.0,0.4,0.0001,0.0001,64,2048
pubmed_run09zkr755_NCN_hyper5ztse7ew,16.25,27.75,64.03,77.53,92.64,96.98,27.77,16.25,27.75,64.03,77.53,92.64,96.98,99.23,99.11,96.25,0.0,0.7,0.2,0.0,0.05,0.0,0.001,0.001,64,256
pubmed_run09zkr755_NCN_hyperw4ur2y03,16.25,27.75,64.03,77.53,92.64,96.98,27.77,16.25,27.75,64.03,77.53,92.64,96.98,99.23,99.11,96.25,0.0,0.7,0.2,0.0,0.05,0.0,0.001,0.0001,64,256
pubmed_run09zkr755_NCN_hyper91rcwwd4,16.25,27.75,64.03,77.53,92.64,96.98,27.77,16.25,27.75,64.03,77.53,92.64,96.98,99.23,99.11,96.25,0.0,0.7,0.2,0.0,0.05,0.0,0.0001,0.001,64,256
pubmed_run09zkr755_NCN_hyperkggood6g,16.25,27.75,64.03,77.53,92.64,96.98,27.77,16.25,27.75,64.03,77.53,92.64,96.98,99.23,99.11,96.25,0.0,0.7,0.2,0.0,0.05,0.0,0.0001,0.0001,64,256
pubmed_run09zkr755_NCN_hyperpcc09whw,16.25,27.75,64.03,77.53,92.64,96.98,27.77,16.25,27.75,64.03,77.53,92.64,96.98,99.23,99.11,96.25,0.0,0.7,0.2,0.0,0.05,0.0,0.001,0.001,64,512
pubmed_run09zkr755_NCN_hypert2ke429m,16.25,27.75,64.03,77.53,92.64,96.98,27.77,16.25,27.75,64.03,77.53,92.64,96.98,99.23,99.11,96.25,0.0,0.7,0.2,0.0,0.05,0.0,0.001,0.0001,64,512
pubmed_run09zkr755_NCN_hyperqsgjrenw,16.25,27.75,64.03,77.53,92.64,96.98,27.77,16.25,27.75,64.03,77.53,92.64,96.98,99.23,99.11,96.25,0.0,0.7,0.2,0.0,0.05,0.0,0.0001,0.001,64,512
pubmed_run09zkr755_NCN_hyperxcxo2jin,16.25,27.75,64.03,77.53,92.64,96.98,27.77,16.25,27.75,64.03,77.53,92.64,96.98,99.23,99.11,96.25,0.0,0.7,0.2,0.0,0.05,0.0,0.0001,0.0001,64,512
pubmed_run09zkr755_NCN_hyperb2mgduf6,16.25,27.75,64.03,77.53,92.64,96.98,27.77,16.25,27.75,64.03,77.53,92.64,96.98,99.23,99.11,96.25,0.0,0.7,0.2,0.0,0.05,0.0,0.001,0.001,64,1024
pubmed_run09zkr755_NCN_hyperbbg5y8cn,16.25,27.75,64.03,77.53,92.64,96.98,27.77,16.25,27.75,64.03,77.53,92.64,96.98,99.23,99.11,96.25,0.0,0.7,0.2,0.0,0.05,0.0,0.001,0.0001,64,1024
pubmed_run09zkr755_NCN_hyperlojxdiq5,16.25,27.75,64.03,77.53,92.64,96.98,27.77,16.25,27.75,64.03,77.53,92.64,96.98,99.23,99.11,96.25,0.0,0.7,0.2,0.0,0.05,0.0,0.0001,0.001,64,1024
pubmed_run09zkr755_NCN_hyperwzce1x3g,16.25,27.75,64.03,77.53,92.64,96.98,27.77,16.25,27.75,64.03,77.53,92.64,96.98,99.23,99.11,96.25,0.0,0.7,0.2,0.0,0.05,0.0,0.0001,0.0001,64,1024
pubmed_run09zkr755_NCN_hyperd1e97ise,16.25,27.75,64.03,77.53,92.64,96.98,27.77,16.25,27.75,64.03,77.53,92.64,96.98,99.23,99.11,96.25,0.0,0.7,0.2,0.0,0.05,0.0,0.001,0.001,64,2048
pubmed_run09zkr755_NCN_hyperokqvq4q8,16.25,27.75,64.03,77.53,92.64,96.98,27.77,16.25,27.75,64.03,77.53,92.64,96.98,99.23,99.11,96.25,0.0,0.7,0.2,0.0,0.05,0.0,0.001,0.0001,64,2048
pubmed_run09zkr755_NCN_hyperobz9gcia,16.25,27.75,64.03,77.53,92.64,96.98,27.77,16.25,27.75,64.03,77.53,92.64,96.98,99.23,99.11,96.25,0.0,0.7,0.2,0.0,0.05,0.0,0.0001,0.001,64,2048
pubmed_run09zkr755_NCN_hypero3e2uqp2,16.25,27.75,64.03,77.53,92.64,96.98,27.77,16.25,27.75,64.03,77.53,92.64,96.98,99.23,99.11,96.25,0.0,0.7,0.2,0.0,0.05,0.0,0.0001,0.0001,64,2048
pubmed_run09zkr755_NCN_hyper5ffeoqp7,16.25,27.75,64.03,77.53,92.64,96.98,27.77,16.25,27.75,64.03,77.53,92.64,96.98,99.23,99.11,96.25,0.0,0.7,0.2,0.0,0.05,0.4,0.001,0.001,64,256
pubmed_run09zkr755_NCN_hypervr5in88b,16.25,27.75,64.03,77.53,92.64,96.98,27.77,16.25,27.75,64.03,77.53,92.64,96.98,99.23,99.11,96.25,0.0,0.7,0.2,0.0,0.05,0.4,0.001,0.0001,64,256
pubmed_run09zkr755_NCN_hyper4q5g9z00,16.25,27.75,64.03,77.53,92.64,96.98,27.77,16.25,27.75,64.03,77.53,92.64,96.98,99.23,99.11,96.25,0.0,0.7,0.2,0.0,0.05,0.4,0.0001,0.001,64,256
pubmed_run09zkr755_NCN_hyperz340vj9f,16.25,27.75,64.03,77.53,92.64,96.98,27.77,16.25,27.75,64.03,77.53,92.64,96.98,99.23,99.11,96.25,0.0,0.7,0.2,0.0,0.05,0.4,0.0001,0.0001,64,256
pubmed_run09zkr755_NCN_hyperdjbv0esr,16.25,27.75,64.03,77.53,92.64,96.98,27.77,16.25,27.75,64.03,77.53,92.64,96.98,99.23,99.11,96.25,0.0,0.7,0.2,0.0,0.05,0.4,0.001,0.001,64,512
pubmed_run09zkr755_NCN_hyper8n1mbb1f,16.25,27.75,64.03,77.53,92.64,96.98,27.77,16.25,27.75,64.03,77.53,92.64,96.98,99.23,99.11,96.25,0.0,0.7,0.2,0.0,0.05,0.4,0.001,0.0001,64,512
pubmed_run09zkr755_NCN_hyper84ed781q,16.25,27.75,64.03,77.53,92.64,96.98,27.77,16.25,27.75,64.03,77.53,92.64,96.98,99.23,99.11,96.25,0.0,0.7,0.2,0.0,0.05,0.4,0.0001,0.001,64,512
pubmed_run09zkr755_NCN_hypero4szfnj3,16.25,27.75,64.03,77.53,92.64,96.98,27.77,16.25,27.75,64.03,77.53,92.64,96.98,99.23,99.11,96.25,0.0,0.7,0.2,0.0,0.05,0.4,0.0001,0.0001,64,512
pubmed_run09zkr755_NCN_hyperm4xth9h7,16.25,27.75,64.03,77.53,92.64,96.98,27.77,16.25,27.75,64.03,77.53,92.64,96.98,99.23,99.11,96.25,0.0,0.7,0.2,0.0,0.05,0.4,0.001,0.001,64,1024
pubmed_run09zkr755_NCN_hypert1lqoqvg,16.25,27.75,64.03,77.53,92.64,96.98,27.77,16.25,27.75,64.03,77.53,92.64,96.98,99.23,99.11,96.25,0.0,0.7,0.2,0.0,0.05,0.4,0.001,0.0001,64,1024
pubmed_run09zkr755_NCN_hyperly6jydku,16.25,27.75,64.03,77.53,92.64,96.98,27.77,16.25,27.75,64.03,77.53,92.64,96.98,99.23,99.11,96.25,0.0,0.7,0.2,0.0,0.05,0.4,0.0001,0.001,64,1024
pubmed_run09zkr755_NCN_hyperpghejscx,16.25,27.75,64.03,77.53,92.64,96.98,27.77,16.25,27.75,64.03,77.53,92.64,96.98,99.23,99.11,96.25,0.0,0.7,0.2,0.0,0.05,0.4,0.0001,0.0001,64,1024
pubmed_run09zkr755_NCN_hyperm1cafyx6,16.25,27.75,64.03,77.53,92.64,96.98,27.77,16.25,27.75,64.03,77.53,92.64,96.98,99.23,99.11,96.25,0.0,0.7,0.2,0.0,0.05,0.4,0.001,0.001,64,2048
pubmed_run09zkr755_NCN_hyperljay4irq,16.25,27.75,64.03,77.53,92.64,96.98,27.77,16.25,27.75,64.03,77.53,92.64,96.98,99.23,99.11,96.25,0.0,0.7,0.2,0.0,0.05,0.4,0.001,0.0001,64,2048
pubmed_run09zkr755_NCN_hypero97n9wwj,16.25,27.75,64.03,77.53,92.64,96.98,27.77,16.25,27.75,64.03,77.53,92.64,96.98,99.23,99.11,96.25,0.0,0.7,0.2,0.0,0.05,0.4,0.0001,0.001,64,2048
pubmed_run09zkr755_NCN_hyperjn0mt31f,16.25,27.75,64.03,77.53,92.64,96.98,27.77,16.25,27.75,64.03,77.53,92.64,96.98,99.23,99.11,96.25,0.0,0.7,0.2,0.0,0.05,0.4,0.0001,0.0001,64,2048
pubmed_run09zkr755_NCN_hyper58yr123a,16.25,27.75,64.03,77.53,92.64,96.98,27.77,16.25,27.75,64.03,77.53,92.64,96.98,99.23,99.11,96.25,0.2,0.0,0.0,0.0,0.0,0.0,0.001,0.001,64,256
pubmed_run09zkr755_NCN_hypergs2ra5is,16.25,27.75,64.03,77.53,92.64,96.98,27.77,16.25,27.75,64.03,77.53,92.64,96.98,99.23,99.11,96.25,0.2,0.0,0.0,0.0,0.0,0.0,0.001,0.0001,64,256
pubmed_run09zkr755_NCN_hyperongqctzg,16.25,27.75,62.27,77.53,92.64,96.98,27.77,16.25,27.75,62.27,77.53,92.64,96.98,99.23,99.11,96.25,0.2,0.0,0.0,0.0,0.0,0.0,0.0001,0.001,64,256
pubmed_run09zkr755_NCN_hypervuednfhy,16.25,27.75,62.27,77.53,92.64,96.98,27.77,16.25,27.75,62.27,77.53,92.64,96.98,99.23,99.11,96.25,0.2,0.0,0.0,0.0,0.0,0.0,0.0001,0.0001,64,256
pubmed_run09zkr755_NCN_hyperkmgkc5m8,16.25,27.75,62.27,77.53,92.64,96.98,27.77,16.25,27.75,62.27,77.53,92.64,96.98,99.23,99.11,96.25,0.2,0.0,0.0,0.0,0.0,0.0,0.001,0.001,64,512
pubmed_run09zkr755_NCN_hypermjizxh9c,16.25,27.75,62.27,77.53,92.64,96.98,27.77,16.25,27.75,62.27,77.53,92.64,96.98,99.23,99.11,96.25,0.2,0.0,0.0,0.0,0.0,0.0,0.001,0.0001,64,512
pubmed_run09zkr755_NCN_hypero85y0ggb,16.25,27.75,62.27,77.53,92.64,96.98,27.77,16.25,27.75,62.27,77.53,92.64,96.98,99.23,99.11,96.25,0.2,0.0,0.0,0.0,0.0,0.0,0.0001,0.001,64,512
pubmed_run09zkr755_NCN_hyper3ebineto,16.25,27.75,62.27,77.53,92.64,96.98,27.77,16.25,27.75,62.27,77.53,92.64,96.98,99.23,99.11,96.25,0.2,0.0,0.0,0.0,0.0,0.0,0.0001,0.0001,64,512
pubmed_run09zkr755_NCN_hypere7i4162e,16.25,27.75,61.6,77.53,92.64,96.98,27.77,16.25,27.75,61.6,77.53,92.64,96.98,99.23,99.11,96.25,0.2,0.0,0.0,0.0,0.0,0.0,0.001,0.001,64,1024
pubmed_run09zkr755_NCN_hyper7v71dumt,16.25,27.75,61.6,77.53,92.64,96.98,27.77,16.25,27.75,61.6,77.53,92.64,96.98,99.23,99.11,96.25,0.2,0.0,0.0,0.0,0.0,0.0,0.001,0.0001,64,1024
pubmed_run09zkr755_NCN_hypery1pjjq0h,16.25,27.75,61.6,77.53,92.64,96.98,27.77,16.25,27.75,61.6,77.53,92.64,96.98,99.23,99.11,96.25,0.2,0.0,0.0,0.0,0.0,0.0,0.0001,0.001,64,1024
pubmed_run09zkr755_NCN_hypero4v5l1p3,16.25,27.75,61.6,77.53,92.64,96.98,27.77,16.25,27.75,61.6,77.53,92.64,96.98,99.23,99.11,96.25,0.2,0.0,0.0,0.0,0.0,0.0,0.0001,0.0001,64,1024
pubmed_run09zkr755_NCN_hyperr3dev945,16.25,27.75,61.6,77.53,92.64,96.98,27.77,16.25,27.75,61.6,77.53,92.64,96.98,99.23,99.11,96.25,0.2,0.0,0.0,0.0,0.0,0.0,0.001,0.001,64,2048
pubmed_run09zkr755_NCN_hyperiahrc7fk,16.25,27.75,61.6,77.53,92.64,96.98,27.77,16.25,27.75,61.6,77.53,92.64,96.98,99.23,99.11,96.25,0.2,0.0,0.0,0.0,0.0,0.0,0.001,0.0001,64,2048
pubmed_run09zkr755_NCN_hyper6ae9rq7f,16.25,27.75,61.6,77.53,92.64,96.98,27.77,16.25,27.75,61.6,77.53,92.64,96.98,99.23,99.11,96.25,0.2,0.0,0.0,0.0,0.0,0.0,0.0001,0.001,64,2048
pubmed_run09zkr755_NCN_hyper1w9mgpo4,16.25,27.75,61.6,77.53,92.64,96.98,27.77,16.25,27.75,61.6,77.53,92.64,96.98,99.23,99.11,96.25,0.2,0.0,0.0,0.0,0.0,0.0,0.0001,0.0001,64,2048
pubmed_run09zkr755_NCN_hypervfc0ty6t,16.25,27.75,61.6,77.53,92.64,96.98,27.77,16.25,27.75,61.6,77.53,92.64,96.98,99.23,99.11,96.25,0.2,0.0,0.0,0.0,0.0,0.4,0.001,0.001,64,256
pubmed_run09zkr755_NCN_hyper86y5gn1u,16.25,27.75,61.6,77.53,92.64,96.98,27.77,16.25,27.75,61.6,77.53,92.64,96.98,99.23,99.11,96.25,0.2,0.0,0.0,0.0,0.0,0.4,0.001,0.0001,64,256
pubmed_run09zkr755_NCN_hyperzk4x0wj4,16.25,27.75,61.6,77.53,92.64,96.98,27.77,16.25,27.75,61.6,77.53,92.64,96.98,99.23,99.11,96.25,0.2,0.0,0.0,0.0,0.0,0.4,0.0001,0.001,64,256
pubmed_run09zkr755_NCN_hyperjvfuzk4u,16.25,27.75,61.6,77.53,92.64,96.98,27.77,16.25,27.75,61.6,77.53,92.64,96.98,99.23,99.11,96.25,0.2,0.0,0.0,0.0,0.0,0.4,0.0001,0.0001,64,256
pubmed_run09zkr755_NCN_hypernvn4g4j7,16.25,27.75,61.6,77.53,92.64,96.98,27.77,16.25,27.75,61.6,77.53,92.64,96.98,99.23,99.11,96.25,0.2,0.0,0.0,0.0,0.0,0.4,0.001,0.001,64,512
pubmed_run09zkr755_NCN_hyper5gvjnrd4,16.25,27.75,61.6,77.53,92.64,96.98,27.77,16.25,27.75,61.6,77.53,92.64,96.98,99.23,99.11,96.25,0.2,0.0,0.0,0.0,0.0,0.4,0.001,0.0001,64,512
pubmed_run09zkr755_NCN_hyper8zz8jm9g,16.25,27.75,61.6,77.53,92.64,96.98,27.77,16.25,27.75,61.6,77.53,92.64,96.98,99.23,99.11,96.25,0.2,0.0,0.0,0.0,0.0,0.4,0.0001,0.001,64,512
pubmed_run09zkr755_NCN_hyper1wfcdy8s,16.25,27.75,61.6,77.53,92.64,96.98,27.77,16.25,27.75,61.6,77.53,92.64,96.98,99.23,99.11,96.25,0.2,0.0,0.0,0.0,0.0,0.4,0.0001,0.0001,64,512
pubmed_run09zkr755_NCN_hyperahjjbpeo,16.25,27.75,61.6,77.53,92.64,96.98,27.77,16.25,27.75,61.6,77.53,92.64,96.98,99.23,99.11,96.25,0.2,0.0,0.0,0.0,0.0,0.4,0.001,0.001,64,1024
pubmed_run09zkr755_NCN_hypere8qcy28y,16.25,27.75,61.6,77.53,92.64,96.98,27.77,16.25,27.75,61.6,77.53,92.64,96.98,99.23,99.11,96.25,0.2,0.0,0.0,0.0,0.0,0.4,0.001,0.0001,64,1024
pubmed_run09zkr755_NCN_hyperx8x6108d,16.25,27.75,61.6,77.53,92.64,96.98,27.77,16.25,27.75,61.6,77.53,92.64,96.98,99.23,99.11,96.25,0.2,0.0,0.0,0.0,0.0,0.4,0.0001,0.001,64,1024
pubmed_run09zkr755_NCN_hyper07w1fznt,16.25,27.75,61.6,77.53,92.64,96.98,27.77,16.25,27.75,61.6,77.53,92.64,96.98,99.23,99.11,96.25,0.2,0.0,0.0,0.0,0.0,0.4,0.0001,0.0001,64,1024
pubmed_run09zkr755_NCN_hyperb03uux6p,16.25,27.75,61.6,77.53,92.64,96.98,27.77,16.25,27.75,61.6,77.53,92.64,96.98,99.23,99.11,96.25,0.2,0.0,0.0,0.0,0.0,0.4,0.001,0.001,64,2048
pubmed_run09zkr755_NCN_hypers2x75dio,16.25,27.75,61.6,77.53,92.64,96.98,27.77,16.25,27.75,61.6,77.53,92.64,96.98,99.23,99.11,96.25,0.2,0.0,0.0,0.0,0.0,0.4,0.001,0.0001,64,2048
pubmed_run09zkr755_NCN_hyper5fah8ohp,16.25,27.75,61.6,77.53,92.64,96.98,27.77,16.25,27.75,61.6,77.53,92.64,96.98,99.23,99.11,96.25,0.2,0.0,0.0,0.0,0.0,0.4,0.0001,0.001,64,2048
pubmed_run09zkr755_NCN_hyperosycn84p,16.25,27.75,61.6,77.53,92.64,96.98,27.77,16.25,27.75,61.6,77.53,92.64,96.98,99.23,99.11,96.25,0.2,0.0,0.0,0.0,0.0,0.4,0.0001,0.0001,64,2048
pubmed_run09zkr755_NCN_hyperz4to2ram,16.25,27.75,61.6,77.53,92.64,96.98,27.77,16.25,27.75,61.6,77.53,92.64,96.98,99.23,99.11,96.25,0.2,0.0,0.0,0.0,0.05,0.0,0.001,0.001,64,256
pubmed_run09zkr755_NCN_hyperdhx9qvmu,16.25,27.75,61.6,77.53,92.64,96.98,27.77,16.25,27.75,61.6,77.53,92.64,96.98,99.23,99.11,96.25,0.2,0.0,0.0,0.0,0.05,0.0,0.001,0.0001,64,256
pubmed_run09zkr755_NCN_hyper7a1ekljv,16.25,27.75,61.6,77.53,92.64,96.98,27.77,16.25,27.75,61.6,77.53,92.64,96.98,99.23,99.11,96.25,0.2,0.0,0.0,0.0,0.05,0.0,0.0001,0.001,64,256
pubmed_run09zkr755_NCN_hyperjqy2kcc8,16.25,27.75,61.6,77.53,92.64,96.98,27.77,16.25,27.75,61.6,77.53,92.64,96.98,99.23,99.11,96.25,0.2,0.0,0.0,0.0,0.05,0.0,0.0001,0.0001,64,256
pubmed_run09zkr755_NCN_hyperhls0ehzu,16.25,27.75,61.6,77.53,92.64,96.98,27.77,16.25,27.75,61.6,77.53,92.64,96.98,99.23,99.11,96.25,0.2,0.0,0.0,0.0,0.05,0.0,0.001,0.001,64,512
pubmed_run09zkr755_NCN_hyperljysr4xx,16.25,27.75,61.6,77.53,92.64,96.98,27.77,16.25,27.75,61.6,77.53,92.64,96.98,99.23,99.11,96.25,0.2,0.0,0.0,0.0,0.05,0.0,0.001,0.0001,64,512
pubmed_run09zkr755_NCN_hyperu32jeqnb,16.25,27.75,61.6,77.53,92.64,96.98,27.77,16.25,27.75,61.6,77.53,92.64,96.98,99.23,99.11,96.25,0.2,0.0,0.0,0.0,0.05,0.0,0.0001,0.001,64,512
pubmed_run09zkr755_NCN_hyperwv6ult3o,16.25,27.75,61.6,77.53,92.64,96.98,27.77,16.25,27.75,61.6,77.53,92.64,96.98,99.23,99.11,96.25,0.2,0.0,0.0,0.0,0.05,0.0,0.0001,0.0001,64,512
pubmed_run09zkr755_NCN_hyperk31f4v8y,16.25,27.75,61.6,77.53,92.64,96.98,27.77,16.25,27.75,61.6,77.53,92.64,96.98,99.23,99.11,96.25,0.2,0.0,0.0,0.0,0.05,0.0,0.001,0.001,64,1024
pubmed_run09zkr755_NCN_hyperbczut915,16.25,27.75,61.6,77.53,92.64,96.98,27.77,16.25,27.75,61.6,77.53,92.64,96.98,99.23,99.11,96.25,0.2,0.0,0.0,0.0,0.05,0.0,0.001,0.0001,64,1024
pubmed_run09zkr755_NCN_hyper5zztgf5x,16.25,27.75,61.6,80.37,92.64,96.98,27.77,16.25,27.75,61.6,80.37,92.64,96.98,99.23,99.11,96.25,0.2,0.0,0.0,0.0,0.05,0.0,0.0001,0.001,64,1024
pubmed_run09zkr755_NCN_hyper99s88579,16.25,27.75,61.6,80.37,92.64,96.98,27.77,16.25,27.75,61.6,80.37,92.64,96.98,99.23,99.11,96.25,0.2,0.0,0.0,0.0,0.05,0.0,0.0001,0.0001,64,1024
pubmed_run09zkr755_NCN_hyper6vfi9fi3,16.25,27.75,61.6,80.37,92.64,96.98,27.77,16.25,27.75,61.6,80.37,92.64,96.98,99.23,99.11,96.25,0.2,0.0,0.0,0.0,0.05,0.0,0.001,0.001,64,2048
pubmed_run09zkr755_NCN_hyperk0dopqic,16.25,27.75,61.6,80.37,92.64,96.98,27.77,16.25,27.75,61.6,80.37,92.64,96.98,99.23,99.11,96.25,0.2,0.0,0.0,0.0,0.05,0.0,0.001,0.0001,64,2048
pubmed_run09zkr755_NCN_hypern6g8ko7z,16.25,27.75,61.6,80.37,92.64,96.98,27.77,16.25,27.75,61.6,80.37,92.64,96.98,99.23,99.11,96.25,0.2,0.0,0.0,0.0,0.05,0.0,0.0001,0.001,64,2048
pubmed_run09zkr755_NCN_hyperj1ttf12b,16.25,27.75,61.6,80.37,92.64,96.98,27.77,16.25,27.75,61.6,80.37,92.64,96.98,99.23,99.11,96.25,0.2,0.0,0.0,0.0,0.05,0.0,0.0001,0.0001,64,2048
pubmed_run09zkr755_NCN_hyperii69y88t,16.25,27.75,61.6,80.37,92.64,96.98,27.77,16.25,27.75,61.6,80.37,92.64,96.98,99.23,99.11,96.25,0.2,0.0,0.0,0.0,0.05,0.4,0.001,0.001,64,256
pubmed_run09zkr755_NCN_hyperjbxwp2e6,16.25,27.75,61.6,80.37,92.64,96.98,27.77,16.25,27.75,61.6,80.37,92.64,96.98,99.23,99.11,96.25,0.2,0.0,0.0,0.0,0.05,0.4,0.001,0.0001,64,256
pubmed_run09zkr755_NCN_hyper54kmvr62,16.25,27.75,60.97,80.37,92.64,96.98,27.77,16.25,27.75,60.97,80.37,92.64,96.98,99.23,99.11,96.25,0.2,0.0,0.0,0.0,0.05,0.4,0.0001,0.001,64,256
pubmed_run09zkr755_NCN_hyperl0i3mxd9,16.25,27.75,60.97,80.37,92.64,96.98,27.77,16.25,27.75,60.97,80.37,92.64,96.98,99.23,99.11,96.25,0.2,0.0,0.0,0.0,0.05,0.4,0.0001,0.0001,64,256
pubmed_run09zkr755_NCN_hyperbkkaw4nm,16.25,27.75,60.97,80.37,92.64,96.98,27.77,16.25,27.75,60.97,80.37,92.64,96.98,99.23,99.11,96.25,0.2,0.0,0.0,0.0,0.05,0.4,0.001,0.001,64,512
pubmed_run09zkr755_NCN_hyper6tw3yjp9,16.25,27.75,60.97,80.37,92.64,96.98,27.77,16.25,27.75,60.97,80.37,92.64,96.98,99.23,99.11,96.25,0.2,0.0,0.0,0.0,0.05,0.4,0.001,0.0001,64,512
pubmed_run09zkr755_NCN_hyper3i6t7trt,16.25,27.75,60.97,80.37,92.64,96.98,27.77,16.25,27.75,60.97,80.37,92.64,96.98,99.23,99.11,96.25,0.2,0.0,0.0,0.0,0.05,0.4,0.0001,0.001,64,512
pubmed_run09zkr755_NCN_hyperozrbarcd,16.25,27.75,60.97,80.37,91.79,96.98,27.77,16.25,27.75,60.97,80.37,91.79,96.98,99.23,99.11,96.25,0.2,0.0,0.0,0.0,0.05,0.4,0.0001,0.0001,64,512
pubmed_run09zkr755_NCN_hyperi9cvpcjc,16.25,27.75,60.97,80.37,91.79,96.98,27.77,16.25,27.75,60.97,80.37,91.79,96.98,99.23,99.11,96.25,0.2,0.0,0.0,0.0,0.05,0.4,0.001,0.001,64,1024
pubmed_run09zkr755_NCN_hyperj816pfjx,16.25,27.75,60.97,80.37,91.79,96.98,27.77,16.25,27.75,60.97,80.37,91.79,96.98,99.23,99.11,96.25,0.2,0.0,0.0,0.0,0.05,0.4,0.001,0.0001,64,1024
pubmed_run09zkr755_NCN_hyperxq49qim4,16.25,27.75,60.97,80.37,91.79,96.98,27.77,16.25,27.75,60.97,80.37,91.79,96.98,99.23,99.11,96.25,0.2,0.0,0.0,0.0,0.05,0.4,0.0001,0.001,64,1024
pubmed_run09zkr755_NCN_hyperorb4g14c,16.25,27.75,60.97,80.37,91.79,96.98,27.77,16.25,27.75,60.97,80.37,91.79,96.98,99.23,99.11,96.25,0.2,0.0,0.0,0.0,0.05,0.4,0.0001,0.0001,64,1024
pubmed_run09zkr755_NCN_hyperqc1jgqpj,16.25,27.75,60.97,80.37,91.79,96.98,27.77,16.25,27.75,60.97,80.37,91.79,96.98,99.23,99.11,96.25,0.2,0.0,0.0,0.0,0.05,0.4,0.001,0.001,64,2048
pubmed_run09zkr755_NCN_hyper8ogzrtbz,16.25,27.75,60.97,80.37,91.79,96.98,27.77,16.25,27.75,60.97,80.37,91.79,96.98,99.23,99.11,96.25,0.2,0.0,0.0,0.0,0.05,0.4,0.001,0.0001,64,2048
pubmed_run09zkr755_NCN_hyperwo9dv1kh,16.25,27.75,60.97,80.37,91.79,96.98,27.77,16.25,27.75,60.97,80.37,91.79,96.98,99.23,99.11,96.25,0.2,0.0,0.0,0.0,0.05,0.4,0.0001,0.001,64,2048
pubmed_run09zkr755_NCN_hyperjhxlcve6,16.25,27.75,60.97,80.37,91.79,96.98,27.77,16.25,27.75,60.97,80.37,91.79,96.98,99.23,99.11,96.25,0.2,0.0,0.0,0.0,0.05,0.4,0.0001,0.0001,64,2048
pubmed_run09zkr755_NCN_hyperyso58rcx,16.25,27.75,60.97,80.37,91.79,96.98,27.77,16.25,27.75,60.97,80.37,91.79,96.98,99.23,99.11,96.25,0.2,0.0,0.2,0.0,0.0,0.0,0.001,0.001,64,256
pubmed_run09zkr755_NCN_hypersqahhzcd,16.25,27.75,60.97,80.37,91.79,96.98,27.77,16.25,27.75,60.97,80.37,91.79,96.98,99.23,99.11,96.25,0.2,0.0,0.2,0.0,0.0,0.0,0.001,0.0001,64,256
pubmed_run09zkr755_NCN_hyper4zhkegys,16.25,27.75,60.97,80.37,91.79,96.98,27.77,16.25,27.75,60.97,80.37,91.79,96.98,99.23,99.11,96.25,0.2,0.0,0.2,0.0,0.0,0.0,0.0001,0.001,64,256
pubmed_run09zkr755_NCN_hyperdxbl71oz,16.25,27.75,60.97,80.37,91.79,96.98,27.77,16.25,27.75,60.97,80.37,91.79,96.98,99.23,99.11,96.25,0.2,0.0,0.2,0.0,0.0,0.0,0.0001,0.0001,64,256
pubmed_run09zkr755_NCN_hyperfyvb04l4,16.25,27.75,60.97,80.37,91.79,96.98,27.77,16.25,27.75,60.97,80.37,91.79,96.98,99.23,99.11,96.25,0.2,0.0,0.2,0.0,0.0,0.0,0.001,0.001,64,512
pubmed_run09zkr755_NCN_hyperwfijqr36,16.25,27.75,60.97,80.37,91.79,96.98,27.77,16.25,27.75,60.97,80.37,91.79,96.98,99.23,99.11,96.25,0.2,0.0,0.2,0.0,0.0,0.0,0.001,0.0001,64,512
pubmed_run09zkr755_NCN_hyperqnx30gmk,16.25,24.32,60.97,80.37,91.79,96.98,27.77,16.25,24.32,60.97,80.37,91.79,96.98,99.23,99.11,96.25,0.2,0.0,0.2,0.0,0.0,0.0,0.0001,0.001,64,512
pubmed_run09zkr755_NCN_hypery26by5t3,16.25,24.32,60.97,80.37,91.79,96.98,27.77,16.25,24.32,60.97,80.37,91.79,96.98,99.23,99.11,96.25,0.2,0.0,0.2,0.0,0.0,0.0,0.0001,0.0001,64,512
pubmed_run09zkr755_NCN_hyperlpwk9u0z,16.25,24.32,60.97,80.37,91.79,96.98,27.77,16.25,24.32,60.97,80.37,91.79,96.98,99.23,99.11,96.25,0.2,0.0,0.2,0.0,0.0,0.0,0.001,0.001,64,1024
pubmed_run09zkr755_NCN_hypers30x8d3m,16.25,24.32,60.97,80.37,91.79,96.98,27.77,16.25,24.32,60.97,80.37,91.79,96.98,99.23,99.11,96.25,0.2,0.0,0.2,0.0,0.0,0.0,0.001,0.0001,64,1024
pubmed_run09zkr755_NCN_hyperxcoj4kwl,16.25,24.32,60.97,80.37,91.79,96.98,27.77,16.25,24.32,60.97,80.37,91.79,96.98,99.23,99.11,96.25,0.2,0.0,0.2,0.0,0.0,0.0,0.0001,0.001,64,1024
pubmed_run09zkr755_NCN_hyperr6a0e66y,16.25,24.32,60.97,80.37,91.79,96.98,27.77,16.25,24.32,60.97,80.37,91.79,96.98,99.23,99.11,96.25,0.2,0.0,0.2,0.0,0.0,0.0,0.0001,0.0001,64,1024
pubmed_run09zkr755_NCN_hypera55olxhd,16.25,24.32,60.97,80.37,91.79,96.98,27.77,16.25,24.32,60.97,80.37,91.79,96.98,99.23,99.11,96.25,0.2,0.0,0.2,0.0,0.0,0.0,0.001,0.001,64,2048
pubmed_run09zkr755_NCN_hyper88t0l9iq,16.25,24.32,60.97,80.37,91.79,96.98,27.77,16.25,24.32,60.97,80.37,91.79,96.98,99.23,99.11,96.25,0.2,0.0,0.2,0.0,0.0,0.0,0.001,0.0001,64,2048
pubmed_run09zkr755_NCN_hyper1fcioaup,16.25,24.32,60.97,80.37,91.79,96.98,27.77,16.25,24.32,60.97,80.37,91.79,96.98,99.23,99.11,96.25,0.2,0.0,0.2,0.0,0.0,0.0,0.0001,0.001,64,2048
pubmed_run09zkr755_NCN_hyperc3u0jd58,16.25,24.32,60.97,80.37,91.79,96.98,27.77,16.25,24.32,60.97,80.37,91.79,96.98,99.23,99.11,96.25,0.2,0.0,0.2,0.0,0.0,0.0,0.0001,0.0001,64,2048
pubmed_run09zkr755_NCN_hyperqnkz1fa1,16.25,24.32,60.97,80.37,91.79,96.98,27.77,16.25,24.32,60.97,80.37,91.79,96.98,99.23,99.11,96.25,0.2,0.0,0.2,0.0,0.0,0.4,0.001,0.001,64,256
pubmed_run09zkr755_NCN_hyper087dyqze,16.25,24.32,60.97,80.37,91.79,96.98,27.77,16.25,24.32,60.97,80.37,91.79,96.98,99.23,99.11,96.25,0.2,0.0,0.2,0.0,0.0,0.4,0.001,0.0001,64,256
pubmed_run09zkr755_NCN_hypernt98fe3q,16.25,24.32,60.97,80.37,91.79,96.98,27.77,16.25,24.32,60.97,80.37,91.79,96.98,99.23,99.11,96.25,0.2,0.0,0.2,0.0,0.0,0.4,0.0001,0.001,64,256
pubmed_run09zkr755_NCN_hyper442lwxri,16.25,24.32,60.97,80.37,91.79,96.98,27.77,16.25,24.32,60.97,80.37,91.79,96.98,99.23,99.11,96.25,0.2,0.0,0.2,0.0,0.0,0.4,0.0001,0.0001,64,256
pubmed_run09zkr755_NCN_hyperjlfq6730,16.25,24.32,60.97,80.37,91.79,96.98,27.77,16.25,24.32,60.97,80.37,91.79,96.98,99.23,99.11,96.25,0.2,0.0,0.2,0.0,0.0,0.4,0.001,0.001,64,512
pubmed_run09zkr755_NCN_hyperxlcjtoxx,16.25,24.32,60.97,80.37,91.79,96.98,27.77,16.25,24.32,60.97,80.37,91.79,96.98,99.23,99.11,96.25,0.2,0.0,0.2,0.0,0.0,0.4,0.001,0.0001,64,512
pubmed_run09zkr755_NCN_hyper6etdhz0l,16.25,24.32,60.97,80.37,91.79,96.98,27.77,16.25,24.32,60.97,80.37,91.79,96.98,99.23,99.11,96.25,0.2,0.0,0.2,0.0,0.0,0.4,0.0001,0.001,64,512
pubmed_run09zkr755_NCN_hyperz6ko8nyr,16.25,24.32,60.97,80.37,91.79,96.98,27.77,16.25,24.32,60.97,80.37,91.79,96.98,99.23,99.11,96.25,0.2,0.0,0.2,0.0,0.0,0.4,0.0001,0.0001,64,512
pubmed_run09zkr755_NCN_hyperiepawh2b,16.25,24.32,60.97,80.37,91.79,96.98,27.77,16.25,24.32,60.97,80.37,91.79,96.98,99.23,99.11,96.25,0.2,0.0,0.2,0.0,0.0,0.4,0.001,0.001,64,1024
pubmed_run09zkr755_NCN_hypertmzizruz,16.25,24.32,60.97,80.37,91.79,96.98,27.77,16.25,24.32,60.97,80.37,91.79,96.98,99.23,99.11,96.25,0.2,0.0,0.2,0.0,0.0,0.4,0.001,0.0001,64,1024
pubmed_run09zkr755_NCN_hyperynns3uos,16.25,24.32,60.97,80.37,91.79,96.98,27.77,16.25,24.32,60.97,80.37,91.79,96.98,99.23,99.11,96.25,0.2,0.0,0.2,0.0,0.0,0.4,0.0001,0.001,64,1024
pubmed_run09zkr755_NCN_hyperpvf5pnja,16.25,24.32,60.97,80.37,91.79,96.98,27.77,16.25,24.32,60.97,80.37,91.79,96.98,99.23,99.11,96.25,0.2,0.0,0.2,0.0,0.0,0.4,0.0001,0.0001,64,1024
pubmed_run09zkr755_NCN_hyperfgwzvx0y,16.25,24.32,60.97,80.37,91.79,96.98,27.77,16.25,24.32,60.97,80.37,91.79,96.98,99.23,99.11,96.25,0.2,0.0,0.2,0.0,0.0,0.4,0.001,0.001,64,2048
pubmed_run09zkr755_NCN_hyper6ojtcf00,16.25,24.32,60.97,80.37,91.79,96.98,27.77,16.25,24.32,60.97,80.37,91.79,96.98,99.23,99.11,96.25,0.2,0.0,0.2,0.0,0.0,0.4,0.001,0.0001,64,2048
pubmed_run09zkr755_NCN_hyperknhuky04,16.25,24.32,60.97,80.37,91.79,96.98,27.77,16.25,24.32,60.97,80.37,91.79,96.98,99.23,99.11,96.25,0.2,0.0,0.2,0.0,0.0,0.4,0.0001,0.001,64,2048
pubmed_run09zkr755_NCN_hyperse6b3x5v,16.25,24.32,60.97,80.37,91.79,96.98,27.77,16.25,24.32,60.97,80.37,91.79,96.98,99.23,99.11,96.25,0.2,0.0,0.2,0.0,0.0,0.4,0.0001,0.0001,64,2048
pubmed_run09zkr755_NCN_hypert48t5z8q,16.25,24.32,60.97,80.37,91.79,96.98,27.77,16.25,24.32,60.97,80.37,91.79,96.98,99.23,99.11,96.25,0.2,0.0,0.2,0.0,0.05,0.0,0.001,0.001,64,256
pubmed_run09zkr755_NCN_hyperyv6dew9b,16.25,24.32,60.97,80.37,91.79,96.98,27.77,16.25,24.32,60.97,80.37,91.79,96.98,99.23,99.11,96.25,0.2,0.0,0.2,0.0,0.05,0.0,0.001,0.0001,64,256
pubmed_run09zkr755_NCN_hyperyx83z7pm,16.25,24.32,60.97,80.37,91.79,96.98,27.77,16.25,24.32,60.97,80.37,91.79,96.98,99.23,99.11,96.25,0.2,0.0,0.2,0.0,0.05,0.0,0.0001,0.001,64,256
pubmed_run09zkr755_NCN_hyperxsnz4yry,16.25,24.32,60.97,80.37,91.79,96.98,27.77,16.25,24.32,60.97,80.37,91.79,96.98,99.23,99.11,96.25,0.2,0.0,0.2,0.0,0.05,0.0,0.0001,0.0001,64,256
pubmed_run09zkr755_NCN_hyper1s5t415a,16.25,24.32,60.97,80.37,91.79,96.98,27.77,16.25,24.32,60.97,80.37,91.79,96.98,99.23,99.11,96.25,0.2,0.0,0.2,0.0,0.05,0.0,0.001,0.001,64,512
pubmed_run09zkr755_NCN_hyperwuywo8ti,16.25,24.32,60.97,80.37,91.79,96.98,27.77,16.25,24.32,60.97,80.37,91.79,96.98,99.23,99.11,96.25,0.2,0.0,0.2,0.0,0.05,0.0,0.001,0.0001,64,512
pubmed_run09zkr755_NCN_hypercyiuyb47,16.25,24.32,60.97,80.37,91.79,96.98,27.77,16.25,24.32,60.97,80.37,91.79,96.98,99.23,99.11,96.25,0.2,0.0,0.2,0.0,0.05,0.0,0.0001,0.001,64,512
pubmed_run09zkr755_NCN_hyperydiyudmm,16.25,24.32,60.97,80.37,91.79,96.98,27.77,16.25,24.32,60.97,80.37,91.79,96.98,99.23,99.11,96.25,0.2,0.0,0.2,0.0,0.05,0.0,0.0001,0.0001,64,512
pubmed_run09zkr755_NCN_hyperrsqd4nb1,16.25,24.32,60.97,80.37,91.79,96.98,27.77,16.25,24.32,60.97,80.37,91.79,96.98,99.23,99.11,96.25,0.2,0.0,0.2,0.0,0.05,0.0,0.001,0.001,64,1024
pubmed_run09zkr755_NCN_hypervzvhogko,16.25,24.32,60.97,80.37,91.79,96.98,27.77,16.25,24.32,60.97,80.37,91.79,96.98,99.23,99.11,96.25,0.2,0.0,0.2,0.0,0.05,0.0,0.001,0.0001,64,1024
pubmed_run09zkr755_NCN_hyper72wtw1dv,16.25,24.32,60.97,80.37,91.79,96.98,27.77,16.25,24.32,60.97,80.37,91.79,96.98,99.23,99.11,96.25,0.2,0.0,0.2,0.0,0.05,0.0,0.0001,0.001,64,1024
pubmed_run09zkr755_NCN_hyper0skrseyo,16.25,24.32,60.97,80.37,91.79,96.98,27.77,16.25,24.32,60.97,80.37,91.79,96.98,99.23,99.11,96.25,0.2,0.0,0.2,0.0,0.05,0.0,0.0001,0.0001,64,1024
pubmed_run09zkr755_NCN_hyperlqs3ljhx,16.25,24.32,60.97,80.37,91.79,96.98,27.77,16.25,24.32,60.97,80.37,91.79,96.98,99.23,99.11,96.25,0.2,0.0,0.2,0.0,0.05,0.0,0.001,0.001,64,2048
pubmed_run09zkr755_NCN_hyperammrz9j3,16.25,24.32,60.97,80.37,91.79,96.98,27.77,16.25,24.32,60.97,80.37,91.79,96.98,99.23,99.11,96.25,0.2,0.0,0.2,0.0,0.05,0.0,0.001,0.0001,64,2048
pubmed_run09zkr755_NCN_hyperecb1fr57,16.25,24.32,60.97,80.37,91.79,96.98,27.77,16.25,24.32,60.97,80.37,91.79,96.98,99.23,99.11,96.25,0.2,0.0,0.2,0.0,0.05,0.0,0.0001,0.001,64,2048
pubmed_run09zkr755_NCN_hypern2zwn2xq,16.25,24.32,60.97,80.37,91.79,96.98,27.77,16.25,24.32,60.97,80.37,91.79,96.98,99.23,99.11,96.25,0.2,0.0,0.2,0.0,0.05,0.0,0.0001,0.0001,64,2048
pubmed_run09zkr755_NCN_hyper3die4u63,16.25,24.32,60.97,80.37,91.79,96.98,27.77,16.25,24.32,60.97,80.37,91.79,96.98,99.23,99.11,96.25,0.2,0.0,0.2,0.0,0.05,0.4,0.001,0.001,64,256
pubmed_run09zkr755_NCN_hyperujuy21uu,16.25,24.32,60.97,80.37,91.79,96.98,27.77,16.25,24.32,60.97,80.37,91.79,96.98,99.23,99.11,96.25,0.2,0.0,0.2,0.0,0.05,0.4,0.001,0.0001,64,256
pubmed_run09zkr755_NCN_hyper7u7nk3h8,16.25,24.32,60.97,80.37,91.79,97.11,27.77,16.25,24.32,60.97,80.37,91.79,97.11,99.23,99.11,96.25,0.2,0.0,0.2,0.0,0.05,0.4,0.0001,0.001,64,256
pubmed_run09zkr755_NCN_hyper6p15x054,16.25,24.32,60.97,80.37,91.79,97.11,27.77,16.25,24.32,60.97,80.37,91.79,97.11,99.23,99.11,96.25,0.2,0.0,0.2,0.0,0.05,0.4,0.0001,0.0001,64,256
pubmed_run09zkr755_NCN_hyper36wk0kjc,16.25,24.32,60.97,80.37,91.79,97.11,27.77,16.25,24.32,60.97,80.37,91.79,97.11,99.23,99.11,96.25,0.2,0.0,0.2,0.0,0.05,0.4,0.001,0.001,64,512
pubmed_run09zkr755_NCN_hyperf410u0x1,16.25,24.32,60.97,80.37,91.79,97.11,27.77,16.25,24.32,60.97,80.37,91.79,97.11,99.23,99.11,96.25,0.2,0.0,0.2,0.0,0.05,0.4,0.001,0.0001,64,512
pubmed_run09zkr755_NCN_hyperdhi3g1g0,16.25,24.32,60.97,80.37,91.79,97.11,27.77,16.25,24.32,60.97,80.37,91.79,97.11,99.23,99.11,96.25,0.2,0.0,0.2,0.0,0.05,0.4,0.0001,0.001,64,512
pubmed_run09zkr755_NCN_hypern7d4ql66,16.25,24.32,60.97,80.37,91.79,97.11,27.77,16.25,24.32,60.97,80.37,91.79,97.11,99.23,99.11,96.25,0.2,0.0,0.2,0.0,0.05,0.4,0.0001,0.0001,64,512
pubmed_run09zkr755_NCN_hyper0mywtl4n,16.25,24.32,60.97,80.37,91.79,97.11,27.77,16.25,24.32,60.97,80.37,91.79,97.11,99.23,99.11,96.25,0.2,0.0,0.2,0.0,0.05,0.4,0.001,0.001,64,1024
pubmed_run09zkr755_NCN_hyper2oc8plbj,16.25,24.32,60.97,80.37,91.79,97.11,27.77,16.25,24.32,60.97,80.37,91.79,97.11,99.23,99.11,96.25,0.2,0.0,0.2,0.0,0.05,0.4,0.001,0.0001,64,1024
pubmed_run09zkr755_NCN_hyperks6x6jld,16.25,24.32,60.97,80.37,91.79,97.11,27.77,16.25,24.32,60.97,80.37,91.79,97.11,99.23,99.11,96.25,0.2,0.0,0.2,0.0,0.05,0.4,0.0001,0.001,64,1024
pubmed_run09zkr755_NCN_hyperduaik00i,16.25,24.32,60.97,80.37,91.79,97.11,27.77,16.25,24.32,60.97,80.37,91.79,97.11,99.23,99.11,96.25,0.2,0.0,0.2,0.0,0.05,0.4,0.0001,0.0001,64,1024
pubmed_run09zkr755_NCN_hypert5kn4sky,16.25,24.32,60.97,80.37,91.79,97.11,27.77,16.25,24.32,60.97,80.37,91.79,97.11,99.23,99.11,96.25,0.2,0.0,0.2,0.0,0.05,0.4,0.001,0.001,64,2048
pubmed_run09zkr755_NCN_hyperelvrr7gi,16.25,24.32,60.97,80.37,91.79,97.11,27.77,16.25,24.32,60.97,80.37,91.79,97.11,99.23,99.11,96.25,0.2,0.0,0.2,0.0,0.05,0.4,0.001,0.0001,64,2048
pubmed_run09zkr755_NCN_hyperurmkxncy,16.25,24.32,60.97,80.37,91.79,97.11,27.77,16.25,24.32,60.97,80.37,91.79,97.11,99.23,99.11,96.25,0.2,0.0,0.2,0.0,0.05,0.4,0.0001,0.001,64,2048
pubmed_run09zkr755_NCN_hyperooyhfiiy,16.25,24.32,60.97,80.37,91.79,97.11,27.77,16.25,24.32,60.97,80.37,91.79,97.11,99.23,99.11,96.25,0.2,0.0,0.2,0.0,0.05,0.4,0.0001,0.0001,64,2048
pubmed_run09zkr755_NCN_hyper2z70ax36,16.25,24.32,60.97,80.37,91.79,97.11,27.77,16.25,24.32,60.97,80.37,91.79,97.11,99.23,99.11,96.25,0.2,0.3,0.0,0.0,0.0,0.0,0.001,0.001,64,256
pubmed_run09zkr755_NCN_hyperc3zd5z1r,16.25,24.32,60.97,80.37,91.79,97.11,27.77,16.25,24.32,60.97,80.37,91.79,97.11,99.23,99.11,96.25,0.2,0.3,0.0,0.0,0.0,0.0,0.001,0.0001,64,256
pubmed_run09zkr755_NCN_hyper2zm4d5ol,16.25,24.32,60.97,80.37,91.79,97.11,27.77,16.25,24.32,60.97,80.37,91.79,97.11,99.23,99.11,96.25,0.2,0.3,0.0,0.0,0.0,0.0,0.0001,0.001,64,256
pubmed_run09zkr755_NCN_hyperhbzc0ol3,16.25,24.32,60.97,80.37,91.79,97.11,27.77,16.25,24.32,60.97,80.37,91.79,97.11,99.23,99.11,96.25,0.2,0.3,0.0,0.0,0.0,0.0,0.0001,0.0001,64,256
pubmed_run09zkr755_NCN_hyperbpvgjqzn,16.25,24.32,60.97,80.37,91.79,97.11,27.77,16.25,24.32,60.97,80.37,91.79,97.11,99.23,99.11,96.25,0.2,0.3,0.0,0.0,0.0,0.0,0.001,0.001,64,512
pubmed_run09zkr755_NCN_hyper9flu4r2v,16.25,24.32,60.97,80.37,91.79,97.11,27.77,16.25,24.32,60.97,80.37,91.79,97.11,99.23,99.11,96.25,0.2,0.3,0.0,0.0,0.0,0.0,0.001,0.0001,64,512
pubmed_run09zkr755_NCN_hyper1q03ffn7,16.25,24.32,60.97,80.37,91.79,97.11,27.77,16.25,24.32,60.97,80.37,91.79,97.11,99.23,98.93,96.25,0.2,0.3,0.0,0.0,0.0,0.0,0.0001,0.001,64,512
pubmed_run09zkr755_NCN_hyperhamkgfuh,16.25,24.32,60.97,80.37,91.79,97.11,27.77,16.25,24.32,60.97,80.37,91.79,97.11,99.23,98.93,96.25,0.2,0.3,0.0,0.0,0.0,0.0,0.0001,0.0001,64,512
pubmed_run09zkr755_NCN_hypermrzddtm9,16.25,40.75,60.97,80.37,91.79,97.11,27.77,16.25,40.75,60.97,80.37,91.79,97.11,99.23,98.93,96.25,0.2,0.3,0.0,0.0,0.0,0.0,0.001,0.001,64,1024
pubmed_run09zkr755_NCN_hypertti98jzv,16.25,40.75,60.97,80.37,91.79,97.11,27.77,16.25,40.75,60.97,80.37,91.79,97.11,99.23,98.93,96.25,0.2,0.3,0.0,0.0,0.0,0.0,0.001,0.0001,64,1024
pubmed_run09zkr755_NCN_hyperf9ikm46g,16.25,40.75,60.97,80.37,91.79,97.11,27.77,16.25,40.75,60.97,80.37,91.79,97.11,99.23,98.93,96.25,0.2,0.3,0.0,0.0,0.0,0.0,0.0001,0.001,64,1024
pubmed_run09zkr755_NCN_hypermokugw0j,16.25,40.75,60.97,80.37,91.79,97.11,27.77,16.25,40.75,60.97,80.37,91.79,97.11,99.23,98.93,96.25,0.2,0.3,0.0,0.0,0.0,0.0,0.0001,0.0001,64,1024
pubmed_run09zkr755_NCN_hyperjx7qnbh6,16.25,40.75,60.97,80.37,91.79,97.11,27.77,16.25,40.75,60.97,80.37,91.79,97.11,99.23,98.93,96.25,0.2,0.3,0.0,0.0,0.0,0.0,0.001,0.001,64,2048
pubmed_run09zkr755_NCN_hyper96vb39md,16.25,40.75,60.97,80.37,91.79,97.11,27.77,16.25,40.75,60.97,80.37,91.79,97.11,99.23,98.93,96.25,0.2,0.3,0.0,0.0,0.0,0.0,0.001,0.0001,64,2048
pubmed_run09zkr755_NCN_hyper0uq0a404,16.25,40.75,60.97,80.37,91.79,97.11,27.77,16.25,40.75,60.97,80.37,91.79,97.11,99.23,98.93,96.25,0.2,0.3,0.0,0.0,0.0,0.0,0.0001,0.001,64,2048
pubmed_run09zkr755_NCN_hyperemu4rdp3,16.25,40.75,60.97,80.37,91.79,97.11,27.77,16.25,40.75,60.97,80.37,91.79,97.11,99.23,98.93,96.25,0.2,0.3,0.0,0.0,0.0,0.0,0.0001,0.0001,64,2048
pubmed_run09zkr755_NCN_hyperx488erzw,16.25,40.75,60.97,80.37,91.79,97.11,27.77,16.25,40.75,60.97,80.37,91.79,97.11,99.23,98.93,96.25,0.2,0.3,0.0,0.0,0.0,0.4,0.001,0.001,64,256
pubmed_run09zkr755_NCN_hyper6wddw2pc,16.25,40.75,60.97,80.37,91.79,97.11,27.77,16.25,40.75,60.97,80.37,91.79,97.11,99.23,98.93,96.25,0.2,0.3,0.0,0.0,0.0,0.4,0.001,0.0001,64,256
pubmed_run09zkr755_NCN_hypercvon6k24,16.25,40.75,60.97,80.37,91.79,97.11,27.77,16.25,40.75,60.97,80.37,91.79,97.11,99.23,98.93,96.25,0.2,0.3,0.0,0.0,0.0,0.4,0.0001,0.001,64,256
pubmed_run09zkr755_NCN_hypercqvn4se9,16.25,40.75,60.97,80.37,91.79,97.11,27.77,16.25,40.75,60.97,80.37,91.79,97.11,99.23,98.93,96.25,0.2,0.3,0.0,0.0,0.0,0.4,0.0001,0.0001,64,256
pubmed_run09zkr755_NCN_hyperb19y50ry,16.25,40.75,60.97,80.37,91.79,97.11,27.77,16.25,40.75,60.97,80.37,91.79,97.11,99.23,98.93,96.25,0.2,0.3,0.0,0.0,0.0,0.4,0.001,0.001,64,512
pubmed_run09zkr755_NCN_hyper2b2qfq7t,16.25,40.75,60.97,80.37,91.79,97.11,27.77,16.25,40.75,60.97,80.37,91.79,97.11,99.23,98.93,96.25,0.2,0.3,0.0,0.0,0.0,0.4,0.001,0.0001,64,512
pubmed_run09zkr755_NCN_hypersdohivdb,16.25,40.75,60.97,80.37,91.79,97.11,27.77,16.25,40.75,60.97,80.37,91.79,97.11,99.23,98.93,96.25,0.2,0.3,0.0,0.0,0.0,0.4,0.0001,0.001,64,512
pubmed_run09zkr755_NCN_hyper4p9vg2im,16.25,40.75,60.97,80.37,91.79,97.11,27.77,16.25,40.75,60.97,80.37,91.79,97.11,99.23,98.93,96.25,0.2,0.3,0.0,0.0,0.0,0.4,0.0001,0.0001,64,512
pubmed_run09zkr755_NCN_hyper6k2vug2j,16.25,40.75,60.97,80.37,91.79,97.11,27.77,16.25,40.75,60.97,80.37,91.79,97.11,99.23,98.93,96.25,0.2,0.3,0.0,0.0,0.0,0.4,0.001,0.001,64,1024
pubmed_run09zkr755_NCN_hyperd88a16ne,16.25,40.75,60.97,80.37,91.79,97.11,27.77,16.25,40.75,60.97,80.37,91.79,97.11,99.23,98.93,96.25,0.2,0.3,0.0,0.0,0.0,0.4,0.001,0.0001,64,1024
pubmed_run09zkr755_NCN_hypery64u68wa,16.25,40.75,60.97,80.37,91.79,97.11,27.77,16.25,40.75,60.97,80.37,91.79,97.11,99.23,98.93,96.25,0.2,0.3,0.0,0.0,0.0,0.4,0.0001,0.001,64,1024
pubmed_run09zkr755_NCN_hyper90l4zl9n,16.25,40.75,60.97,80.37,91.79,97.11,27.77,16.25,40.75,60.97,80.37,91.79,97.11,99.23,98.93,96.25,0.2,0.3,0.0,0.0,0.0,0.4,0.0001,0.0001,64,1024
pubmed_run09zkr755_NCN_hyperbt1c330c,16.25,40.75,60.97,80.37,91.79,97.11,27.77,16.25,40.75,60.97,80.37,91.79,97.11,99.23,98.93,96.25,0.2,0.3,0.0,0.0,0.0,0.4,0.001,0.001,64,2048
pubmed_run09zkr755_NCN_hypergkdek3kx,16.25,40.75,60.97,80.37,91.79,97.11,27.77,16.25,40.75,60.97,80.37,91.79,97.11,99.23,98.93,96.25,0.2,0.3,0.0,0.0,0.0,0.4,0.001,0.0001,64,2048
pubmed_run09zkr755_NCN_hyperv3tubp0q,16.25,40.75,60.97,80.37,91.79,97.11,27.77,16.25,40.75,60.97,80.37,91.79,97.11,99.23,98.93,96.25,0.2,0.3,0.0,0.0,0.0,0.4,0.0001,0.001,64,2048
pubmed_run09zkr755_NCN_hyperklq89zgl,16.25,40.75,60.97,80.37,91.79,97.11,27.77,16.25,40.75,60.97,80.37,91.79,97.11,99.23,98.93,96.25,0.2,0.3,0.0,0.0,0.0,0.4,0.0001,0.0001,64,2048
pubmed_run09zkr755_NCN_hyper7k3ycrt4,16.25,40.75,60.97,80.37,91.79,97.11,27.77,16.25,40.75,60.97,80.37,91.79,97.11,99.23,98.93,96.25,0.2,0.3,0.0,0.0,0.05,0.0,0.001,0.001,64,256
pubmed_run09zkr755_NCN_hyperoqiqqtnu,16.25,40.75,60.97,80.37,91.79,97.11,27.77,16.25,40.75,60.97,80.37,91.79,97.11,99.23,98.93,96.25,0.2,0.3,0.0,0.0,0.05,0.0,0.001,0.0001,64,256
pubmed_run09zkr755_NCN_hyperakptmcy2,16.25,40.75,60.97,80.37,91.79,97.11,27.77,16.25,40.75,60.97,80.37,91.79,97.11,99.23,98.93,96.25,0.2,0.3,0.0,0.0,0.05,0.0,0.0001,0.001,64,256
pubmed_run09zkr755_NCN_hyperis0igo7j,16.25,40.75,60.97,80.37,91.79,97.11,27.77,16.25,40.75,60.97,80.37,91.79,97.11,99.23,98.93,96.25,0.2,0.3,0.0,0.0,0.05,0.0,0.0001,0.0001,64,256
pubmed_run09zkr755_NCN_hyperwtfo96uz,16.25,40.75,60.97,80.37,91.79,97.11,27.77,16.25,40.75,60.97,80.37,91.79,97.11,99.23,98.93,96.25,0.2,0.3,0.0,0.0,0.05,0.0,0.001,0.001,64,512
pubmed_run09zkr755_NCN_hyperxgds90d8,16.25,40.75,60.97,80.37,91.79,97.11,27.77,16.25,40.75,60.97,80.37,91.79,97.11,99.23,98.93,96.25,0.2,0.3,0.0,0.0,0.05,0.0,0.001,0.0001,64,512
pubmed_run09zkr755_NCN_hyper7e7cfqe8,16.25,40.75,60.97,80.37,91.79,97.11,27.77,16.25,40.75,60.97,80.37,91.79,97.11,99.23,98.93,96.25,0.2,0.3,0.0,0.0,0.05,0.0,0.0001,0.001,64,512
pubmed_run09zkr755_NCN_hyper5hw2gcg1,16.25,40.75,60.97,80.37,91.79,97.11,27.77,16.25,40.75,60.97,80.37,91.79,97.11,99.23,98.93,96.25,0.2,0.3,0.0,0.0,0.05,0.0,0.0001,0.0001,64,512
pubmed_run09zkr755_NCN_hypercnhqvbfj,16.25,40.75,60.97,80.37,91.79,97.11,27.77,16.25,40.75,60.97,80.37,91.79,97.11,99.23,98.93,96.25,0.2,0.3,0.0,0.0,0.05,0.0,0.001,0.001,64,1024
pubmed_run09zkr755_NCN_hyperkduen834,16.25,40.75,60.97,80.37,91.79,97.11,27.77,16.25,40.75,60.97,80.37,91.79,97.11,99.23,98.93,96.25,0.2,0.3,0.0,0.0,0.05,0.0,0.001,0.0001,64,1024
pubmed_run09zkr755_NCN_hyper5xvohp9l,16.25,40.75,60.97,80.37,91.79,97.11,27.77,16.25,40.75,60.97,80.37,91.79,97.11,99.23,98.93,96.25,0.2,0.3,0.0,0.0,0.05,0.0,0.0001,0.001,64,1024
pubmed_run09zkr755_NCN_hyper3hfqvpkg,16.25,40.75,60.97,80.37,91.79,97.11,27.77,16.25,40.75,60.97,80.37,91.79,97.11,99.23,98.93,96.25,0.2,0.3,0.0,0.0,0.05,0.0,0.0001,0.0001,64,1024
Best,19.4,40.75,72.83,83.3,93.01,97.25,28.48,19.4,40.75,72.83,83.3,93.01,97.25,99.3,99.19,96.35,0.2,0.7,0.2,0.0,0.05,0.4,0.001,0.001,64,2048
