Metric,Hits@1,Hits@3,Hits@10,Hits@20,Hits@50,Hits@100,MRR,mrr_hit1,mrr_hit3,mrr_hit10,mrr_hit20,mrr_hit50,mrr_hit100,AUC,AP,ACC,hidden_channels,batch_size,lr,max_hash_hops,label_dropout,feature_dropout,sign_dropout
pubmed_runygm2l1i2_BUDDY_hyperk90dt6c0,0.45,9.54,32.54,47.77,69.65,86.55,10.23,0.45,9.54,32.54,47.77,69.65,86.55,98.82,98.47,76.49,128,512,0.01,2,0.1,0.1,0.1
pubmed_runygm2l1i2_BUDDY_hyperm4ezak5w,7.78,9.54,32.2,55.84,71.98,86.55,17.97,7.78,9.54,32.2,55.84,71.98,86.55,98.82,98.47,54.99,128,512,0.01,2,0.1,0.1,0.3
pubmed_runygm2l1i2_BUDDY_hyperc7h9yyfw,7.78,9.54,32.2,55.84,71.98,86.55,17.97,7.78,9.54,32.2,55.84,71.98,86.55,98.82,98.47,54.99,128,512,0.01,2,0.1,0.1,0.5
pubmed_runygm2l1i2_BUDDY_hyperaamtmwv9,7.78,9.54,32.2,55.84,71.98,86.55,17.97,7.78,9.54,32.2,55.84,71.98,86.55,98.82,98.47,54.99,128,512,0.01,2,0.1,0.3,0.1
pubmed_runygm2l1i2_BUDDY_hyperwnhfaiup,7.78,9.54,32.2,55.84,71.98,86.55,17.97,7.78,9.54,32.2,55.84,71.98,86.55,98.82,98.47,54.99,128,512,0.01,2,0.1,0.3,0.3
pubmed_runygm2l1i2_BUDDY_hyperusjp1ecf,7.78,9.54,32.2,55.84,71.98,86.55,17.97,7.78,9.54,32.2,55.84,71.98,86.55,98.82,98.47,54.99,128,512,0.01,2,0.1,0.3,0.5
pubmed_runygm2l1i2_BUDDY_hyper8m4x9bs4,7.78,9.54,32.2,55.84,71.98,86.55,17.97,7.78,9.54,32.2,55.84,71.98,86.55,98.82,98.47,54.99,128,512,0.01,2,0.1,0.5,0.1
pubmed_runygm2l1i2_BUDDY_hyperf8cy62zg,7.78,9.54,32.2,55.84,71.98,86.55,17.97,7.78,9.54,32.2,55.84,71.98,86.55,98.82,98.47,54.99,128,512,0.01,2,0.1,0.5,0.3
pubmed_runygm2l1i2_BUDDY_hyper11yaxwjh,7.78,9.54,32.2,55.84,71.98,86.55,17.97,7.78,9.54,32.2,55.84,71.98,86.55,98.82,98.47,54.99,128,512,0.01,2,0.1,0.5,0.5
pubmed_runygm2l1i2_BUDDY_hyper7ywxvwjg,7.78,9.54,32.2,55.84,71.98,86.55,17.97,7.78,9.54,32.2,55.84,71.98,86.55,98.82,98.47,54.99,128,512,0.01,2,0.3,0.1,0.1
pubmed_runygm2l1i2_BUDDY_hyperh49n57wb,7.78,9.54,32.2,55.84,71.98,86.55,17.97,7.78,9.54,32.2,55.84,71.98,86.55,98.82,98.47,54.99,128,512,0.01,2,0.3,0.1,0.3
pubmed_runygm2l1i2_BUDDY_hyperg89dtlgw,7.78,9.54,32.2,55.84,71.98,86.55,17.97,7.78,9.54,32.2,55.84,71.98,86.55,98.82,98.47,54.99,128,512,0.01,2,0.3,0.1,0.5
pubmed_runygm2l1i2_BUDDY_hyperduzum1fo,7.78,9.54,32.2,55.84,71.98,86.55,17.97,7.78,9.54,32.2,55.84,71.98,86.55,98.82,98.47,54.99,128,512,0.01,2,0.3,0.3,0.1
pubmed_runygm2l1i2_BUDDY_hyper4blmjnts,7.78,9.54,32.2,55.84,71.98,86.55,17.97,7.78,9.54,32.2,55.84,71.98,86.55,98.82,98.47,54.99,128,512,0.01,2,0.3,0.3,0.3
pubmed_runygm2l1i2_BUDDY_hyperpr12mq24,7.78,9.54,32.2,55.84,71.98,86.55,17.97,7.78,9.54,32.2,55.84,71.98,86.55,98.82,98.47,54.99,128,512,0.01,2,0.3,0.3,0.5
pubmed_runygm2l1i2_BUDDY_hyper30h4jnei,7.78,9.54,32.2,55.84,71.98,86.55,17.97,7.78,9.54,32.2,55.84,71.98,86.55,98.82,98.47,54.99,128,512,0.01,2,0.3,0.5,0.1
pubmed_runygm2l1i2_BUDDY_hyperk9mdd7ej,7.78,9.54,32.2,55.84,71.98,86.55,17.97,7.78,9.54,32.2,55.84,71.98,86.55,98.82,98.47,54.99,128,512,0.01,2,0.3,0.5,0.3
pubmed_runygm2l1i2_BUDDY_hyper03c36l1s,7.78,9.54,32.2,55.84,71.98,86.55,17.97,7.78,9.54,32.2,55.84,71.98,86.55,98.82,98.47,54.99,128,512,0.01,2,0.3,0.5,0.5
pubmed_runygm2l1i2_BUDDY_hyper6rzsxn4z,7.78,9.54,32.2,55.84,71.98,86.55,17.97,7.78,9.54,32.2,55.84,71.98,86.55,98.82,98.47,54.99,128,512,0.01,2,0.5,0.1,0.1
pubmed_runygm2l1i2_BUDDY_hypercq7ctdek,7.78,9.54,32.2,55.84,71.98,86.55,17.97,7.78,9.54,32.2,55.84,71.98,86.55,98.82,98.47,54.99,128,512,0.01,2,0.5,0.1,0.3
pubmed_runygm2l1i2_BUDDY_hyper6vo97lzg,7.78,9.54,32.2,55.84,71.98,86.55,17.97,7.78,9.54,32.2,55.84,71.98,86.55,98.82,98.47,54.99,128,512,0.01,2,0.5,0.1,0.5
pubmed_runygm2l1i2_BUDDY_hyper8wiskn21,7.78,9.54,32.2,55.84,71.98,86.55,17.97,7.78,9.54,32.2,55.84,71.98,86.55,98.82,98.47,54.99,128,512,0.01,2,0.5,0.3,0.1
pubmed_runygm2l1i2_BUDDY_hyperszp2lbok,7.78,9.54,32.2,55.84,71.98,86.55,17.97,7.78,9.54,32.2,55.84,71.98,86.55,98.82,98.47,54.99,128,512,0.01,2,0.5,0.3,0.3
pubmed_runygm2l1i2_BUDDY_hyper768svyvr,7.78,9.54,32.2,55.84,71.98,86.55,17.97,7.78,9.54,32.2,55.84,71.98,86.55,98.82,98.47,54.99,128,512,0.01,2,0.5,0.3,0.5
pubmed_runygm2l1i2_BUDDY_hyper98f56qs0,7.78,9.54,32.2,55.84,71.98,86.55,17.97,7.78,9.54,32.2,55.84,71.98,86.55,98.82,98.47,54.99,128,512,0.01,2,0.5,0.5,0.1
pubmed_runygm2l1i2_BUDDY_hyperntdwdhfq,7.78,9.54,32.2,55.84,71.98,86.55,17.97,7.78,9.54,32.2,55.84,71.98,86.55,98.82,98.47,54.99,128,512,0.01,2,0.5,0.5,0.3
pubmed_runygm2l1i2_BUDDY_hyperd5ut3ed3,7.78,9.54,32.2,55.84,71.98,86.55,17.97,7.78,9.54,32.2,55.84,71.98,86.55,98.82,98.47,54.99,128,512,0.01,2,0.5,0.5,0.5
pubmed_runygm2l1i2_BUDDY_hyper7yn3bvzf,7.78,9.54,32.2,55.84,71.98,86.55,17.97,7.78,9.54,32.2,55.84,71.98,86.55,98.82,98.47,54.99,128,512,0.01,3,0.1,0.1,0.1
pubmed_runygm2l1i2_BUDDY_hypergkdhozf3,7.78,9.54,32.2,55.84,71.98,86.55,17.97,7.78,9.54,32.2,55.84,71.98,86.55,98.82,98.47,54.99,128,512,0.01,3,0.1,0.1,0.3
pubmed_runygm2l1i2_BUDDY_hyper81n7dwdc,7.78,9.54,32.2,55.84,71.98,86.55,17.97,7.78,9.54,32.2,55.84,71.98,86.55,98.82,98.47,54.99,128,512,0.01,3,0.1,0.1,0.5
pubmed_runygm2l1i2_BUDDY_hypergvgqmvu7,7.78,9.54,32.2,55.84,71.98,86.55,17.97,7.78,9.54,32.2,55.84,71.98,86.55,98.82,98.47,54.99,128,512,0.01,3,0.1,0.3,0.1
pubmed_runygm2l1i2_BUDDY_hyper850p1usr,7.78,9.54,32.2,55.84,71.98,86.55,17.97,7.78,9.54,32.2,55.84,71.98,86.55,98.82,98.47,54.99,128,512,0.01,3,0.1,0.3,0.3
pubmed_runygm2l1i2_BUDDY_hyperpyfh8xa0,7.78,9.54,32.2,55.84,71.98,86.55,17.97,7.78,9.54,32.2,55.84,71.98,86.55,98.82,98.47,54.99,128,512,0.01,3,0.1,0.3,0.5
pubmed_runygm2l1i2_BUDDY_hyper8pa94sdt,7.78,9.54,32.2,55.84,71.98,86.55,17.97,7.78,9.54,32.2,55.84,71.98,86.55,98.82,98.47,54.99,128,512,0.01,3,0.1,0.5,0.1
pubmed_runygm2l1i2_BUDDY_hyperxws6uu4j,7.78,9.54,32.2,55.84,71.98,86.55,17.97,7.78,9.54,32.2,55.84,71.98,86.55,98.82,98.47,54.99,128,512,0.01,3,0.1,0.5,0.3
pubmed_runygm2l1i2_BUDDY_hypermhe36mh7,7.78,9.54,32.2,55.84,71.98,86.55,17.97,7.78,9.54,32.2,55.84,71.98,86.55,98.82,98.47,54.99,128,512,0.01,3,0.1,0.5,0.5
pubmed_runygm2l1i2_BUDDY_hyperldd8tca5,7.78,9.54,32.2,55.84,71.98,86.55,17.97,7.78,9.54,32.2,55.84,71.98,86.55,98.82,98.47,54.99,128,512,0.01,3,0.3,0.1,0.1
pubmed_runygm2l1i2_BUDDY_hyperddqa8bcs,7.78,9.54,32.2,55.84,71.98,86.55,17.97,7.78,9.54,32.2,55.84,71.98,86.55,98.82,98.47,54.99,128,512,0.01,3,0.3,0.1,0.3
pubmed_runygm2l1i2_BUDDY_hyper37rr1glc,7.78,9.54,32.2,55.84,71.98,86.55,17.97,7.78,9.54,32.2,55.84,71.98,86.55,98.82,98.47,54.99,128,512,0.01,3,0.3,0.1,0.5
pubmed_runygm2l1i2_BUDDY_hyper2c5a4ku8,7.78,9.54,32.2,55.84,71.98,86.55,17.97,7.78,9.54,32.2,55.84,71.98,86.55,98.82,98.47,54.99,128,512,0.01,3,0.3,0.3,0.1
pubmed_runygm2l1i2_BUDDY_hyper9cku3eax,7.78,9.54,32.2,55.84,71.98,86.55,17.97,7.78,9.54,32.2,55.84,71.98,86.55,98.82,98.47,54.99,128,512,0.01,3,0.3,0.3,0.3
pubmed_runygm2l1i2_BUDDY_hyperb104fznc,7.78,9.54,32.2,55.84,71.98,86.55,17.97,7.78,9.54,32.2,55.84,71.98,86.55,98.82,98.47,54.99,128,512,0.01,3,0.3,0.3,0.5
pubmed_runygm2l1i2_BUDDY_hyper4gt0y44z,7.78,9.54,32.2,55.84,71.98,86.55,17.97,7.78,9.54,32.2,55.84,71.98,86.55,98.82,98.47,54.99,128,512,0.01,3,0.3,0.5,0.1
pubmed_runygm2l1i2_BUDDY_hyperc4ul4iw1,7.78,9.54,32.2,55.84,71.98,86.55,17.97,7.78,9.54,32.2,55.84,71.98,86.55,98.82,98.47,54.99,128,512,0.01,3,0.3,0.5,0.3
pubmed_runygm2l1i2_BUDDY_hyperb1r2hqrs,7.78,9.54,32.2,55.84,71.98,86.55,17.97,7.78,9.54,32.2,55.84,71.98,86.55,98.82,98.47,54.99,128,512,0.01,3,0.3,0.5,0.5
pubmed_runygm2l1i2_BUDDY_hyper3grigrbh,7.78,9.54,32.2,55.84,71.98,86.55,17.97,7.78,9.54,32.2,55.84,71.98,86.55,98.82,98.47,54.99,128,512,0.01,3,0.5,0.1,0.1
pubmed_runygm2l1i2_BUDDY_hyper2e9dez6u,7.78,9.54,32.2,55.84,71.98,86.55,17.97,7.78,9.54,32.2,55.84,71.98,86.55,98.82,98.47,54.99,128,512,0.01,3,0.5,0.1,0.3
pubmed_runygm2l1i2_BUDDY_hyperfdtpxred,7.78,9.54,32.2,55.84,71.98,86.55,17.97,7.78,9.54,32.2,55.84,71.98,86.55,98.82,98.47,54.99,128,512,0.01,3,0.5,0.1,0.5
pubmed_runygm2l1i2_BUDDY_hyperxmko87fy,7.78,9.54,32.2,55.84,71.98,86.55,17.97,7.78,9.54,32.2,55.84,71.98,86.55,98.82,98.47,54.99,128,512,0.01,3,0.5,0.3,0.1
pubmed_runygm2l1i2_BUDDY_hyper4k8g4qqw,7.78,9.54,32.2,55.84,71.98,86.55,17.97,7.78,9.54,32.2,55.84,71.98,86.55,98.82,98.47,54.99,128,512,0.01,3,0.5,0.3,0.3
pubmed_runygm2l1i2_BUDDY_hypercq50z6dt,7.78,9.54,32.2,55.84,71.98,86.55,17.97,7.78,9.54,32.2,55.84,71.98,86.55,98.82,98.47,54.99,128,512,0.01,3,0.5,0.3,0.5
pubmed_runygm2l1i2_BUDDY_hypercj6h4jn2,7.78,9.54,32.2,55.84,71.98,86.55,17.97,7.78,9.54,32.2,55.84,71.98,86.55,98.82,98.47,54.99,128,512,0.01,3,0.5,0.5,0.1
pubmed_runygm2l1i2_BUDDY_hypere06m5hr4,7.78,9.54,32.2,55.84,71.98,86.55,17.97,7.78,9.54,32.2,55.84,71.98,86.55,98.82,98.47,54.99,128,512,0.01,3,0.5,0.5,0.3
pubmed_runygm2l1i2_BUDDY_hyperckq3gc9z,7.78,9.54,32.2,55.84,71.98,86.55,17.97,7.78,9.54,32.2,55.84,71.98,86.55,98.82,98.47,54.99,128,512,0.01,3,0.5,0.5,0.5
pubmed_runygm2l1i2_BUDDY_hyperou3bki0s,7.78,9.54,32.2,55.84,71.98,86.55,17.97,7.78,9.54,32.2,55.84,71.98,86.55,98.82,98.47,54.99,128,512,0.001,2,0.1,0.1,0.1
pubmed_runygm2l1i2_BUDDY_hyperrxjjdpax,7.78,9.54,32.2,55.84,71.98,86.55,17.97,7.78,9.54,32.2,55.84,71.98,86.55,98.82,98.47,54.99,128,512,0.001,2,0.1,0.1,0.3
pubmed_runygm2l1i2_BUDDY_hyperqscz71j4,7.78,9.54,32.2,55.84,71.98,86.55,17.97,7.78,9.54,32.2,55.84,71.98,86.55,98.82,98.47,54.99,128,512,0.001,2,0.1,0.1,0.5
pubmed_runygm2l1i2_BUDDY_hyperwkvnf72p,7.78,9.54,32.2,55.84,71.98,86.55,17.97,7.78,9.54,32.2,55.84,71.98,86.55,98.82,98.47,54.99,128,512,0.001,2,0.1,0.3,0.1
pubmed_runygm2l1i2_BUDDY_hypermg8wem4o,7.78,9.54,32.2,55.84,71.98,86.55,17.97,7.78,9.54,32.2,55.84,71.98,86.55,98.82,98.47,54.99,128,512,0.001,2,0.1,0.3,0.3
pubmed_runygm2l1i2_BUDDY_hyperionwn336,7.78,9.54,32.2,55.84,71.98,86.55,17.97,7.78,9.54,32.2,55.84,71.98,86.55,98.82,98.47,54.99,128,512,0.001,2,0.1,0.3,0.5
pubmed_runygm2l1i2_BUDDY_hyper2j85x5cb,7.78,9.54,32.2,55.84,71.98,86.55,17.97,7.78,9.54,32.2,55.84,71.98,86.55,98.82,98.47,54.99,128,512,0.001,2,0.1,0.5,0.1
pubmed_runygm2l1i2_BUDDY_hyperu371xam7,7.78,9.54,32.2,55.84,71.98,86.55,17.97,7.78,9.54,32.2,55.84,71.98,86.55,98.82,98.47,54.99,128,512,0.001,2,0.1,0.5,0.3
pubmed_runygm2l1i2_BUDDY_hypermfic4ua7,7.78,9.54,32.2,55.84,71.98,86.55,17.97,7.78,9.54,32.2,55.84,71.98,86.55,98.82,98.47,54.99,128,512,0.001,2,0.1,0.5,0.5
pubmed_runygm2l1i2_BUDDY_hyperejui8r2p,7.78,9.54,32.2,55.84,71.98,86.55,17.97,7.78,9.54,32.2,55.84,71.98,86.55,98.82,98.47,54.99,128,512,0.001,2,0.3,0.1,0.1
pubmed_runygm2l1i2_BUDDY_hyper5ilt5hyn,7.78,9.54,32.2,55.84,71.98,86.55,17.97,7.78,9.54,32.2,55.84,71.98,86.55,98.82,98.47,54.99,128,512,0.001,2,0.3,0.1,0.3
pubmed_runygm2l1i2_BUDDY_hyperlhom314d,7.78,9.54,32.2,55.84,71.98,86.55,17.97,7.78,9.54,32.2,55.84,71.98,86.55,98.82,98.47,54.99,128,512,0.001,2,0.3,0.1,0.5
pubmed_runygm2l1i2_BUDDY_hyperl4qd56pq,7.78,9.54,32.2,55.84,71.98,86.55,17.97,7.78,9.54,32.2,55.84,71.98,86.55,98.82,98.47,54.99,128,512,0.001,2,0.3,0.3,0.1
pubmed_runygm2l1i2_BUDDY_hyperj4scr6kz,7.78,9.54,32.2,55.84,71.98,86.55,17.97,7.78,9.54,32.2,55.84,71.98,86.55,98.82,98.47,54.99,128,512,0.001,2,0.3,0.3,0.3
pubmed_runygm2l1i2_BUDDY_hypersryvze56,7.78,9.54,32.2,55.84,71.98,86.55,17.97,7.78,9.54,32.2,55.84,71.98,86.55,98.82,98.47,54.99,128,512,0.001,2,0.3,0.3,0.5
pubmed_runygm2l1i2_BUDDY_hyperqzwq4dm7,7.78,9.54,32.2,55.84,71.98,86.55,17.97,7.78,9.54,32.2,55.84,71.98,86.55,98.82,98.47,54.99,128,512,0.001,2,0.3,0.5,0.1
pubmed_runygm2l1i2_BUDDY_hyperixcnkm91,7.78,9.54,32.2,55.84,71.98,86.55,17.97,7.78,9.54,32.2,55.84,71.98,86.55,98.82,98.47,54.99,128,512,0.001,2,0.3,0.5,0.3
pubmed_runygm2l1i2_BUDDY_hypers47xrnhr,7.78,9.54,32.2,55.84,71.98,86.55,17.97,7.78,9.54,32.2,55.84,71.98,86.55,98.82,98.47,54.99,128,512,0.001,2,0.3,0.5,0.5
pubmed_runygm2l1i2_BUDDY_hyperz6fo1blb,7.78,9.54,32.2,55.84,71.98,86.55,17.97,7.78,9.54,32.2,55.84,71.98,86.55,98.82,98.47,54.99,128,512,0.001,2,0.5,0.1,0.1
pubmed_runygm2l1i2_BUDDY_hypers7ijeegk,7.78,9.54,32.2,55.84,71.98,86.55,17.97,7.78,9.54,32.2,55.84,71.98,86.55,98.82,98.47,54.99,128,512,0.001,2,0.5,0.1,0.3
pubmed_runygm2l1i2_BUDDY_hyperx8m7usyx,7.78,9.54,32.2,55.84,71.98,86.55,17.97,7.78,9.54,32.2,55.84,71.98,86.55,98.82,98.47,54.99,128,512,0.001,2,0.5,0.1,0.5
pubmed_runygm2l1i2_BUDDY_hyper570n0qt5,7.78,9.54,32.2,55.84,71.98,86.55,17.97,7.78,9.54,32.2,55.84,71.98,86.55,98.82,98.47,54.99,128,512,0.001,2,0.5,0.3,0.1
pubmed_runygm2l1i2_BUDDY_hyper64ijb09u,7.78,9.54,32.2,55.84,71.98,86.55,17.97,7.78,9.54,32.2,55.84,71.98,86.55,98.82,98.47,54.99,128,512,0.001,2,0.5,0.3,0.3
pubmed_runygm2l1i2_BUDDY_hyper2xqbu5fd,7.78,9.54,32.2,55.84,71.98,86.55,17.97,7.78,9.54,32.2,55.84,71.98,86.55,98.82,98.47,54.99,128,512,0.001,2,0.5,0.3,0.5
pubmed_runygm2l1i2_BUDDY_hyper77ont464,7.78,9.54,32.2,55.84,71.98,86.55,17.97,7.78,9.54,32.2,55.84,71.98,86.55,98.82,98.47,54.99,128,512,0.001,2,0.5,0.5,0.1
pubmed_runygm2l1i2_BUDDY_hyper7rypmalq,7.78,9.54,32.2,55.84,71.98,86.55,17.97,7.78,9.54,32.2,55.84,71.98,86.55,98.82,98.47,54.99,128,512,0.001,2,0.5,0.5,0.3
pubmed_runygm2l1i2_BUDDY_hypero1qu143n,7.78,9.54,32.2,55.84,71.98,86.55,17.97,7.78,9.54,32.2,55.84,71.98,86.55,98.82,98.47,54.99,128,512,0.001,2,0.5,0.5,0.5
pubmed_runygm2l1i2_BUDDY_hyperfx17ll6i,7.78,9.54,32.2,55.84,71.98,86.55,17.97,7.78,9.54,32.2,55.84,71.98,86.55,98.82,98.47,54.99,128,512,0.001,3,0.1,0.1,0.1
pubmed_runygm2l1i2_BUDDY_hyperdjhixtau,7.78,9.54,32.2,55.84,71.98,86.55,17.97,7.78,9.54,32.2,55.84,71.98,86.55,98.82,98.47,54.99,128,512,0.001,3,0.1,0.1,0.3
pubmed_runygm2l1i2_BUDDY_hyperyg6n7w7w,7.78,9.54,32.2,55.84,71.98,86.55,17.97,7.78,9.54,32.2,55.84,71.98,86.55,98.82,98.47,54.99,128,512,0.001,3,0.1,0.1,0.5
pubmed_runygm2l1i2_BUDDY_hyperbsh8e3mb,7.78,9.54,32.2,55.84,71.98,86.55,17.97,7.78,9.54,32.2,55.84,71.98,86.55,98.82,98.47,54.99,128,512,0.001,3,0.1,0.3,0.1
pubmed_runygm2l1i2_BUDDY_hyper3t1q9xbf,7.78,9.54,32.2,55.84,71.98,86.55,17.97,7.78,9.54,32.2,55.84,71.98,86.55,98.82,98.47,54.99,128,512,0.001,3,0.1,0.3,0.3
pubmed_runygm2l1i2_BUDDY_hypero9nomwxr,7.78,9.54,32.2,55.84,71.98,86.55,17.97,7.78,9.54,32.2,55.84,71.98,86.55,98.82,98.47,54.99,128,512,0.001,3,0.1,0.3,0.5
pubmed_runygm2l1i2_BUDDY_hypergwnehhtj,7.78,9.54,32.2,55.84,71.98,86.55,17.97,7.78,9.54,32.2,55.84,71.98,86.55,98.82,98.47,54.99,128,512,0.001,3,0.1,0.5,0.1
pubmed_runygm2l1i2_BUDDY_hypermj9s8l7s,7.78,9.54,32.2,55.84,71.98,86.55,17.97,7.78,9.54,32.2,55.84,71.98,86.55,98.82,98.47,54.99,128,512,0.001,3,0.1,0.5,0.3
pubmed_runygm2l1i2_BUDDY_hyperawjpqvz9,7.78,9.54,32.2,55.84,71.98,86.55,17.97,7.78,9.54,32.2,55.84,71.98,86.55,98.82,98.47,54.99,128,512,0.001,3,0.1,0.5,0.5
pubmed_runygm2l1i2_BUDDY_hyper87stt7ld,7.78,9.54,32.2,55.84,71.98,86.55,17.97,7.78,9.54,32.2,55.84,71.98,86.55,98.82,98.47,54.99,128,512,0.001,3,0.3,0.1,0.1
pubmed_runygm2l1i2_BUDDY_hyper7bdqkza6,7.78,9.54,32.2,55.84,71.98,86.55,17.97,7.78,9.54,32.2,55.84,71.98,86.55,98.82,98.47,54.99,128,512,0.001,3,0.3,0.1,0.3
pubmed_runygm2l1i2_BUDDY_hyper7nfxu0og,7.78,9.54,32.2,55.84,71.98,86.55,17.97,7.78,9.54,32.2,55.84,71.98,86.55,98.82,98.47,54.99,128,512,0.001,3,0.3,0.1,0.5
pubmed_runygm2l1i2_BUDDY_hyperb3900gpt,7.78,9.54,32.2,55.84,71.98,86.55,17.97,7.78,9.54,32.2,55.84,71.98,86.55,98.82,98.47,54.99,128,512,0.001,3,0.3,0.3,0.1
pubmed_runygm2l1i2_BUDDY_hyper42td0rf4,7.78,9.54,32.2,55.84,71.98,86.55,17.97,7.78,9.54,32.2,55.84,71.98,86.55,98.82,98.47,54.99,128,512,0.001,3,0.3,0.3,0.3
pubmed_runygm2l1i2_BUDDY_hypermk88p4yk,7.78,9.54,32.2,55.84,71.98,86.55,17.97,7.78,9.54,32.2,55.84,71.98,86.55,98.82,98.47,54.99,128,512,0.001,3,0.3,0.3,0.5
pubmed_runygm2l1i2_BUDDY_hypermfnfxtu6,7.78,9.54,32.2,55.84,71.98,86.55,17.97,7.78,9.54,32.2,55.84,71.98,86.55,98.82,98.47,54.99,128,512,0.001,3,0.3,0.5,0.1
pubmed_runygm2l1i2_BUDDY_hyperrhbh8gvn,7.78,9.54,32.2,55.84,71.98,86.55,17.97,7.78,9.54,32.2,55.84,71.98,86.55,98.82,98.47,54.99,128,512,0.001,3,0.3,0.5,0.3
pubmed_runygm2l1i2_BUDDY_hyperj23q4w01,7.78,9.54,32.2,55.84,71.98,86.55,17.97,7.78,9.54,32.2,55.84,71.98,86.55,98.82,98.47,54.99,128,512,0.001,3,0.3,0.5,0.5
pubmed_runygm2l1i2_BUDDY_hyperumvsu0nq,7.78,9.54,32.2,55.84,71.98,86.55,17.97,7.78,9.54,32.2,55.84,71.98,86.55,98.82,98.47,54.99,128,512,0.001,3,0.5,0.1,0.1
pubmed_runygm2l1i2_BUDDY_hyper03da6q9k,7.78,9.54,32.2,55.84,71.98,86.55,17.97,7.78,9.54,32.2,55.84,71.98,86.55,98.82,98.47,54.99,128,512,0.001,3,0.5,0.1,0.3
pubmed_runygm2l1i2_BUDDY_hyperw4p3rhqx,7.78,9.54,32.2,55.84,71.98,86.55,17.97,7.78,9.54,32.2,55.84,71.98,86.55,98.82,98.47,54.99,128,512,0.001,3,0.5,0.1,0.5
pubmed_runygm2l1i2_BUDDY_hyperazcanagc,7.78,9.54,32.2,55.84,71.98,86.55,17.97,7.78,9.54,32.2,55.84,71.98,86.55,98.82,98.47,54.99,128,512,0.001,3,0.5,0.3,0.1
pubmed_runygm2l1i2_BUDDY_hyperxgcso9wo,7.78,9.54,32.2,55.84,71.98,86.55,17.97,7.78,9.54,32.2,55.84,71.98,86.55,98.82,98.47,54.99,128,512,0.001,3,0.5,0.3,0.3
pubmed_runygm2l1i2_BUDDY_hyperuic4gkl3,7.78,9.54,32.2,55.84,71.98,86.55,17.97,7.78,9.54,32.2,55.84,71.98,86.55,98.82,98.47,54.99,128,512,0.001,3,0.5,0.3,0.5
pubmed_runygm2l1i2_BUDDY_hyperebymhke3,7.78,9.54,32.2,55.84,71.98,86.55,17.97,7.78,9.54,32.2,55.84,71.98,86.55,98.82,98.47,54.99,128,512,0.001,3,0.5,0.5,0.1
pubmed_runygm2l1i2_BUDDY_hyperckp1mgzk,7.78,9.54,32.2,55.84,71.98,86.55,17.97,7.78,9.54,32.2,55.84,71.98,86.55,98.82,98.47,54.99,128,512,0.001,3,0.5,0.5,0.3
pubmed_runygm2l1i2_BUDDY_hyperhmu87mxh,7.78,9.54,32.2,55.84,71.98,86.55,17.97,7.78,9.54,32.2,55.84,71.98,86.55,98.82,98.47,54.99,128,512,0.001,3,0.5,0.5,0.5
pubmed_runygm2l1i2_BUDDY_hyperoa3ukee1,7.78,9.54,32.2,55.84,71.98,86.55,17.97,7.78,9.54,32.2,55.84,71.98,86.55,98.82,98.47,54.99,128,512,0.0001,2,0.1,0.1,0.1
pubmed_runygm2l1i2_BUDDY_hyperx272u2sr,7.78,9.54,32.2,55.84,71.98,86.55,17.97,7.78,9.54,32.2,55.84,71.98,86.55,98.82,98.47,54.99,128,512,0.0001,2,0.1,0.1,0.3
pubmed_runygm2l1i2_BUDDY_hyperj4ce7dyl,7.78,9.54,32.2,55.84,71.98,86.55,17.97,7.78,9.54,32.2,55.84,71.98,86.55,98.82,98.47,54.99,128,512,0.0001,2,0.1,0.1,0.5
pubmed_runygm2l1i2_BUDDY_hyperwzmlbfcu,7.78,9.54,32.2,55.84,71.98,86.55,17.97,7.78,9.54,32.2,55.84,71.98,86.55,98.82,98.47,54.99,128,512,0.0001,2,0.1,0.3,0.1
pubmed_runygm2l1i2_BUDDY_hyperkqu44xe7,7.78,9.54,32.2,55.84,71.98,86.55,17.97,7.78,9.54,32.2,55.84,71.98,86.55,98.82,98.47,54.99,128,512,0.0001,2,0.1,0.3,0.3
pubmed_runygm2l1i2_BUDDY_hyperz5eerwl4,7.78,9.54,32.2,55.84,71.98,86.55,17.97,7.78,9.54,32.2,55.84,71.98,86.55,98.82,98.47,54.99,128,512,0.0001,2,0.1,0.3,0.5
pubmed_runygm2l1i2_BUDDY_hyper2gg995qs,7.78,9.54,32.2,55.84,71.98,86.55,17.97,7.78,9.54,32.2,55.84,71.98,86.55,98.82,98.47,54.99,128,512,0.0001,2,0.1,0.5,0.1
pubmed_runygm2l1i2_BUDDY_hyperonsiq29r,7.78,9.54,32.2,55.84,71.98,86.55,17.97,7.78,9.54,32.2,55.84,71.98,86.55,98.82,98.47,54.99,128,512,0.0001,2,0.1,0.5,0.3
pubmed_runygm2l1i2_BUDDY_hyper3hkvr0fq,7.78,9.54,32.2,55.84,71.98,86.55,17.97,7.78,9.54,32.2,55.84,71.98,86.55,98.82,98.47,54.99,128,512,0.0001,2,0.1,0.5,0.5
pubmed_runygm2l1i2_BUDDY_hyperzc1ej89o,7.78,9.54,32.2,55.84,71.98,86.55,17.97,7.78,9.54,32.2,55.84,71.98,86.55,98.82,98.47,54.99,128,512,0.0001,2,0.3,0.1,0.1
pubmed_runygm2l1i2_BUDDY_hypernt06a80c,7.78,9.54,32.2,55.84,71.98,86.55,17.97,7.78,9.54,32.2,55.84,71.98,86.55,98.82,98.47,54.99,128,512,0.0001,2,0.3,0.1,0.3
pubmed_runygm2l1i2_BUDDY_hyperl4jtm3sh,7.78,9.54,32.2,55.84,71.98,86.55,17.97,7.78,9.54,32.2,55.84,71.98,86.55,98.82,98.47,54.99,128,512,0.0001,2,0.3,0.1,0.5
pubmed_runygm2l1i2_BUDDY_hypermbxqrqj1,7.78,9.54,32.2,55.84,71.98,86.55,17.97,7.78,9.54,32.2,55.84,71.98,86.55,98.82,98.47,54.99,128,512,0.0001,2,0.3,0.3,0.1
pubmed_runygm2l1i2_BUDDY_hyperf5svtu5u,7.78,9.54,32.2,55.84,71.98,86.55,17.97,7.78,9.54,32.2,55.84,71.98,86.55,98.82,98.47,54.99,128,512,0.0001,2,0.3,0.3,0.3
pubmed_runygm2l1i2_BUDDY_hyperb232kslx,7.78,9.54,32.2,55.84,71.98,86.55,17.97,7.78,9.54,32.2,55.84,71.98,86.55,98.82,98.47,54.99,128,512,0.0001,2,0.3,0.3,0.5
pubmed_runygm2l1i2_BUDDY_hyperboti7zs6,7.78,9.54,32.2,55.84,71.98,86.55,17.97,7.78,9.54,32.2,55.84,71.98,86.55,98.82,98.47,54.99,128,512,0.0001,2,0.3,0.5,0.1
pubmed_runygm2l1i2_BUDDY_hyperrs71yowo,7.78,9.54,32.2,55.84,71.98,86.55,17.97,7.78,9.54,32.2,55.84,71.98,86.55,98.82,98.47,54.99,128,512,0.0001,2,0.3,0.5,0.3
pubmed_runygm2l1i2_BUDDY_hypers0x5d903,7.78,9.54,32.2,55.84,71.98,86.55,17.97,7.78,9.54,32.2,55.84,71.98,86.55,98.82,98.47,54.99,128,512,0.0001,2,0.3,0.5,0.5
pubmed_runygm2l1i2_BUDDY_hyperbjtslquw,7.78,9.54,32.2,55.84,71.98,86.55,17.97,7.78,9.54,32.2,55.84,71.98,86.55,98.82,98.47,54.99,128,512,0.0001,2,0.5,0.1,0.1
pubmed_runygm2l1i2_BUDDY_hypert5jcy2fu,7.78,9.54,32.2,55.84,71.98,86.55,17.97,7.78,9.54,32.2,55.84,71.98,86.55,98.82,98.47,54.99,128,512,0.0001,2,0.5,0.1,0.3
pubmed_runygm2l1i2_BUDDY_hyperqdtdxxq1,7.78,9.54,32.2,55.84,71.98,86.55,17.97,7.78,9.54,32.2,55.84,71.98,86.55,98.82,98.47,54.99,128,512,0.0001,2,0.5,0.1,0.5
pubmed_runygm2l1i2_BUDDY_hypertzvteyew,7.78,9.54,32.2,55.84,71.98,86.55,17.97,7.78,9.54,32.2,55.84,71.98,86.55,98.82,98.47,54.99,128,512,0.0001,2,0.5,0.3,0.1
pubmed_runygm2l1i2_BUDDY_hyperah7j3lcm,7.78,9.54,32.2,55.84,71.98,86.55,17.97,7.78,9.54,32.2,55.84,71.98,86.55,98.82,98.47,54.99,128,512,0.0001,2,0.5,0.3,0.3
pubmed_runygm2l1i2_BUDDY_hyperhmwhaqfn,7.78,9.54,32.2,55.84,71.98,86.55,17.97,7.78,9.54,32.2,55.84,71.98,86.55,98.82,98.47,54.99,128,512,0.0001,2,0.5,0.3,0.5
pubmed_runygm2l1i2_BUDDY_hyperwhr14o5n,7.78,9.54,32.2,55.84,71.98,86.55,17.97,7.78,9.54,32.2,55.84,71.98,86.55,98.82,98.47,54.99,128,512,0.0001,2,0.5,0.5,0.1
pubmed_runygm2l1i2_BUDDY_hyperfyed1dtd,7.78,9.54,32.2,55.84,71.98,86.55,17.97,7.78,9.54,32.2,55.84,71.98,86.55,98.82,98.47,54.99,128,512,0.0001,2,0.5,0.5,0.3
pubmed_runygm2l1i2_BUDDY_hyperncq3tym6,7.78,9.54,32.2,55.84,71.98,86.55,17.97,7.78,9.54,32.2,55.84,71.98,86.55,98.82,98.47,54.99,128,512,0.0001,2,0.5,0.5,0.5
pubmed_runygm2l1i2_BUDDY_hypertuor0n00,7.78,9.54,32.2,55.84,71.98,86.55,17.97,7.78,9.54,32.2,55.84,71.98,86.55,98.82,98.47,54.99,128,512,0.0001,3,0.1,0.1,0.1
pubmed_runygm2l1i2_BUDDY_hypercuunz2ya,7.78,9.54,32.2,55.84,71.98,86.55,17.97,7.78,9.54,32.2,55.84,71.98,86.55,98.82,98.47,54.99,128,512,0.0001,3,0.1,0.1,0.3
pubmed_runygm2l1i2_BUDDY_hyperonqaieia,7.78,9.54,32.2,55.84,71.98,86.55,17.97,7.78,9.54,32.2,55.84,71.98,86.55,98.82,98.47,54.99,128,512,0.0001,3,0.1,0.1,0.5
pubmed_runygm2l1i2_BUDDY_hypern36i6psq,7.78,9.54,32.2,55.84,71.98,86.55,17.97,7.78,9.54,32.2,55.84,71.98,86.55,98.82,98.47,54.99,128,512,0.0001,3,0.1,0.3,0.1
pubmed_runygm2l1i2_BUDDY_hyper36bjpzap,7.78,9.54,32.2,55.84,71.98,86.55,17.97,7.78,9.54,32.2,55.84,71.98,86.55,98.82,98.47,54.99,128,512,0.0001,3,0.1,0.3,0.3
pubmed_runygm2l1i2_BUDDY_hyperx23ki58s,7.78,9.54,32.2,55.84,71.98,86.55,17.97,7.78,9.54,32.2,55.84,71.98,86.55,98.82,98.47,54.99,128,512,0.0001,3,0.1,0.3,0.5
pubmed_runygm2l1i2_BUDDY_hyperwjlew5o6,7.78,9.54,32.2,55.84,71.98,86.55,17.97,7.78,9.54,32.2,55.84,71.98,86.55,98.82,98.47,54.99,128,512,0.0001,3,0.1,0.5,0.1
pubmed_runygm2l1i2_BUDDY_hyperssx4oi2k,7.78,9.54,32.2,55.84,71.98,86.55,17.97,7.78,9.54,32.2,55.84,71.98,86.55,98.82,98.47,54.99,128,512,0.0001,3,0.1,0.5,0.3
pubmed_runygm2l1i2_BUDDY_hyperr4ocgrx4,7.78,9.54,32.2,55.84,71.98,86.55,17.97,7.78,9.54,32.2,55.84,71.98,86.55,98.82,98.47,54.99,128,512,0.0001,3,0.1,0.5,0.5
pubmed_runygm2l1i2_BUDDY_hypert2hxl82j,7.78,9.54,32.2,55.84,71.98,86.55,17.97,7.78,9.54,32.2,55.84,71.98,86.55,98.82,98.47,54.99,128,512,0.0001,3,0.3,0.1,0.1
pubmed_runygm2l1i2_BUDDY_hypercjto2zx7,7.78,9.54,32.2,55.84,71.98,86.55,17.97,7.78,9.54,32.2,55.84,71.98,86.55,98.82,98.47,54.99,128,512,0.0001,3,0.3,0.1,0.3
pubmed_runygm2l1i2_BUDDY_hypertttn7t1l,7.78,9.54,32.2,55.84,71.98,86.55,17.97,7.78,9.54,32.2,55.84,71.98,86.55,98.82,98.47,54.99,128,512,0.0001,3,0.3,0.1,0.5
pubmed_runygm2l1i2_BUDDY_hyperfttedts6,7.78,9.54,32.2,55.84,71.98,86.55,17.97,7.78,9.54,32.2,55.84,71.98,86.55,98.82,98.47,54.99,128,512,0.0001,3,0.3,0.3,0.1
pubmed_runygm2l1i2_BUDDY_hypers0v13nq6,7.78,9.54,32.2,55.84,71.98,86.55,17.97,7.78,9.54,32.2,55.84,71.98,86.55,98.82,98.47,54.99,128,512,0.0001,3,0.3,0.3,0.3
pubmed_runygm2l1i2_BUDDY_hypernbvccbuq,7.78,9.54,32.2,55.84,71.98,86.55,17.97,7.78,9.54,32.2,55.84,71.98,86.55,98.82,98.47,54.99,128,512,0.0001,3,0.3,0.3,0.5
pubmed_runygm2l1i2_BUDDY_hypery61gxxz4,7.78,9.54,32.2,55.84,71.98,86.55,17.97,7.78,9.54,32.2,55.84,71.98,86.55,98.82,98.47,54.99,128,512,0.0001,3,0.3,0.5,0.1
pubmed_runygm2l1i2_BUDDY_hyperkhp18ah8,7.78,9.54,32.2,55.84,71.98,86.55,17.97,7.78,9.54,32.2,55.84,71.98,86.55,98.82,98.47,54.99,128,512,0.0001,3,0.3,0.5,0.3
pubmed_runygm2l1i2_BUDDY_hyperh6sfakvd,7.78,9.54,32.2,55.84,71.98,86.55,17.97,7.78,9.54,32.2,55.84,71.98,86.55,98.82,98.47,54.99,128,512,0.0001,3,0.3,0.5,0.5
pubmed_runygm2l1i2_BUDDY_hyperh7ub0dtk,7.78,9.54,32.2,55.84,71.98,86.55,17.97,7.78,9.54,32.2,55.84,71.98,86.55,98.82,98.47,54.99,128,512,0.0001,3,0.5,0.1,0.1
pubmed_runygm2l1i2_BUDDY_hypernac012xi,7.78,9.54,32.2,55.84,71.98,86.55,17.97,7.78,9.54,32.2,55.84,71.98,86.55,98.82,98.47,54.99,128,512,0.0001,3,0.5,0.1,0.3
pubmed_runygm2l1i2_BUDDY_hyper7w5ogq63,7.78,9.54,32.2,55.84,71.98,86.55,17.97,7.78,9.54,32.2,55.84,71.98,86.55,98.82,98.47,54.99,128,512,0.0001,3,0.5,0.1,0.5
pubmed_runygm2l1i2_BUDDY_hyperygeacnqw,7.78,9.54,32.2,55.84,71.98,86.55,17.97,7.78,9.54,32.2,55.84,71.98,86.55,98.82,98.47,54.99,128,512,0.0001,3,0.5,0.3,0.1
pubmed_runygm2l1i2_BUDDY_hyperetrl00d7,7.78,9.54,32.2,55.84,71.98,86.55,17.97,7.78,9.54,32.2,55.84,71.98,86.55,98.82,98.47,54.99,128,512,0.0001,3,0.5,0.3,0.3
pubmed_runygm2l1i2_BUDDY_hyperafgsrjja,7.78,9.54,32.2,55.84,71.98,86.55,17.97,7.78,9.54,32.2,55.84,71.98,86.55,98.82,98.47,54.99,128,512,0.0001,3,0.5,0.3,0.5
pubmed_runygm2l1i2_BUDDY_hyper5w7bshmd,7.78,9.54,32.2,55.84,71.98,86.55,17.97,7.78,9.54,32.2,55.84,71.98,86.55,98.82,98.47,54.99,128,512,0.0001,3,0.5,0.5,0.1
pubmed_runygm2l1i2_BUDDY_hyperw7mpa06h,7.78,9.54,32.2,55.84,71.98,86.55,17.97,7.78,9.54,32.2,55.84,71.98,86.55,98.82,98.47,54.99,128,512,0.0001,3,0.5,0.5,0.3
pubmed_runygm2l1i2_BUDDY_hyperd6qdhb59,7.78,9.54,32.2,55.84,71.98,86.55,17.97,7.78,9.54,32.2,55.84,71.98,86.55,98.82,98.47,54.99,128,512,0.0001,3,0.5,0.5,0.5
pubmed_runygm2l1i2_BUDDY_hyperpq49nidf,7.78,9.54,32.2,55.84,71.98,86.55,17.97,7.78,9.54,32.2,55.84,71.98,86.55,98.82,98.47,54.99,128,1024,0.01,2,0.1,0.1,0.1
pubmed_runygm2l1i2_BUDDY_hyper5ym7r10k,7.78,9.54,32.2,55.84,71.98,86.55,17.97,7.78,9.54,32.2,55.84,71.98,86.55,98.82,98.47,54.99,128,1024,0.01,2,0.1,0.1,0.3
pubmed_runygm2l1i2_BUDDY_hyper83uv4ff2,7.78,9.54,32.2,55.84,71.98,86.55,17.97,7.78,9.54,32.2,55.84,71.98,86.55,98.82,98.47,54.99,128,1024,0.01,2,0.1,0.1,0.5
pubmed_runygm2l1i2_BUDDY_hyper7twck6sr,7.78,9.54,32.2,55.84,71.98,86.55,17.97,7.78,9.54,32.2,55.84,71.98,86.55,98.82,98.47,75.39,128,1024,0.01,2,0.1,0.3,0.1
pubmed_runygm2l1i2_BUDDY_hypervqm5ffor,7.78,9.54,32.2,55.84,71.98,86.55,17.97,7.78,9.54,32.2,55.84,71.98,86.55,98.82,98.47,75.39,128,1024,0.01,2,0.1,0.3,0.3
pubmed_runygm2l1i2_BUDDY_hyperwvd2evps,7.78,9.54,32.2,55.84,71.98,86.55,17.97,7.78,9.54,32.2,55.84,71.98,86.55,98.82,98.47,75.39,128,1024,0.01,2,0.1,0.3,0.5
pubmed_runygm2l1i2_BUDDY_hypereyr7w7cv,7.78,9.54,32.2,55.84,71.98,86.55,17.97,7.78,9.54,32.2,55.84,71.98,86.55,98.82,98.47,75.39,128,1024,0.01,2,0.1,0.5,0.1
pubmed_runygm2l1i2_BUDDY_hyper3lbasffi,7.78,9.54,32.2,55.84,71.98,86.55,17.97,7.78,9.54,32.2,55.84,71.98,86.55,98.82,98.47,75.39,128,1024,0.01,2,0.1,0.5,0.3
pubmed_runygm2l1i2_BUDDY_hyper89jkg6z5,7.78,9.54,32.2,55.84,71.98,86.55,17.97,7.78,9.54,32.2,55.84,71.98,86.55,98.82,98.47,75.39,128,1024,0.01,2,0.1,0.5,0.5
pubmed_runygm2l1i2_BUDDY_hyper75xb85up,7.78,9.54,32.2,55.84,71.98,86.55,17.97,7.78,9.54,32.2,55.84,71.98,86.55,98.82,98.47,75.39,128,1024,0.01,2,0.3,0.1,0.1
pubmed_runygm2l1i2_BUDDY_hypery6hab81n,7.78,9.54,32.2,55.84,71.98,86.55,17.97,7.78,9.54,32.2,55.84,71.98,86.55,98.82,98.47,75.39,128,1024,0.01,2,0.3,0.1,0.3
pubmed_runygm2l1i2_BUDDY_hyperkuvd3oqo,7.78,9.54,32.2,55.84,71.98,86.55,17.97,7.78,9.54,32.2,55.84,71.98,86.55,98.82,98.47,75.39,128,1024,0.01,2,0.3,0.1,0.5
pubmed_runygm2l1i2_BUDDY_hyperlk23dmxa,7.78,9.54,32.2,55.84,71.98,86.55,17.97,7.78,9.54,32.2,55.84,71.98,86.55,98.82,98.47,75.39,128,1024,0.01,2,0.3,0.3,0.1
pubmed_runygm2l1i2_BUDDY_hyper1xp7mjuu,7.78,9.54,32.2,55.84,71.98,86.55,17.97,7.78,9.54,32.2,55.84,71.98,86.55,98.82,98.47,75.39,128,1024,0.01,2,0.3,0.3,0.3
pubmed_runygm2l1i2_BUDDY_hyperzdcmmy53,7.78,9.54,32.2,55.84,71.98,86.55,17.97,7.78,9.54,32.2,55.84,71.98,86.55,98.82,98.47,75.39,128,1024,0.01,2,0.3,0.3,0.5
pubmed_runygm2l1i2_BUDDY_hyperdha68hzi,7.78,9.54,32.2,55.84,71.98,86.55,17.97,7.78,9.54,32.2,55.84,71.98,86.55,98.82,98.47,75.39,128,1024,0.01,2,0.3,0.5,0.1
pubmed_runygm2l1i2_BUDDY_hyperb3wcs2w3,7.78,9.54,32.2,55.84,71.98,86.55,17.97,7.78,9.54,32.2,55.84,71.98,86.55,98.82,98.47,75.39,128,1024,0.01,2,0.3,0.5,0.3
pubmed_runygm2l1i2_BUDDY_hyperyjmk0jzg,7.78,9.54,32.2,55.84,71.98,86.55,17.97,7.78,9.54,32.2,55.84,71.98,86.55,98.82,98.47,75.39,128,1024,0.01,2,0.3,0.5,0.5
pubmed_runygm2l1i2_BUDDY_hyperp6rz91ua,7.78,9.54,32.2,55.84,71.98,86.55,17.97,7.78,9.54,32.2,55.84,71.98,86.55,98.82,98.47,75.39,128,1024,0.01,2,0.5,0.1,0.1
pubmed_runygm2l1i2_BUDDY_hyper61b20cn6,7.78,9.54,32.2,55.84,71.98,86.55,17.97,7.78,9.54,32.2,55.84,71.98,86.55,98.82,98.47,75.39,128,1024,0.01,2,0.5,0.1,0.3
pubmed_runygm2l1i2_BUDDY_hyperpf7rn3fg,7.78,9.54,32.2,55.84,71.98,86.55,17.97,7.78,9.54,32.2,55.84,71.98,86.55,98.82,98.47,75.39,128,1024,0.01,2,0.5,0.1,0.5
pubmed_runygm2l1i2_BUDDY_hyperrr11ju3j,7.78,9.54,32.2,55.84,71.98,86.55,17.97,7.78,9.54,32.2,55.84,71.98,86.55,98.82,98.47,75.39,128,1024,0.01,2,0.5,0.3,0.1
pubmed_runygm2l1i2_BUDDY_hyperpvkhe9h0,7.78,9.54,32.2,55.84,71.98,86.55,17.97,7.78,9.54,32.2,55.84,71.98,86.55,98.82,98.47,75.39,128,1024,0.01,2,0.5,0.3,0.3
pubmed_runygm2l1i2_BUDDY_hyperb3i2wrqj,7.78,9.54,32.2,55.84,71.98,86.55,17.97,7.78,9.54,32.2,55.84,71.98,86.55,98.82,98.47,75.39,128,1024,0.01,2,0.5,0.3,0.5
pubmed_runygm2l1i2_BUDDY_hyperaw11jhu2,7.78,9.54,32.2,55.84,71.98,86.55,17.97,7.78,9.54,32.2,55.84,71.98,86.55,98.82,98.47,75.39,128,1024,0.01,2,0.5,0.5,0.1
pubmed_runygm2l1i2_BUDDY_hyper9z0tty6x,7.78,9.54,32.2,55.84,71.98,86.55,17.97,7.78,9.54,32.2,55.84,71.98,86.55,98.82,98.47,75.39,128,1024,0.01,2,0.5,0.5,0.3
pubmed_runygm2l1i2_BUDDY_hyperl6yex6tf,7.78,9.54,32.2,55.84,71.98,86.55,17.97,7.78,9.54,32.2,55.84,71.98,86.55,98.82,98.47,75.39,128,1024,0.01,2,0.5,0.5,0.5
pubmed_runygm2l1i2_BUDDY_hyperl3w9zohn,7.78,9.54,32.2,55.84,71.98,86.55,17.97,7.78,9.54,32.2,55.84,71.98,86.55,98.82,98.47,75.39,128,1024,0.01,3,0.1,0.1,0.1
pubmed_runygm2l1i2_BUDDY_hyperm4rw03sh,7.78,9.54,32.2,55.84,71.98,86.55,17.97,7.78,9.54,32.2,55.84,71.98,86.55,98.82,98.47,75.39,128,1024,0.01,3,0.1,0.1,0.3
pubmed_runygm2l1i2_BUDDY_hyperdjyz4ult,7.78,9.54,32.2,55.84,71.98,86.55,17.97,7.78,9.54,32.2,55.84,71.98,86.55,98.82,98.47,75.39,128,1024,0.01,3,0.1,0.1,0.5
pubmed_runygm2l1i2_BUDDY_hypervnloorv3,7.78,9.54,32.2,55.84,71.98,86.55,17.97,7.78,9.54,32.2,55.84,71.98,86.55,98.82,98.47,75.39,128,1024,0.01,3,0.1,0.3,0.1
pubmed_runygm2l1i2_BUDDY_hyper1x0e7sfw,7.78,9.54,32.2,55.84,71.98,86.55,17.97,7.78,9.54,32.2,55.84,71.98,86.55,98.82,98.47,75.39,128,1024,0.01,3,0.1,0.3,0.3
pubmed_runygm2l1i2_BUDDY_hypert1vc8eeo,7.78,9.54,32.2,55.84,71.98,86.55,17.97,7.78,9.54,32.2,55.84,71.98,86.55,98.82,98.47,75.39,128,1024,0.01,3,0.1,0.3,0.5
pubmed_runygm2l1i2_BUDDY_hyperwfwulaq0,7.78,9.54,32.2,55.84,71.98,86.55,17.97,7.78,9.54,32.2,55.84,71.98,86.55,98.82,98.47,75.39,128,1024,0.01,3,0.1,0.5,0.1
pubmed_runygm2l1i2_BUDDY_hyperwbkq19yl,7.78,9.54,32.2,55.84,71.98,86.55,17.97,7.78,9.54,32.2,55.84,71.98,86.55,98.82,98.47,75.39,128,1024,0.01,3,0.1,0.5,0.3
pubmed_runygm2l1i2_BUDDY_hyper1ejpevtr,7.78,9.54,32.2,55.84,71.98,86.55,17.97,7.78,9.54,32.2,55.84,71.98,86.55,98.82,98.47,75.39,128,1024,0.01,3,0.1,0.5,0.5
pubmed_runygm2l1i2_BUDDY_hyperl8a8rpv8,7.78,9.54,32.2,55.84,71.98,86.55,17.97,7.78,9.54,32.2,55.84,71.98,86.55,98.82,98.47,75.39,128,1024,0.01,3,0.3,0.1,0.1
pubmed_runygm2l1i2_BUDDY_hyperdv2t7djn,7.78,9.54,32.2,55.84,71.98,86.55,17.97,7.78,9.54,32.2,55.84,71.98,86.55,98.82,98.47,75.39,128,1024,0.01,3,0.3,0.1,0.3
pubmed_runygm2l1i2_BUDDY_hyper6026zx0v,7.78,9.54,32.2,55.84,71.98,86.55,17.97,7.78,9.54,32.2,55.84,71.98,86.55,98.82,98.47,75.39,128,1024,0.01,3,0.3,0.1,0.5
pubmed_runygm2l1i2_BUDDY_hypert9akravi,7.78,9.54,32.2,55.84,71.98,86.55,17.97,7.78,9.54,32.2,55.84,71.98,86.55,98.82,98.47,75.39,128,1024,0.01,3,0.3,0.3,0.1
pubmed_runygm2l1i2_BUDDY_hyper54175wp8,7.78,9.54,32.2,55.84,71.98,86.55,17.97,7.78,9.54,32.2,55.84,71.98,86.55,98.82,98.47,75.39,128,1024,0.01,3,0.3,0.3,0.3
pubmed_runygm2l1i2_BUDDY_hyper9ww1m7xs,7.78,9.54,32.2,55.84,71.98,86.55,17.97,7.78,9.54,32.2,55.84,71.98,86.55,98.82,98.47,75.39,128,1024,0.01,3,0.3,0.3,0.5
pubmed_runygm2l1i2_BUDDY_hypermwuw86ol,7.78,9.54,32.2,55.84,71.98,86.55,17.97,7.78,9.54,32.2,55.84,71.98,86.55,98.82,98.47,75.39,128,1024,0.01,3,0.3,0.5,0.1
pubmed_runygm2l1i2_BUDDY_hyperc6z8rfyz,7.78,9.54,32.2,55.84,71.98,86.55,17.97,7.78,9.54,32.2,55.84,71.98,86.55,98.82,98.47,75.39,128,1024,0.01,3,0.3,0.5,0.3
pubmed_runygm2l1i2_BUDDY_hypertvinru4z,7.78,9.54,32.2,55.84,71.98,86.55,17.97,7.78,9.54,32.2,55.84,71.98,86.55,98.82,98.47,75.39,128,1024,0.01,3,0.3,0.5,0.5
pubmed_runygm2l1i2_BUDDY_hyperr2hncgg4,7.78,9.54,32.2,55.84,71.98,86.55,17.97,7.78,9.54,32.2,55.84,71.98,86.55,98.82,98.47,75.39,128,1024,0.01,3,0.5,0.1,0.1
pubmed_runygm2l1i2_BUDDY_hypervm699y4i,7.78,9.54,32.2,55.84,71.98,86.55,17.97,7.78,9.54,32.2,55.84,71.98,86.55,98.82,98.47,75.39,128,1024,0.01,3,0.5,0.1,0.3
pubmed_runygm2l1i2_BUDDY_hypermolxx9ap,7.78,9.54,32.2,55.84,71.98,86.55,17.97,7.78,9.54,32.2,55.84,71.98,86.55,98.82,98.47,75.39,128,1024,0.01,3,0.5,0.1,0.5
pubmed_runygm2l1i2_BUDDY_hypero4i0p0km,7.78,9.54,32.2,55.84,71.98,86.55,17.97,7.78,9.54,32.2,55.84,71.98,86.55,98.82,98.47,75.39,128,1024,0.01,3,0.5,0.3,0.1
pubmed_runygm2l1i2_BUDDY_hyperyejypeg7,7.78,9.54,32.2,55.84,71.98,86.55,17.97,7.78,9.54,32.2,55.84,71.98,86.55,98.82,98.47,75.39,128,1024,0.01,3,0.5,0.3,0.3
pubmed_runygm2l1i2_BUDDY_hyperyvu7wr82,7.78,9.54,32.2,55.84,71.98,86.55,17.97,7.78,9.54,32.2,55.84,71.98,86.55,98.82,98.47,75.39,128,1024,0.01,3,0.5,0.3,0.5
pubmed_runygm2l1i2_BUDDY_hyperaxb3e0ky,7.78,9.54,32.2,55.84,71.98,86.55,17.97,7.78,9.54,32.2,55.84,71.98,86.55,98.82,98.47,75.39,128,1024,0.01,3,0.5,0.5,0.1
pubmed_runygm2l1i2_BUDDY_hyper9q4388xg,7.78,9.54,32.2,55.84,71.98,86.55,17.97,7.78,9.54,32.2,55.84,71.98,86.55,98.82,98.47,75.39,128,1024,0.01,3,0.5,0.5,0.3
pubmed_runygm2l1i2_BUDDY_hyper1l66jvvc,7.78,9.54,32.2,55.84,71.98,86.55,17.97,7.78,9.54,32.2,55.84,71.98,86.55,98.82,98.47,75.39,128,1024,0.01,3,0.5,0.5,0.5
pubmed_runygm2l1i2_BUDDY_hyperovkk0hv4,7.78,9.54,32.2,55.84,71.98,86.55,17.97,7.78,9.54,32.2,55.84,71.98,86.55,98.82,98.47,75.39,128,1024,0.001,2,0.1,0.1,0.1
pubmed_runygm2l1i2_BUDDY_hyperh4pkj05a,7.78,9.54,32.2,55.84,71.98,86.55,17.97,7.78,9.54,32.2,55.84,71.98,86.55,98.82,98.47,75.39,128,1024,0.001,2,0.1,0.1,0.3
pubmed_runygm2l1i2_BUDDY_hyperp71dno6m,7.78,9.54,32.2,55.84,71.98,86.55,17.97,7.78,9.54,32.2,55.84,71.98,86.55,98.82,98.47,75.39,128,1024,0.001,2,0.1,0.1,0.5
pubmed_runygm2l1i2_BUDDY_hyper6liyew71,7.78,9.54,32.2,55.84,71.98,86.55,17.97,7.78,9.54,32.2,55.84,71.98,86.55,98.82,98.47,75.39,128,1024,0.001,2,0.1,0.3,0.1
pubmed_runygm2l1i2_BUDDY_hyper3ht1vryb,7.78,9.54,32.2,55.84,71.98,86.55,17.97,7.78,9.54,32.2,55.84,71.98,86.55,98.82,98.47,75.39,128,1024,0.001,2,0.1,0.3,0.3
pubmed_runygm2l1i2_BUDDY_hyper2a6uq8wn,7.78,9.54,32.2,55.84,71.98,86.55,17.97,7.78,9.54,32.2,55.84,71.98,86.55,98.82,98.47,75.39,128,1024,0.001,2,0.1,0.3,0.5
pubmed_runygm2l1i2_BUDDY_hypercryxe4ik,7.78,9.54,32.2,55.84,71.98,86.55,17.97,7.78,9.54,32.2,55.84,71.98,86.55,98.82,98.47,75.39,128,1024,0.001,2,0.1,0.5,0.1
pubmed_runygm2l1i2_BUDDY_hyper3cwip7tm,7.78,9.54,32.2,55.84,71.98,86.55,17.97,7.78,9.54,32.2,55.84,71.98,86.55,98.82,98.47,75.39,128,1024,0.001,2,0.1,0.5,0.3
pubmed_runygm2l1i2_BUDDY_hyperhs2wgcta,7.78,9.54,32.2,55.84,71.98,86.55,17.97,7.78,9.54,32.2,55.84,71.98,86.55,98.82,98.47,75.39,128,1024,0.001,2,0.1,0.5,0.5
pubmed_runygm2l1i2_BUDDY_hypertgorr1i0,7.78,9.54,32.2,55.84,71.98,86.55,17.97,7.78,9.54,32.2,55.84,71.98,86.55,98.82,98.47,75.39,128,1024,0.001,2,0.3,0.1,0.1
pubmed_runygm2l1i2_BUDDY_hyper09px6ztc,7.78,9.54,32.2,55.84,71.98,86.55,17.97,7.78,9.54,32.2,55.84,71.98,86.55,98.82,98.47,75.39,128,1024,0.001,2,0.3,0.1,0.3
pubmed_runygm2l1i2_BUDDY_hyperliwju6y9,7.78,9.54,32.2,55.84,71.98,86.55,17.97,7.78,9.54,32.2,55.84,71.98,86.55,98.82,98.47,75.39,128,1024,0.001,2,0.3,0.1,0.5
pubmed_runygm2l1i2_BUDDY_hyper5k1pn4wo,7.78,9.54,32.2,55.84,71.98,86.55,17.97,7.78,9.54,32.2,55.84,71.98,86.55,98.82,98.47,75.39,128,1024,0.001,2,0.3,0.3,0.1
pubmed_runygm2l1i2_BUDDY_hyperin64xtok,7.78,9.54,32.2,55.84,71.98,86.55,17.97,7.78,9.54,32.2,55.84,71.98,86.55,98.82,98.47,75.39,128,1024,0.001,2,0.3,0.3,0.3
pubmed_runygm2l1i2_BUDDY_hyperfuvamra3,7.78,9.54,32.2,55.84,71.98,86.55,17.97,7.78,9.54,32.2,55.84,71.98,86.55,98.82,98.47,75.39,128,1024,0.001,2,0.3,0.3,0.5
pubmed_runygm2l1i2_BUDDY_hypero30fxhi4,7.78,9.54,32.2,55.84,71.98,86.55,17.97,7.78,9.54,32.2,55.84,71.98,86.55,98.82,98.47,75.39,128,1024,0.001,2,0.3,0.5,0.1
pubmed_runygm2l1i2_BUDDY_hypervqm64ejh,7.78,9.54,32.2,55.84,71.98,86.55,17.97,7.78,9.54,32.2,55.84,71.98,86.55,98.82,98.47,75.39,128,1024,0.001,2,0.3,0.5,0.3
pubmed_runygm2l1i2_BUDDY_hyperorgts60i,7.78,9.54,32.2,55.84,71.98,86.55,17.97,7.78,9.54,32.2,55.84,71.98,86.55,98.82,98.47,75.39,128,1024,0.001,2,0.3,0.5,0.5
pubmed_runygm2l1i2_BUDDY_hyper2x1ddctx,7.78,9.54,32.2,55.84,71.98,86.55,17.97,7.78,9.54,32.2,55.84,71.98,86.55,98.82,98.47,75.39,128,1024,0.001,2,0.5,0.1,0.1
pubmed_runygm2l1i2_BUDDY_hypertjkypz3y,7.78,9.54,32.2,55.84,71.98,86.55,17.97,7.78,9.54,32.2,55.84,71.98,86.55,98.82,98.47,75.39,128,1024,0.001,2,0.5,0.1,0.3
pubmed_runygm2l1i2_BUDDY_hyper1jfek1kc,7.78,9.54,32.2,55.84,71.98,86.55,17.97,7.78,9.54,32.2,55.84,71.98,86.55,98.82,98.47,75.39,128,1024,0.001,2,0.5,0.1,0.5
pubmed_runygm2l1i2_BUDDY_hypersslb417j,7.78,9.54,32.2,55.84,71.98,86.55,17.97,7.78,9.54,32.2,55.84,71.98,86.55,98.82,98.47,75.39,128,1024,0.001,2,0.5,0.3,0.1
pubmed_runygm2l1i2_BUDDY_hyperm4bzttn6,7.78,9.54,32.2,55.84,71.98,86.55,17.97,7.78,9.54,32.2,55.84,71.98,86.55,98.82,98.47,75.39,128,1024,0.001,2,0.5,0.3,0.3
pubmed_runygm2l1i2_BUDDY_hyperlle21zp5,7.78,9.54,32.2,55.84,71.98,86.55,17.97,7.78,9.54,32.2,55.84,71.98,86.55,98.82,98.47,75.39,128,1024,0.001,2,0.5,0.3,0.5
pubmed_runygm2l1i2_BUDDY_hyperru5pje55,7.78,9.54,32.2,55.84,71.98,86.55,17.97,7.78,9.54,32.2,55.84,71.98,86.55,98.82,98.47,75.39,128,1024,0.001,2,0.5,0.5,0.1
pubmed_runygm2l1i2_BUDDY_hyper6dxcofru,7.78,9.54,32.2,55.84,71.98,86.55,17.97,7.78,9.54,32.2,55.84,71.98,86.55,98.82,98.47,75.39,128,1024,0.001,2,0.5,0.5,0.3
pubmed_runygm2l1i2_BUDDY_hyper8ztgn6om,7.78,9.54,32.2,55.84,71.98,86.55,17.97,7.78,9.54,32.2,55.84,71.98,86.55,98.82,98.47,75.39,128,1024,0.001,2,0.5,0.5,0.5
pubmed_runygm2l1i2_BUDDY_hyperxqhrb5lt,7.78,9.54,32.2,55.84,71.98,86.55,17.97,7.78,9.54,32.2,55.84,71.98,86.55,98.82,98.47,75.39,128,1024,0.001,3,0.1,0.1,0.1
pubmed_runygm2l1i2_BUDDY_hyperuznntn4n,7.78,9.54,32.2,55.84,71.98,86.55,17.97,7.78,9.54,32.2,55.84,71.98,86.55,98.82,98.47,75.39,128,1024,0.001,3,0.1,0.1,0.3
pubmed_runygm2l1i2_BUDDY_hyperdjzmrqto,7.78,9.54,32.2,55.84,71.98,86.55,17.97,7.78,9.54,32.2,55.84,71.98,86.55,98.82,98.47,75.39,128,1024,0.001,3,0.1,0.1,0.5
pubmed_runygm2l1i2_BUDDY_hypercpidqdvt,7.78,9.54,32.2,55.84,71.98,86.55,17.97,7.78,9.54,32.2,55.84,71.98,86.55,98.82,98.47,75.39,128,1024,0.001,3,0.1,0.3,0.1
pubmed_runygm2l1i2_BUDDY_hyperahvzcc2f,7.78,9.54,32.2,55.84,71.98,86.55,17.97,7.78,9.54,32.2,55.84,71.98,86.55,98.82,98.47,75.39,128,1024,0.001,3,0.1,0.3,0.3
pubmed_runygm2l1i2_BUDDY_hyperf6wswf48,7.78,9.54,32.2,55.84,71.98,86.55,17.97,7.78,9.54,32.2,55.84,71.98,86.55,98.82,98.47,75.39,128,1024,0.001,3,0.1,0.3,0.5
pubmed_runygm2l1i2_BUDDY_hypernzbjn73b,7.78,9.54,32.2,55.84,71.98,86.55,17.97,7.78,9.54,32.2,55.84,71.98,86.55,98.82,98.47,75.39,128,1024,0.001,3,0.1,0.5,0.1
pubmed_runygm2l1i2_BUDDY_hyper5yqycg2e,7.78,9.54,32.2,55.84,71.98,86.55,17.97,7.78,9.54,32.2,55.84,71.98,86.55,98.82,98.47,75.39,128,1024,0.001,3,0.1,0.5,0.3
pubmed_runygm2l1i2_BUDDY_hyperohhiw63b,7.78,9.54,32.2,55.84,71.98,86.55,17.97,7.78,9.54,32.2,55.84,71.98,86.55,98.82,98.47,75.39,128,1024,0.001,3,0.1,0.5,0.5
pubmed_runygm2l1i2_BUDDY_hypervngpu13e,7.78,9.54,32.2,55.84,71.98,86.55,17.97,7.78,9.54,32.2,55.84,71.98,86.55,98.82,98.47,75.39,128,1024,0.001,3,0.3,0.1,0.1
pubmed_runygm2l1i2_BUDDY_hyperc8fb4zlk,7.78,9.54,32.2,55.84,71.98,86.55,17.97,7.78,9.54,32.2,55.84,71.98,86.55,98.82,98.47,75.39,128,1024,0.001,3,0.3,0.1,0.3
pubmed_runygm2l1i2_BUDDY_hyperm9jo7ud3,7.78,9.54,32.2,55.84,71.98,86.55,17.97,7.78,9.54,32.2,55.84,71.98,86.55,98.82,98.47,75.39,128,1024,0.001,3,0.3,0.1,0.5
pubmed_runygm2l1i2_BUDDY_hyper9ucwgc5z,7.78,9.54,32.2,55.84,71.98,86.55,17.97,7.78,9.54,32.2,55.84,71.98,86.55,98.82,98.47,75.39,128,1024,0.001,3,0.3,0.3,0.1
pubmed_runygm2l1i2_BUDDY_hypern1euwwxe,7.78,9.54,32.2,55.84,71.98,86.55,17.97,7.78,9.54,32.2,55.84,71.98,86.55,98.82,98.47,75.39,128,1024,0.001,3,0.3,0.3,0.3
pubmed_runygm2l1i2_BUDDY_hyperat3c6kr6,7.78,9.54,32.2,55.84,71.98,86.55,17.97,7.78,9.54,32.2,55.84,71.98,86.55,98.82,98.47,75.39,128,1024,0.001,3,0.3,0.3,0.5
pubmed_runygm2l1i2_BUDDY_hyper9kbt078d,7.78,9.54,32.2,55.84,71.98,86.55,17.97,7.78,9.54,32.2,55.84,71.98,86.55,98.82,98.47,75.39,128,1024,0.001,3,0.3,0.5,0.1
pubmed_runygm2l1i2_BUDDY_hyperc5s67gbg,7.78,9.54,32.2,55.84,71.98,86.55,17.97,7.78,9.54,32.2,55.84,71.98,86.55,98.82,98.47,75.39,128,1024,0.001,3,0.3,0.5,0.3
pubmed_runygm2l1i2_BUDDY_hypergrjvhls4,7.78,9.54,32.2,55.84,71.98,86.55,17.97,7.78,9.54,32.2,55.84,71.98,86.55,98.82,98.47,75.39,128,1024,0.001,3,0.3,0.5,0.5
pubmed_runygm2l1i2_BUDDY_hyper9dolgthj,7.78,9.54,32.2,55.84,71.98,86.55,17.97,7.78,9.54,32.2,55.84,71.98,86.55,98.82,98.47,75.39,128,1024,0.001,3,0.5,0.1,0.1
pubmed_runygm2l1i2_BUDDY_hyperhgio0p3p,7.78,9.54,32.2,55.84,71.98,86.55,17.97,7.78,9.54,32.2,55.84,71.98,86.55,98.82,98.47,75.39,128,1024,0.001,3,0.5,0.1,0.3
pubmed_runygm2l1i2_BUDDY_hypertixxuyf4,7.78,9.54,32.2,55.84,71.98,86.55,17.97,7.78,9.54,32.2,55.84,71.98,86.55,98.82,98.47,75.39,128,1024,0.001,3,0.5,0.1,0.5
pubmed_runygm2l1i2_BUDDY_hyperz67hyi1t,7.78,9.54,32.2,55.84,71.98,86.55,17.97,7.78,9.54,32.2,55.84,71.98,86.55,98.82,98.47,75.39,128,1024,0.001,3,0.5,0.3,0.1
pubmed_runygm2l1i2_BUDDY_hyperq79kgfr5,7.78,9.54,32.2,55.84,71.98,86.55,17.97,7.78,9.54,32.2,55.84,71.98,86.55,98.82,98.47,75.39,128,1024,0.001,3,0.5,0.3,0.3
pubmed_runygm2l1i2_BUDDY_hypergv528lsl,7.78,9.54,32.2,55.84,71.98,86.55,17.97,7.78,9.54,32.2,55.84,71.98,86.55,98.82,98.47,75.39,128,1024,0.001,3,0.5,0.3,0.5
pubmed_runygm2l1i2_BUDDY_hypernj6b3baf,7.78,9.54,32.2,55.84,71.98,86.55,17.97,7.78,9.54,32.2,55.84,71.98,86.55,98.82,98.47,75.39,128,1024,0.001,3,0.5,0.5,0.1
pubmed_runygm2l1i2_BUDDY_hyper4i9f46o8,7.78,9.54,32.2,55.84,71.98,86.55,17.97,7.78,9.54,32.2,55.84,71.98,86.55,98.82,98.47,75.39,128,1024,0.001,3,0.5,0.5,0.3
pubmed_runygm2l1i2_BUDDY_hyperxs97x3k8,7.78,9.54,32.2,55.84,71.98,86.55,17.97,7.78,9.54,32.2,55.84,71.98,86.55,98.82,98.47,75.39,128,1024,0.001,3,0.5,0.5,0.5
pubmed_runygm2l1i2_BUDDY_hyper0l9uaq8k,7.78,9.54,32.2,55.84,71.98,86.55,17.97,7.78,9.54,32.2,55.84,71.98,86.55,98.82,98.47,75.39,128,1024,0.0001,2,0.1,0.1,0.1
pubmed_runygm2l1i2_BUDDY_hyperf9omn87a,7.78,9.54,32.2,55.84,71.98,86.55,17.97,7.78,9.54,32.2,55.84,71.98,86.55,98.82,98.47,75.39,128,1024,0.0001,2,0.1,0.1,0.3
pubmed_runygm2l1i2_BUDDY_hyperezaju8r3,7.78,9.54,32.2,55.84,71.98,86.55,17.97,7.78,9.54,32.2,55.84,71.98,86.55,98.82,98.47,75.39,128,1024,0.0001,2,0.1,0.1,0.5
pubmed_runygm2l1i2_BUDDY_hyper25xj9q1i,7.78,9.54,32.2,55.84,71.98,86.55,17.97,7.78,9.54,32.2,55.84,71.98,86.55,98.82,98.47,75.39,128,1024,0.0001,2,0.1,0.3,0.1
pubmed_runygm2l1i2_BUDDY_hyperkv9vh71u,7.78,9.54,32.2,55.84,71.98,86.55,17.97,7.78,9.54,32.2,55.84,71.98,86.55,98.82,98.47,75.39,128,1024,0.0001,2,0.1,0.3,0.3
pubmed_runygm2l1i2_BUDDY_hyperlbysta9g,7.78,9.54,32.2,55.84,71.98,86.55,17.97,7.78,9.54,32.2,55.84,71.98,86.55,98.82,98.47,75.39,128,1024,0.0001,2,0.1,0.3,0.5
pubmed_runygm2l1i2_BUDDY_hyperrm3xotel,7.78,9.54,32.2,55.84,71.98,86.55,17.97,7.78,9.54,32.2,55.84,71.98,86.55,98.82,98.47,75.39,128,1024,0.0001,2,0.1,0.5,0.1
pubmed_runygm2l1i2_BUDDY_hyper1f7ls1vl,0.0,9.54,32.2,55.84,71.98,86.55,17.97,0.0,9.54,32.2,55.84,71.98,86.55,98.82,98.47,75.39,128,1024,0.0001,2,0.1,0.5,0.3
pubmed_runygm2l1i2_BUDDY_hyperyj9iv4tl,0.0,9.54,32.2,55.84,71.98,86.55,17.97,0.0,9.54,32.2,55.84,71.98,86.55,98.82,98.47,75.39,128,1024,0.0001,2,0.1,0.5,0.5
pubmed_runygm2l1i2_BUDDY_hypertg8ouuam,0.0,9.54,32.2,55.84,71.98,86.55,17.97,0.0,9.54,32.2,55.84,71.98,86.55,98.82,98.47,75.39,128,1024,0.0001,2,0.3,0.1,0.1
pubmed_runygm2l1i2_BUDDY_hyperke6uuenm,0.0,9.54,32.2,55.84,71.98,86.55,17.97,0.0,9.54,32.2,55.84,71.98,86.55,98.82,98.47,75.39,128,1024,0.0001,2,0.3,0.1,0.3
pubmed_runygm2l1i2_BUDDY_hyperj8zj8h3f,0.0,9.54,32.2,55.84,71.98,86.55,17.97,0.0,9.54,32.2,55.84,71.98,86.55,98.82,98.47,75.39,128,1024,0.0001,2,0.3,0.1,0.5
pubmed_runygm2l1i2_BUDDY_hyperlyck8fid,0.0,9.54,32.2,55.84,71.98,86.55,17.97,0.0,9.54,32.2,55.84,71.98,86.55,98.82,98.47,75.39,128,1024,0.0001,2,0.3,0.3,0.1
pubmed_runygm2l1i2_BUDDY_hyper87yxcqz5,0.0,9.54,32.2,55.84,71.98,86.55,17.97,0.0,9.54,32.2,55.84,71.98,86.55,98.82,98.47,75.39,128,1024,0.0001,2,0.3,0.3,0.3
pubmed_runygm2l1i2_BUDDY_hyper45o3j211,0.0,9.54,32.2,55.84,71.98,86.55,17.97,0.0,9.54,32.2,55.84,71.98,86.55,98.82,98.47,75.39,128,1024,0.0001,2,0.3,0.3,0.5
pubmed_runygm2l1i2_BUDDY_hyper1iun9lwy,0.0,9.54,32.2,55.84,71.98,86.55,17.97,0.0,9.54,32.2,55.84,71.98,86.55,98.82,98.47,75.39,128,1024,0.0001,2,0.3,0.5,0.1
pubmed_runygm2l1i2_BUDDY_hyperaprlg4sw,0.0,9.54,32.2,55.84,71.98,86.55,17.97,0.0,9.54,32.2,55.84,71.98,86.55,98.82,98.47,75.39,128,1024,0.0001,2,0.3,0.5,0.3
pubmed_runygm2l1i2_BUDDY_hyper3hslwt9i,0.0,9.54,32.2,55.84,71.98,86.55,17.97,0.0,9.54,32.2,55.84,71.98,86.55,98.82,98.47,75.39,128,1024,0.0001,2,0.3,0.5,0.5
pubmed_runygm2l1i2_BUDDY_hyper075yp1st,0.0,9.54,32.2,55.84,71.98,86.55,17.97,0.0,9.54,32.2,55.84,71.98,86.55,98.82,98.47,75.39,128,1024,0.0001,2,0.5,0.1,0.1
pubmed_runygm2l1i2_BUDDY_hypertcvu1mz3,0.0,9.54,32.2,55.84,71.98,86.55,17.97,0.0,9.54,32.2,55.84,71.98,86.55,98.82,98.47,75.39,128,1024,0.0001,2,0.5,0.1,0.3
pubmed_runygm2l1i2_BUDDY_hyper464k0pmg,0.0,9.54,32.2,55.84,71.98,86.55,17.97,0.0,9.54,32.2,55.84,71.98,86.55,98.82,98.47,75.39,128,1024,0.0001,2,0.5,0.1,0.5
pubmed_runygm2l1i2_BUDDY_hyper4wqzujqk,0.0,9.54,32.2,55.84,71.98,86.55,17.97,0.0,9.54,32.2,55.84,71.98,86.55,98.82,98.47,75.39,128,1024,0.0001,2,0.5,0.3,0.1
pubmed_runygm2l1i2_BUDDY_hypergozfscaf,0.0,9.54,32.2,55.84,71.98,86.55,17.97,0.0,9.54,32.2,55.84,71.98,86.55,98.82,98.47,75.39,128,1024,0.0001,2,0.5,0.3,0.3
pubmed_runygm2l1i2_BUDDY_hyper6g5xxmow,0.0,9.54,32.2,55.84,71.98,86.55,17.97,0.0,9.54,32.2,55.84,71.98,86.55,98.82,98.47,75.39,128,1024,0.0001,2,0.5,0.3,0.5
pubmed_runygm2l1i2_BUDDY_hyper4sxaf8hl,0.0,9.54,32.2,55.84,71.98,86.55,17.97,0.0,9.54,32.2,55.84,71.98,86.55,98.82,98.47,75.39,128,1024,0.0001,2,0.5,0.5,0.1
pubmed_runygm2l1i2_BUDDY_hyperxn5quyvp,0.0,9.54,32.2,55.84,71.98,86.55,17.97,0.0,9.54,32.2,55.84,71.98,86.55,98.82,98.47,75.39,128,1024,0.0001,2,0.5,0.5,0.3
pubmed_runygm2l1i2_BUDDY_hyperzq78193e,0.0,9.54,32.2,55.84,71.98,86.55,17.97,0.0,9.54,32.2,55.84,71.98,86.55,98.82,98.47,75.39,128,1024,0.0001,2,0.5,0.5,0.5
pubmed_runygm2l1i2_BUDDY_hyperxhjwtq07,0.0,9.54,32.2,55.84,71.98,86.55,17.97,0.0,9.54,32.2,55.84,71.98,86.55,98.82,98.47,75.39,128,1024,0.0001,3,0.1,0.1,0.1
pubmed_runygm2l1i2_BUDDY_hyperlrbede9o,0.0,9.54,32.2,55.84,71.98,86.55,17.97,0.0,9.54,32.2,55.84,71.98,86.55,98.82,98.47,75.39,128,1024,0.0001,3,0.1,0.1,0.3
pubmed_runygm2l1i2_BUDDY_hyperk92vemm0,0.0,9.54,32.2,55.84,71.98,86.55,17.97,0.0,9.54,32.2,55.84,71.98,86.55,98.82,98.47,75.39,128,1024,0.0001,3,0.1,0.1,0.5
pubmed_runygm2l1i2_BUDDY_hypergw4qgg7o,0.0,9.54,32.2,55.84,71.98,86.55,17.97,0.0,9.54,32.2,55.84,71.98,86.55,98.82,98.47,75.39,128,1024,0.0001,3,0.1,0.3,0.1
pubmed_runygm2l1i2_BUDDY_hyperfx4judwv,0.0,9.54,32.2,55.84,71.98,86.55,17.97,0.0,9.54,32.2,55.84,71.98,86.55,98.82,98.47,75.39,128,1024,0.0001,3,0.1,0.3,0.3
pubmed_runygm2l1i2_BUDDY_hyper628pdjlj,0.0,9.54,32.2,55.84,71.98,86.55,17.97,0.0,9.54,32.2,55.84,71.98,86.55,98.82,98.47,75.39,128,1024,0.0001,3,0.1,0.3,0.5
pubmed_runygm2l1i2_BUDDY_hyperdn4952rs,0.0,9.54,32.2,55.84,71.98,86.55,17.97,0.0,9.54,32.2,55.84,71.98,86.55,98.82,98.47,75.39,128,1024,0.0001,3,0.1,0.5,0.1
pubmed_runygm2l1i2_BUDDY_hypero74t1p51,0.0,9.54,32.2,55.84,71.98,86.55,17.97,0.0,9.54,32.2,55.84,71.98,86.55,98.82,98.47,75.39,128,1024,0.0001,3,0.1,0.5,0.3
pubmed_runygm2l1i2_BUDDY_hyperqk7ekuy8,0.0,9.54,32.2,55.84,71.98,86.55,17.97,0.0,9.54,32.2,55.84,71.98,86.55,98.82,98.47,75.39,128,1024,0.0001,3,0.1,0.5,0.5
pubmed_runygm2l1i2_BUDDY_hyperxmhh8h8w,0.0,9.54,32.2,55.84,71.98,86.55,17.97,0.0,9.54,32.2,55.84,71.98,86.55,98.82,98.47,75.39,128,1024,0.0001,3,0.3,0.1,0.1
pubmed_runygm2l1i2_BUDDY_hyper5bikk63g,0.0,9.54,32.2,55.84,71.98,86.55,17.97,0.0,9.54,32.2,55.84,71.98,86.55,98.82,98.47,75.39,128,1024,0.0001,3,0.3,0.1,0.3
pubmed_runygm2l1i2_BUDDY_hypersihdaq0x,0.0,9.54,32.2,55.84,71.98,86.55,17.97,0.0,9.54,32.2,55.84,71.98,86.55,98.82,98.47,75.39,128,1024,0.0001,3,0.3,0.1,0.5
pubmed_runygm2l1i2_BUDDY_hypergeycg5tt,0.0,9.54,32.2,55.84,71.98,86.55,17.97,0.0,9.54,32.2,55.84,71.98,86.55,98.82,98.47,75.39,128,1024,0.0001,3,0.3,0.3,0.1
pubmed_runygm2l1i2_BUDDY_hyper0pgy7bmd,0.0,9.54,32.2,55.84,71.98,86.55,17.97,0.0,9.54,32.2,55.84,71.98,86.55,98.82,98.47,75.39,128,1024,0.0001,3,0.3,0.3,0.3
pubmed_runygm2l1i2_BUDDY_hyperny397c1a,0.0,9.54,32.2,55.84,71.98,86.55,17.97,0.0,9.54,32.2,55.84,71.98,86.55,98.82,98.47,75.39,128,1024,0.0001,3,0.3,0.3,0.5
pubmed_runygm2l1i2_BUDDY_hypermxo7r1s1,0.0,9.54,32.2,55.84,71.98,86.55,17.97,0.0,9.54,32.2,55.84,71.98,86.55,98.82,98.47,75.39,128,1024,0.0001,3,0.3,0.5,0.1
pubmed_runygm2l1i2_BUDDY_hyperivu56qtg,0.0,9.54,32.2,55.84,71.98,86.55,17.97,0.0,9.54,32.2,55.84,71.98,86.55,98.82,98.47,75.39,128,1024,0.0001,3,0.3,0.5,0.3
pubmed_runygm2l1i2_BUDDY_hyperlubvileu,0.0,9.54,32.2,55.84,71.98,86.55,17.97,0.0,9.54,32.2,55.84,71.98,86.55,98.82,98.47,75.39,128,1024,0.0001,3,0.3,0.5,0.5
pubmed_runygm2l1i2_BUDDY_hyperefp2mu95,0.0,9.54,32.2,55.84,71.98,86.55,17.97,0.0,9.54,32.2,55.84,71.98,86.55,98.82,98.47,75.39,128,1024,0.0001,3,0.5,0.1,0.1
pubmed_runygm2l1i2_BUDDY_hyperr9h4jvix,0.0,9.54,32.2,55.84,71.98,86.55,17.97,0.0,9.54,32.2,55.84,71.98,86.55,98.82,98.47,75.39,128,1024,0.0001,3,0.5,0.1,0.3
pubmed_runygm2l1i2_BUDDY_hyperomyv0u5e,0.0,9.54,32.2,55.84,71.98,86.55,17.97,0.0,9.54,32.2,55.84,71.98,86.55,98.82,98.47,75.39,128,1024,0.0001,3,0.5,0.1,0.5
pubmed_runygm2l1i2_BUDDY_hyperrvqex73i,0.0,9.54,32.2,55.84,71.98,86.55,17.97,0.0,9.54,32.2,55.84,71.98,86.55,98.82,98.47,75.39,128,1024,0.0001,3,0.5,0.3,0.1
pubmed_runygm2l1i2_BUDDY_hyper4co9tyrw,0.0,9.54,32.2,55.84,71.98,86.55,17.97,0.0,9.54,32.2,55.84,71.98,86.55,98.82,98.47,75.39,128,1024,0.0001,3,0.5,0.3,0.3
pubmed_runygm2l1i2_BUDDY_hyper6t6r3wfb,0.0,9.54,32.2,55.84,71.98,86.55,17.97,0.0,9.54,32.2,55.84,71.98,86.55,98.82,98.47,75.39,128,1024,0.0001,3,0.5,0.3,0.5
pubmed_runygm2l1i2_BUDDY_hyperqrimpvxj,0.0,9.54,32.2,55.84,71.98,86.55,17.97,0.0,9.54,32.2,55.84,71.98,86.55,98.82,98.47,75.39,128,1024,0.0001,3,0.5,0.5,0.1
pubmed_runygm2l1i2_BUDDY_hyperivijmq24,0.0,9.54,32.2,55.84,71.98,86.55,17.97,0.0,9.54,32.2,55.84,71.98,86.55,98.82,98.47,75.39,128,1024,0.0001,3,0.5,0.5,0.3
pubmed_runygm2l1i2_BUDDY_hyperagw8fw4z,0.0,9.54,32.2,55.84,71.98,86.55,17.97,0.0,9.54,32.2,55.84,71.98,86.55,98.82,98.47,75.39,128,1024,0.0001,3,0.5,0.5,0.5
pubmed_runygm2l1i2_BUDDY_hyperiwx45hn7,0.0,9.54,32.2,55.84,71.98,86.55,17.97,0.0,9.54,32.2,55.84,71.98,86.55,98.82,98.47,75.39,256,512,0.01,2,0.1,0.1,0.1
Best,7.78,9.54,32.54,55.84,71.98,86.55,17.97,7.78,9.54,32.54,55.84,71.98,86.55,98.82,98.47,76.49,256,1024,0.01,3,0.5,0.5,0.5
